id,omega,power,period,period_hours
10003298,50.68860719422797,0.8413822005359018,0.12395655858334706,2.974957406000329
10004892,9.34227411351902,0.6319690909630796,0.6725541587446373,16.141299809871295
10013411,11.31471266682464,0.31364374294479985,0.5553110796708282,13.327465912099875
10021274,10.890763104895841,0.7789650514715284,0.5769279201707215,13.846270084097316
10022663,10.200626760943159,0.661189944971166,0.6159607104964437,14.78305705191465
10025796,45.554935027919875,0.8461684032679379,0.13792545864303668,3.3102110074328803
10028253,7.535937451592773,0.5287825263776815,0.8337629322880846,20.01031037491403
10030349,11.527016593424095,0.6958439988238455,0.5450833922425342,13.082001413820821
10032668,17.53065288581943,0.9167482344485147,0.3584113693941236,8.601872865458967
10038903,12.650242356868853,0.5967219139881401,0.4966849748746458,11.9204393969915
10040133,10.291209014294033,0.7475486105579617,0.6105390822839688,14.652937974815252
10040491,22.14637990343078,0.3830745502263686,0.2837116194419763,6.809078866607432
10045187,11.031103369172856,0.7381444258017598,0.569588108904714,13.670114613713135
10045615,22.03967749744509,0.8763783410914755,0.28508517458605975,6.842044190065434
10046720,10.036378396774886,0.8025134688138938,0.626041093587966,15.024986246111183
10047498,12.820606844230015,0.7219792225169004,0.4900848597511879,11.762036634028508
1004849,13.704831269117866,0.54674248662753,0.45846498828029814,11.003159718727154
1005497,9.61312167442519,0.7134345459000104,0.6536050951997634,15.686522284794322
10064356,10.000778935795458,0.6644259449355235,0.6282695925504751,15.078470221211402
10066464,9.448396134364232,0.8032637568119918,0.6650001987456226,15.96000476989494
10071455,21.3849611772491,0.5073710178945704,0.293813266954354,7.051518406904496
10084768,9.722971358034254,0.7383952630205335,0.6462206948689286,15.509296676854287
10085065,18.61735151347472,0.9099708739748436,0.3374908242255614,8.099779781413474
10086396,9.360612692520583,0.7865029575938635,0.6712365433301224,16.109677039922936
10089441,20.985645469869425,0.9374709706063071,0.2994039576338407,7.185694983212176
1009459,51.106008075157476,0.7917455192136384,0.12294416143674171,2.950659874481801
10099492,33.361879310198056,0.7637108916171647,0.18833427364084201,4.520022567380209
10100966,10.1976077564307,0.7821374843439555,0.6161430658300575,14.78743357992138
10101561,44.93351950353277,0.8611448238894218,0.13983292153835375,3.35599011692049
10102166,51.52465980122247,0.6202606613808905,0.12194520704104701,2.9266849689851284
10113493,15.992082071131033,0.9206209994917088,0.39289351312935145,9.429444315104435
10114059,11.407709320945704,0.7746891278789841,0.5507841346941602,13.218819232659845
10116555,12.26165440932998,0.7023924226086224,0.5124255746760132,12.298213792224317
10123919,10.019086012167108,0.7648089631697191,0.6271216056583734,15.05091853580096
10127760,45.779224422247424,0.840446143887474,0.13724971068155828,3.2939930563573987
10127904,22.909711214316044,0.3001054642739278,0.2742585992639352,6.582206382334444
10132759,19.65703529120395,0.20067578188080737,0.3196405365355965,7.671372876854315
1013374,30.145410664743867,0.7851276318001014,0.2084292490507683,5.002301977218439
10135800,22.348345855785436,0.7231478724259455,0.28114766738107483,6.747544017145795
1013889,12.452542369416784,0.6769194761506497,0.5045704821379267,12.10969157131024
10141859,9.12468624927637,0.7376927147192145,0.688591929139248,16.526206299341954
1014960,22.066370330540497,0.7167415295822672,0.28474031809769257,6.833767634344621
10157893,61.2244851054429,0.7751408343795996,0.10262536787950882,2.4630088291082117
10164624,42.36361617687866,0.8715962994932313,0.1483156036761763,3.559574488228231
10166691,39.26375404924941,0.7341792849537581,0.1600250780732389,3.8406018737577337
10178590,126.71478285044779,0.6790853016276474,0.04958525884541168,1.1900462122898803
10178648,47.683495107227486,0.642256645893477,0.13176855624887343,3.1624453499729626
10183351,16.77277914632294,0.9110004670523639,0.37460609552931695,8.990546292703607
1018967,63.160063914724574,0.6275455991005423,0.09948035067954991,2.387528416309198
1019294,16.241849085016426,0.5433616386333979,0.3868516001035871,9.28443840248609
10195209,44.99004598925389,0.8556443731879465,0.13965723237269767,3.351773576944744
10212012,7.08807654920518,0.7234025563167802,0.8864443355770685,21.274664053849644
10215128,11.555522198569795,0.7501826971381657,0.5437387596345273,13.049730231228656
10215434,17.663911294543027,0.799711626246683,0.35570747624398863,8.536979429855727
10223525,12.842217976852247,0.7179490126750219,0.48926013547697594,11.742243251447423
10232710,16.24382865573659,0.7343687544607544,0.3868044560394109,9.283306944945862
10235783,10.701178792920878,0.7521561365039684,0.5871488953474999,14.091573488339998
10237955,19.337785079324313,0.8561525883219486,0.32491752708005217,7.798020649921252
10241512,20.245427225775583,0.8896316647983208,0.3103508380983985,7.448420114361563
10247574,5.865930671404277,0.153071142817164,1.0711318730392394,25.707164952941746
10250985,34.85067561297698,0.8692661105363892,0.18028876619080472,4.326930388579314
10256108,13.29064813357609,0.6819424712592413,0.47275236271633814,11.346056705192115
10256156,11.608763378399912,0.7130005265565108,0.5412450148540823,12.989880356497974
10260828,16.506207640491503,0.6654959854763784,0.38065589892170365,9.135741574120887
10264978,59.81063796458821,0.6620777056240029,0.10505130058802652,2.5212312141126363
10275547,10.83847802506691,0.5931720148069844,0.5797110343950527,13.913064825481264
10278022,15.825449187583025,0.6269000240046706,0.39703045598917364,9.528730943740168
10281107,5.657505655629901,0.22621934715232808,1.1105928459703895,26.65422830328935
10290982,20.487022486156235,0.8102966353138145,0.3066909948200303,7.360583875680728
10294963,38.29259595508433,0.6587461902739866,0.16408355585370887,3.938005340489013
10298947,13.779561158850457,0.7702644070754078,0.4559786218695337,10.94348692486881
10304077,49.51997338402829,0.8548299714678932,0.126881839342953,3.045164144230872
10307294,9.808682950085043,0.6876173452956761,0.6405737996786929,15.373771192288629
10309167,19.381759140770797,0.9529558870386963,0.3241803420187229,7.78032820844935
10312182,11.838512530423417,0.773650032544154,0.5307411121990729,12.73778669277775
10321095,18.767499637639634,0.6243616009262118,0.33479075148498655,8.034978035639677
1032186,19.20132827944746,0.772356165787657,0.327226596813353,7.853438323520471
10322215,6.329473792498777,0.8601792505541792,0.9926868351403796,23.82448404336911
10324405,11.025711795243916,0.6663768624441198,0.569866637534451,13.676799300826824
1032465,13.415274571944078,0.15723562082186793,0.4683605448016601,11.240653075239843
10325207,10.226109768256974,0.7628496214020779,0.6144257640068875,14.7462183361653
10330471,10.556073702385405,0.6830965123159737,0.5952199164505403,14.285277994812967
10333591,10.296260499147364,0.6339487177788156,0.6102395435410651,14.645749044985564
10336985,41.022020726703914,0.6599474864052839,0.15316615797742628,3.6759877914582306
10337573,50.07108251070932,0.8101016323551302,0.12548530992585838,3.011647438220601
10337889,20.37764650453509,0.8638154804795762,0.308337143142671,7.4000914354241045
10341978,11.235526015027162,0.685356211615374,0.5592248461510413,13.421396307624992
10343059,149.4022273525634,0.5830244078292535,0.04205549956328534,1.0093319895188482
1034627,10.128290221859272,0.6247899025266832,0.6203599195468323,14.888638069123976
10348090,47.11060632385648,0.8582572732580537,0.13337092849084867,3.2009022837803682
10351118,11.314143752291566,0.7124321883663587,0.555339002644985,13.32813606347964
10352672,46.88253125088053,0.8020618648698593,0.13401975404349734,3.2164740970439363
10355826,10.146410209207184,0.7789022193582424,0.6192520485203741,14.862049164488978
10357287,49.302591114515174,0.7317177095276797,0.12744127976125283,3.0585907142700677
10361086,6.489508106429082,0.2247057310351748,0.9682067121473977,23.236961091537545
10363777,56.54226527883471,0.3426686559261711,0.11112369262523253,2.6669686230055807
10366574,50.594285758542725,0.5777956122146194,0.12418764714192423,2.980503531406182
10368252,12.041016537953867,0.7042255095693634,0.5218151878933711,12.523564509440906
10370011,45.47848749390519,0.8832580734492187,0.1381573058695417,3.315775340869001
10372468,40.8677699505328,0.8303662993186716,0.15374426632000926,3.6898623916802222
10375048,45.847428824922,0.6718700983302439,0.13704553272056422,3.2890927852935414
10375682,18.371538649500696,0.9197439776207574,0.3420064822578348,8.208155574188035
10375719,3.4565551974730058,0.7720549169543455,1.817759285826841,43.626222859844184
10380706,19.691911065162735,0.19254989421694313,0.3190744304292165,7.657786330301196
10384548,9.833945298847235,0.8673839331815232,0.6389282344204336,15.334277626090405
10388951,55.31528890962905,0.5543029156538338,0.11358858339228228,2.726126001414775
10392533,17.246828086487035,0.6784644563585711,0.3643096154070492,8.74343076976918
10397082,12.631514501761323,0.6743554383499275,0.49742137463432956,11.93811299122391
10397805,10.995645732755868,0.7372671616301535,0.5714248585203203,13.714196604487688
10399422,11.385654912783256,0.7584349679268632,0.5518510226517698,13.244424543642474
10403458,21.27961425531399,0.8766254563433861,0.29526781979191824,7.086427675006037
10404134,35.37200603044902,0.20383667933655855,0.17763157966700782,4.263157912008188
10405664,23.515229143814203,0.8169075990742246,0.26719643124687176,6.412714349924922
10412814,4.0844601363844255,0.6476940029850252,1.5383147582244439,36.91955419738665
10414344,12.334169477124329,0.6852440394942096,0.5094129214644528,12.225910115146867
10418431,53.908030143794456,0.7989375082257346,0.11655379153012635,2.7972909967230324
10420063,12.891329798882598,0.7083945703926345,0.48739621165569774,11.697509079736745
10420155,67.19663987515608,0.6012988868573128,0.09350445675338899,2.244106962081336
10424071,48.00698325602605,0.7959546773852442,0.1308806527931724,3.1411356670361377
10426009,42.437381517255446,0.8704063707323229,0.14805779910395234,3.553387178494856
10429339,1.8712915860220771,0.7045445708620325,3.357673039366436,80.58415294479447
10438847,9.747256496803555,0.6439848014558541,0.6446106460048577,15.470655504116586
10442149,12.091313482409184,0.7431136128474337,0.5196445627119467,12.47146950508672
10442257,7.907006947252932,0.7041752265994364,0.7946351064434695,19.071242554643266
104455,11.249947397389667,0.5069929306460679,0.5585079721028277,13.404191330467864
10445917,13.113357040292435,0.6753953237647612,0.47914392080332374,11.49945409927977
10446485,11.358169592950887,0.39675812237033886,0.5531864316481997,13.276474359556794
10450530,22.3062933541278,0.7478829421067478,0.2816776955018785,6.760264692045084
1045095,31.49478524523137,0.6707802889963753,0.19949922688013644,4.7879814451232745
10452608,10.559771323667022,0.7068694974408116,0.5950114935820093,14.280275845968223
10455393,3.9270218844775604,0.3584154649481207,1.5999873420658268,38.399696209579844
10455515,15.692450253858805,0.736053803813203,0.40039542617855606,9.609490228285345
10456555,40.00959104056576,0.8889589850801777,0.15704197778000428,3.769007466720103
1045890,29.492477371233942,0.6483406488287861,0.2130436595098658,5.1130478282367795
10463586,11.893106866228615,0.7112112177511251,0.5283047884671053,12.679314923210526
10471777,40.760135724043145,0.7599938664309664,0.15415025479106365,3.6996061149855275
10476202,13.329319465939198,0.678353975380623,0.4713808025409845,11.313139260983629
10480983,19.1495203587266,0.8906970609941322,0.32811188946130887,7.874685347071413
10481330,41.0359643480493,0.5016835859317943,0.15311411360747676,3.6747387265794424
10481905,12.962502280831146,0.7452963225869048,0.48472009269931743,11.633282224783619
1048500,49.35493407068951,0.5400139719311817,0.12730612299431662,3.0553469518635987
10488093,11.19919710496925,0.7235678745334281,0.561038907368783,13.464933776850792
10494061,10.908342900194553,0.7330662939413756,0.5759981479008626,13.823955549620702
10495321,11.994269774689519,0.6775264540137999,0.5238489232948933,12.57237415907744
1049602,20.8044655672249,0.9076417612958023,0.30201137764759695,7.248273063542326
10498524,8.830243790934038,0.6462866016471446,0.7115528694270591,17.07726886624942
10503746,10.954765601427294,0.6233219750226211,0.5735572567943353,13.765374163064049
1050401,47.159650384569645,0.767837771404053,0.13323222831260442,3.1975734795025064
10505581,9.855312728982598,0.7512123119114402,0.6375429659073054,15.301031181775329
10509093,36.200005283884806,0.7118917871108843,0.17356862955974978,4.165647109433994
1051321,19.01223845936397,0.8884813339219642,0.33048109093566364,7.931546182455927
10513982,34.76777565746548,0.8590962563676475,0.18071864502008875,4.33724748048213
1051415,6.29664721847332,0.7645854474707313,0.9978620508936503,23.94868922144761
10517655,11.898188721676975,0.6495819538532215,0.5280791433180436,12.673899439633047
1051858,9.940411863964641,0.6301315710933545,0.6320850074589963,15.170040179015912
10519762,35.1992040768121,0.8328968274130892,0.17850361881673085,4.284086851601541
1052008,413.1860870251513,0.5738744950805067,0.015206672016517144,0.36496012839641145
10521151,8.470338854595335,0.8852557905925651,0.7417867708764482,17.802882501034755
10522254,8.35698634742924,0.582322413934704,0.7518482196769901,18.044357272247762
10524523,46.47617532158326,0.7977183152576022,0.1351915312244231,3.2445967493861545
10527628,20.467231780509774,0.5294374899159912,0.3069875484169209,7.367701162006101
10528075,50.80416313932808,0.8222505705306598,0.1236746148135191,2.9681907555244584
10528528,6.284439414575696,0.7081545680418567,0.9998004424399094,23.995210618557827
10533068,10.341502680095104,0.7341403186816129,0.6075698572580948,14.581676574194274
10534584,4.095638389356209,0.2509803264508554,1.5341162255702063,36.818789413684954
10543030,20.286841660463676,0.8468535647304976,0.3097172744944655,7.433214587867172
10550819,21.296701516281505,0.23704723821804677,0.29503091370163775,7.080741928839306
10554431,10.561153344456732,0.833507017402747,0.5949336310392144,14.278407144941145
10559406,12.913819294967245,0.6952202244412992,0.4865474081419321,11.67713779540637
10561150,55.819358288665924,0.8524741810558017,0.11256283661819491,2.701508078836678
10569367,13.461863983808428,0.7465980154732412,0.4667396219971346,11.20175092793123
10575954,10.236351606177562,0.765643523407115,0.6138110089328829,14.731464214389188
10578950,18.69856708448731,0.9185761652736499,0.3360249627038126,8.064599104891503
1058132,9.928370254113107,0.6808114584967841,0.6328516308682787,15.188439140838689
10581384,43.984957261433934,0.8544279256350048,0.14284850317880587,3.428364076291341
10582011,14.397607672558438,0.8960234669985312,0.4364048146106395,10.47371555065535
10593916,11.223572527654431,0.6696378654823839,0.5598204396771234,13.43569055225096
10594697,22.83945224853383,0.8225094205383805,0.2751022764822625,6.6024546355743
1059786,13.555637679537428,0.7428690764477647,0.46351086210161924,11.124260690438861
10598277,9.940925113787687,0.7510661071284482,0.6320523729189998,15.169256950055996
10601348,40.84508744474399,0.8617808072874845,0.15382964513614028,3.6919114832673667
10606433,40.923150171069274,0.8541585732644119,0.15353620825655548,3.6848689981573317
10606728,14.765172966478886,0.3483418303994278,0.4255409212912163,10.212982110989191
10609185,40.62688535810424,0.8411851214051734,0.15465584555145373,3.7117402932348895
10614690,18.264386124293434,0.8533943857805184,0.34401294762501383,8.256310743000332
10617428,25.294462270341427,0.41173229160447034,0.24840161613345793,5.961638787202991
10619285,25.63858997773332,0.744062610010645,0.2450675061552303,5.881620147725527
10623386,13.351628235435825,0.7502889285221167,0.4705931888145094,11.294236531548226
10628913,23.60221508984016,0.8835118655901255,0.26621167899975007,6.389080295994002
10634459,9.176951661576755,0.6696765403211149,0.6846701975653677,16.432084741568826
10642127,6.298189668912504,0.5919278293001267,0.9976176707083023,23.942824096999257
10647040,11.206946965837792,0.7589543533131982,0.5606509360963927,13.455622466313425
10648348,36.794760528525785,0.8889812939755403,0.17076304389339445,4.0983130534414665
10650256,23.094532702798826,0.6572400099340452,0.27206375586972265,6.5295301408733435
10655343,45.2804499935238,0.6825257759388621,0.13876154738034258,3.330277137128222
10655742,12.231822582594827,0.7098164720647877,0.5136753141040644,12.328207538497546
10660789,38.05506508774718,0.6256679292103466,0.16510772725501452,3.9625854541203482
10662289,53.82575078582593,0.3217941920748338,0.11673195850403545,2.8015670040968508
10662468,14.113779020068987,0.7874278625411596,0.44518093263648634,10.684342383275672
10664456,54.427152907189374,0.4723389007099582,0.11544210879253303,2.7706106110207926
1066477,45.476167994902355,0.6518082782069613,0.1381643525435982,3.315944461046357
10671227,19.299312632524977,0.10390242484771264,0.32556523783083263,7.813565707939983
10676064,8.580467934625844,0.699815876585499,0.732266043652964,17.574385047671136
10680443,44.32365039156764,0.8753852965851535,0.14175694582174875,3.40216669972197
10689075,10.881700142145684,0.6518678026160964,0.5774084219472574,13.857802126734178
10689246,7.650196911706493,0.9601098846615667,0.8213102721009604,19.71144653042305
10693572,8.662098124495136,0.48165711535847555,0.7253652887412652,17.408766929790364
10694800,9.948155910966339,0.6797759268472435,0.6315929669189567,15.15823120605496
10695312,10.90380280480693,0.7970211421267336,0.5762379804236418,13.829711530167405
10696063,14.895523738300955,0.7042260342776292,0.42181701144375283,10.123608274650067
10698978,42.966210805284106,0.8879228125126298,0.14623549969658628,3.5096519927180707
10701503,12.090897486683655,0.7553059193501845,0.519662441444036,12.471898594656864
10702354,12.526428409823499,0.7842465281371821,0.5015943173596215,12.038263616630914
10702870,3.397266305849001,0.6805293113004791,1.849482713899102,44.38758513357845
10703872,11.614753861442036,0.6940748299587315,0.5409658596415141,12.983180631396339
10704779,5.47667408685634,0.17249969430825993,1.1472629569575485,27.534310966981167
1071236,37.436811170397014,0.7968998319943869,0.16783441513170294,4.028025963160871
10714683,10.10118970795022,0.7577474155495275,0.6220242851428041,14.928582843427296
10716485,19.51858480877217,0.8590071337792767,0.3219078313687863,7.7257879528508715
10718368,51.308256556815024,0.7454231068006739,0.12245953631696771,2.939028871607225
10722333,21.937171953696588,0.917846857777007,0.2864172884472841,6.874014922734818
1072236,50.86765470283497,0.38573498405378437,0.12352024766790379,2.9644859440296907
10722407,6.347005792739855,0.7958697554454301,0.9899447885122035,23.758674924292883
10723388,12.751046841079223,0.6931496284304378,0.4927583896043307,11.826201350503936
10725047,12.989282279149506,0.7173865038381786,0.4837207454691629,11.60929789125991
10727031,56.34174343462152,0.7642801778492646,0.1115191849622215,2.676460439093316
10732372,18.296079848990697,0.6598192618581049,0.3434170247965002,8.242008595116005
10734049,44.40186959920361,0.7096597729339026,0.14150722399518695,3.3961733758844868
10739694,12.081408353776178,0.6944915725023505,0.5200706013066521,12.48169443135965
10754530,22.791923606692652,0.6048357062031613,0.2756759550270949,6.616222920650278
10754643,47.11165532516198,0.8324559117947619,0.1333679588164202,3.200831011594085
10761441,26.054147075023423,0.6656869311083855,0.24115874102832965,5.7878097846799115
10764932,43.096787248293225,0.6661518994345559,0.1457924292820324,3.4990183027687776
10766837,22.52453526095718,0.7218091496327118,0.27894849924253584,6.69476398182086
10768130,39.58665929428995,0.9033228447116269,0.15871976618360126,3.80927438840643
10772300,51.40626265249001,0.7398134077974843,0.1222260670777482,2.933425609865957
10772841,72.72011647915657,0.6949062448711865,0.0864022998227802,2.073655195746725
10774194,11.665761415565694,0.6968270656925799,0.538600532220374,12.926412773288975
10776619,13.327568922355944,0.06483944871493168,0.4714427172565613,11.31462521415747
10790955,10.216063379383174,0.7932342866326635,0.6150299850194305,14.760719640466332
10791382,7.362309583949953,0.17842130882551002,0.8534258489859095,20.482220375661825
10799030,18.903106183056675,0.622536637201625,0.33238903946968046,7.977336947272331
10805415,11.86673280253215,0.6363464122447695,0.5294789569913352,12.707494967792044
1080552,17.877707926312784,0.4991063600268165,0.35145362778479355,8.434887066835046
10814550,42.73127220457951,0.7555850476765343,0.14703950954463316,3.5289482290711955
10814742,7.279304192708124,0.7719251499645893,0.8631574036256958,20.7157776870167
10820520,18.560701573126735,0.581555539407436,0.33852089493625326,8.124501478470078
10820778,46.034233211513275,0.4669277619629475,0.13648940948598545,3.275745827663651
10823089,6.266655316480936,0.7159358153546296,1.0026377692507162,24.063306462017188
10824108,9.840388610843478,0.75538163482849,0.638509875540476,15.324237012971423
10825745,25.283089303681265,0.28507034430592326,0.24851335340039885,5.9643204816095725
10826023,37.338469458147515,0.681547612750209,0.16827645584729642,4.038634940335114
10826695,10.255446525880373,0.7410637700416636,0.6126681360312792,14.7040352647507
10827224,18.8575513481526,0.9226598936405424,0.3331920030961562,7.9966080743077494
1083678,12.587597706379675,0.3221515246085879,0.4991568251339275,11.97976380321426
10838745,9.731981867788127,0.7577193103115976,0.645622381190032,15.49493714856077
10841805,10.40512249826742,0.6918401011582597,0.6038550058613739,14.492520140672973
1084373,6.296412150274246,0.33810086228988323,0.9978993047502325,23.94958331400558
10844061,10.385338860612421,0.7163403637570099,0.6050053244780756,14.520127787473815
10849861,16.877452367471456,0.8060615662782494,0.3722828049148818,8.934787317957163
108513,13.26083244481938,0.6223475759438419,0.473815300308258,11.371567207398193
10864743,10.880016829075473,0.7085202831174108,0.5774977562891783,13.85994615094028
10865234,35.70866924767666,0.8794798068816143,0.1759568597641984,4.222964634340761
10869160,22.33292923904364,0.9134131490729888,0.28134174607937146,6.752201905904915
10876544,8.216396885093374,0.7612290159118257,0.7647129751702814,18.353111404086754
1087936,21.652433700102716,0.35349676530584395,0.290183791540707,6.964410996976968
1088918,35.12036182098212,0.5319147755566036,0.1789043444144073,4.293704265945776
10890118,9.795346469513428,0.7438723561851123,0.6414459485159687,15.394702764383249
10890707,14.347614133615528,0.5776743386923995,0.43792544521102583,10.51021068506462
10897439,41.85140743547835,0.8237681915666637,0.15013080066342507,3.6031392159222015
10901803,38.627249025970386,0.7725101097616481,0.1626619929095958,3.903887829830299
10904449,35.526372846764346,0.9015197394391559,0.17685974682191186,4.2446339237258846
10913874,18.23863659911696,0.778828508582907,0.34449862921682384,8.267967101203773
10916176,12.104915220214696,0.6824284879200911,0.5190606619604351,12.457455887050443
10916514,3.533276551576497,0.49220974493894804,1.7782885702439906,42.67892568585577
10917192,33.67319665733572,0.7896900739612448,0.1865930749348916,4.478233798437398
10919784,51.298269479540195,0.719693408136402,0.1224833775276878,2.9396010606645073
1092244,9.67391215177786,0.7433544788165243,0.6494978669022615,15.587948805654277
10925278,17.504690260746585,0.7757218511032501,0.35894295834924445,8.614631000381866
10926207,8.042635223848935,0.7115583942002078,0.7812346491294262,18.74963157910623
10926489,29.856304529921633,0.6123920099487816,0.21044752209311948,5.050740530234868
10927229,51.17438637618731,0.7854731724652415,0.1227798856441844,2.9467172554604257
10927581,17.188640403343545,0.6431736181857994,0.365542891103672,8.773029386488128
10930979,11.678013057169826,0.7378346845657582,0.538035475420364,12.912851410088736
10931205,33.986833063458484,0.922267837145881,0.18487116158919376,4.43690787814065
10933723,9.39869479833476,0.6452123896537142,0.6685167932352508,16.04440303764602
10934597,8.733945314530077,0.7884723751558796,0.7193982880482058,17.26555891315694
10944852,7.9454622706587745,0.7818368939959801,0.7907891439346845,18.978939454432428
10946569,27.31839194319532,0.5171896659672948,0.22999835862391058,5.519960606973854
10954700,10.570538019919576,0.6739330753269742,0.5944054404174397,14.265730570018553
10957462,11.635416434280314,0.688130543783269,0.5400051938552056,12.960124652524936
10958834,55.47070743789135,0.8487489591600637,0.11327032946559504,2.718487907174281
10958841,39.70593987869251,0.7789264525374204,0.1582429562522797,3.7978309500547125
10965014,77.41457705755165,0.5241173324188434,0.08116281901932412,1.947907656463779
10965798,42.99403147051945,0.8376552206974434,0.1461408733323345,3.507380959976028
10966184,11.01856646212884,0.6663361685520184,0.5702361853309224,13.685668447942136
10968194,58.72550739348795,0.356149282203915,0.10699243967496697,2.567818552199207
10968761,45.528753352326135,0.8350045571876972,0.13800477378672985,3.3121145708815165
10969124,12.856610590816983,0.7460849403685247,0.48871242251573216,11.729098140377571
10976264,18.654276836646616,0.23305607594445116,0.3368227759350162,8.083746622440389
10976924,51.14016527485525,0.7290722579675926,0.12286204538859638,2.9486890893263134
10980498,22.522860720548707,0.8317798299343789,0.27896923863881684,6.695261727331604
10980961,11.383347350387885,0.571125909494765,0.5519628905082553,13.247109372198128
10982208,13.549254848200128,0.5654581494150572,0.4637292144530176,11.129501146872423
10992275,4.030677079621717,0.3128870269924707,1.5588411532509245,37.41218767802219
10993867,29.124632848866995,0.8877202081535918,0.21573440392482113,5.177625694195707
10998598,38.58950611769358,0.6113690884369404,0.16282108633410827,3.9077060720185983
10999111,13.601878421665548,0.7906002863409217,0.4619351175181443,11.086442820435463
11002062,6.389155391010791,0.725324405670672,0.983414070038068,23.601937680913633
11007728,17.133354297312245,0.6566804576936781,0.3667224291372558,8.80133829929414
11018398,29.77501780809068,0.10356076903099662,0.21102205035364494,5.064529208487478
110206,18.02688270927666,0.308031839118864,0.34854530361737196,8.365087286816927
11021068,42.82173807665946,0.8100428109555657,0.14672887158226577,3.5214929179743786
11026198,17.091281469837895,0.8354916252850062,0.3676251730022664,8.823004152054393
1102647,10.10914320327675,0.7048785395171716,0.6215348997275033,14.91683759346008
11027581,12.388799450804587,0.7047548658289097,0.507166600939006,12.171998422536145
11032313,7.253202508659304,0.40802074911500985,0.8662635986901436,20.790326368563445
1103774,4.505929423203802,0.09790891474956626,1.3944260366848182,33.46622488043564
11046030,21.621320069125186,0.8701704313060762,0.29060137341715087,6.974432962011621
11047126,20.327527521036213,0.6761920200256963,0.3090973705817074,7.418336893960977
11050962,10.202469439192484,0.7420313506352181,0.6158494612140583,14.780387069137397
11057099,17.91442558857141,0.3751438655457148,0.3507332834153484,8.41759880196836
11057731,48.60097783297759,0.7606143983851456,0.12928104715860694,3.1027451318065666
11059779,12.271288041781022,0.7535914441819371,0.5120232925660885,12.288559021586124
11061527,9.974690725752074,0.6622031313466166,0.6299127942842403,15.117907062821768
11063868,9.953541738304594,0.7805820881191058,0.6312512141281093,15.150029139074622
11068756,10.114852275412181,0.6907729977930338,0.6211840900981963,14.90841816235671
11075644,10.0725568267137,0.752487363910846,0.6237924903551579,14.97101976852379
11076412,21.323923212487987,0.7845313518843255,0.294654283105838,7.071702794540112
11077023,49.99028153772922,0.8167756812080151,0.1256881360517538,3.0165152652420915
11080315,20.175710884383722,0.39619460725243694,0.3114232426894488,7.474157824546772
11090071,12.584761592907448,0.18566493793472028,0.4992693155761234,11.982463573826962
11094793,49.36875727054774,0.8564795320149935,0.12727047741442724,3.054491457946254
11100516,29.438074346898464,0.3061445701552822,0.21343737477996994,5.122496994719278
11104825,19.216550319153722,0.851559404272541,0.3269673902353298,7.847217365647914
11107332,17.880707892831623,0.933877680020823,0.35139466204794473,8.433471889150674
11107357,4.548817377376331,0.6108942832887889,1.3812788656737864,33.15069277617087
11109260,11.4145659052923,0.7851557633879724,0.550453285680047,13.210878856321129
1111267,6.298707163189109,0.7743281739852759,0.9975357076289821,23.94085698309557
11113073,22.647836243308934,0.8624017166911477,0.27742982771857017,6.658315865245684
1111522,11.99186569434966,0.6676330779671737,0.5239539423911413,12.574894617387393
11116839,11.571284867478228,0.7636646694508435,0.5429980662595945,13.031953590230266
11117424,10.31337904290146,0.7208412539575813,0.609226644443385,14.621439466641242
1111785,42.68700434890278,0.8559475193636064,0.1471919944492682,3.5326078667824365
11120205,17.898328746940333,0.3492905000237231,0.3510487149954533,8.42516915989088
11120720,10.321971610035009,0.6923475590793002,0.6087194912521442,14.609267790051462
1112498,12.746569175369384,0.6624707930278234,0.49293148773873935,11.830355705729744
11125438,23.367027994247962,0.591701524740984,0.2688910762946087,6.453385831070609
11126244,45.30742749867291,0.8749762827691698,0.13867892427491332,3.3282941825979195
1113422,16.267741854625434,0.7220439443839284,0.38623586256337583,9.269660701521019
11134934,10.986905608235938,0.6267199720165927,0.5718794291333151,13.725106299199563
11135399,3.687012985230371,0.25978119194435884,1.7041397283787982,40.899353481091154
11135735,20.94191227452522,0.7046335903060992,0.30002920577710396,7.200700938650495
11139551,38.6102561542982,0.7837296256722065,0.1627335825504521,3.90560598121085
11142378,17.65428910461821,0.24265476598335595,0.35590134895524955,8.541632374925989
11143366,9.435420828285244,0.5683230590253706,0.6659146869574728,15.981952486979347
11147762,46.85318303471539,0.8566893902152386,0.134103702250584,3.2184888540140157
11149695,32.70528955801964,0.7577330696722832,0.19211526306878057,4.610766313650734
11150338,33.6270524637698,0.5927033174858164,0.18684912434561926,4.484378984294862
11151226,4.738562941086608,0.6657198515767312,1.3259685236424819,31.823244567419565
11152402,20.182049495457015,0.49209917177514,0.31132543345481006,7.471810402915441
11155096,17.04086929564211,0.8727929650589484,0.36871272223104223,8.849105333545014
11157808,32.76572675938213,0.3517870711147072,0.19176090166779103,4.602261640026985
11164967,19.524551686270435,0.22668343897934914,0.32180945345843154,7.723426883002357
11166089,16.48934289176418,0.7793298764417107,0.3810452210510951,9.145085305226283
11175527,9.1237763642859,0.7305461002396861,0.6886606002065635,16.527854404957523
11178050,12.984041642624845,0.588974528592111,0.4839159854935109,11.613983651844261
11187857,22.834678782273677,0.5918524390276071,0.2751597851272231,6.603834843053354
11202454,6.396107988207427,0.5348400460332484,0.9823450946675639,23.576282272021533
11206727,9.969065681174492,0.6620679605861665,0.630268222532098,15.126437340770352
11212840,52.10571354559418,0.5370900865975622,0.12058534236713978,2.8940482168113544
11214551,17.073253297274967,0.6703325715573791,0.368013359714076,8.832320633137824
11215595,11.487368425234044,0.7521993979494204,0.5469647246080708,13.127153390593698
1122328,6.298673485319964,0.5956029158564484,0.9975410412721861,23.940984990532467
11224124,10.823995426850477,0.5948776740906427,0.5804866927043633,13.931680624904718
11231236,25.456219963596332,0.7473431914983001,0.24682318569547465,5.923756456691391
11233410,44.42565574223399,0.5530844337511904,0.1414314589667693,3.3943550152024633
11236739,55.574278396264354,0.7047073686932823,0.11305923330894631,2.7134215994147115
11238522,29.159897079815686,0.40662902195488265,0.21547350767327542,5.17136418415861
1124773,18.934776425645637,0.7416727676139155,0.33183308669383155,7.963994080651958
11248827,17.427879792678816,0.22781754024343434,0.3605249394604532,8.652598547050877
11250867,15.971680939315098,0.7000675390275406,0.3933953684056641,9.441488841735937
11256803,18.479247354719046,0.5694902981863484,0.3400130528354581,8.160313268050993
11265995,12.586491749636888,0.2521204708507337,0.4992006853189136,11.980816447653925
11266154,10.624847614077666,0.7018862245165748,0.5913670986541508,14.19281036769962
11266259,18.93413640828528,0.9577692311470403,0.33184430341539967,7.9642632819695915
11266421,2.4674586733084785,0.6390759588078011,2.546419672656487,61.11407214375569
1126681,48.782466082033,0.8424722995720233,0.12880007535112575,3.091201808427018
11268582,4.580507147435058,0.7598872763353663,1.371722629163012,32.92134309991229
11269883,20.067172069888777,0.8502903286281837,0.3131076608750289,7.514583861000693
1127427,10.136032835492435,0.7263173692135629,0.6198860450785362,14.877265081884868
11281747,20.13266515175995,0.8590086911311786,0.3120890979816611,7.490138351559867
1128811,20.051553484766433,0.6772463737569835,0.3133515471483568,7.520437131560563
11288427,45.08834165862622,0.7545034568026281,0.13935277005197858,3.344466481247486
11289127,13.040913655867694,0.7344118163415702,0.48180560603225053,11.563334544774012
11290149,19.016240300680472,0.9282470140042335,0.3304115433877195,7.929877041305268
11293454,11.050229069464494,0.6883922190262279,0.5686022676708253,13.646454424099808
11296138,10.159847321413661,0.6665639346859276,0.6184330441596962,14.842393059832709
11296222,17.730503508427947,0.7530141907056064,0.35437151032924485,8.504916247901877
11303365,28.578370160257336,0.8027616707383685,0.21985806999999363,5.276593679999847
1130401,13.443662318996108,0.5946629886856368,0.4673715508534714,11.216917220483314
11316846,13.680775258482997,0.7547672086602009,0.45927114424919674,11.022507461980721
11320938,46.204419508140305,0.8563892055057886,0.13598667344089482,3.2636801625814758
11321453,12.253591886813059,0.7070698976003938,0.5127627364463931,12.306305674713435
11323391,16.058974152273777,0.6873047403139535,0.3912569537506825,9.39016689001638
11324733,10.588578355514311,0.8032103123912319,0.5933927196097514,14.241425270634032
11325737,10.845882008313648,0.7851637882564116,0.5793152924182066,13.903567018036957
1132871,11.287823678106733,0.8259474755329476,0.5566338991781136,13.359213580274726
11337303,38.85424130976419,0.6701759817580573,0.1617116972401312,3.8810807337631488
11339944,11.366468379013284,0.6576585100490224,0.5527825440293026,13.266781056703262
11348055,23.88441226070257,0.6565821670832326,0.26306635635817666,6.31359255259624
11354297,8.34734383059668,0.7947063110704965,0.7527167245883599,18.065201390120638
11355976,43.69432016398836,0.677580987249756,0.14379867414341904,3.451168179442057
11363653,42.84000302495755,0.8063885162879733,0.146666313340808,3.519991520179392
11363998,9.641640546016161,0.7212156057880035,0.651671805974528,15.640123343388673
11364592,19.721091553397414,0.7769781093442941,0.3186023091149416,7.646455418758598
11365460,35.40211831547264,0.7924032413535248,0.17748049004269595,4.259531761024703
11365516,19.20752635019094,0.8180272434207504,0.32712100416392903,7.850904099934297
11366353,23.54882437205058,0.8693219249902374,0.26681524342408014,6.403565842177923
11368047,12.286362991620848,0.7393361927020636,0.5113950573871733,12.273481377292159
11372153,13.820406728103295,0.763781085325122,0.45463099826164716,10.911143958279531
11375661,27.75495713255657,0.6817169556507685,0.22638065255050993,5.433135661212239
11375941,58.445122771779104,0.7376608284778323,0.10750572518625102,2.5801374044700247
11376378,48.23472328723074,0.799968984960927,0.13026270037383927,3.126304808972143
11378426,7.562233941848021,0.21110032873694023,0.8308636516003012,19.94072763840723
11379304,51.98243874042865,0.9010359677443316,0.12087130691490476,2.900911365957714
11382007,9.778898714039626,0.7998948590370821,0.6425248375012595,15.42059610003023
11385463,28.38406558752439,0.6367779047070347,0.22136311966321084,5.31271487191706
11395106,50.56543974816382,0.808995886695157,0.1242584923313704,2.9822038159528894
11400604,140.83163745766728,0.7635448591320164,0.044614870781916845,1.0707568987660043
11401230,36.06961405903774,0.8643363781445892,0.17419607808654242,4.180705874077018
11408555,10.071262456688372,0.5928043541767446,0.6238726608705242,14.972943860892581
11410670,10.522832208506584,0.6645882211151621,0.5971002086396763,14.33040500735223
11413263,9.47207287372405,0.7313634306109125,0.6633379399570943,15.920110558970265
11417615,48.446442047688116,0.8588008471410205,0.1296934313771639,3.1126423530519336
11420083,21.091833910882812,0.851172622598315,0.29789658565145605,7.149518055634945
11422873,19.61167382192636,0.7727035618007257,0.3203798596810652,7.689116632345565
11425991,11.633629541401689,0.6738244729456032,0.540088137138889,12.962115291333337
11426705,13.684701601949637,0.7218363442759423,0.45913937255924026,11.019344941421766
11428827,17.585939893307593,0.8464461209126568,0.35728458901253723,8.574830136300893
11430673,20.170607050946213,0.8862386564647882,0.3115020431120262,7.476049034688629
11432150,29.174110892438012,0.5865987425960613,0.21536852760809244,5.168844662594219
11437675,46.236880617993926,0.7027587728504364,0.1358912025032755,3.261388860078612
11438295,12.405040920743396,0.7961108437316662,0.5065025861118283,12.15606206668388
11438674,10.572206703342491,0.6885101373982948,0.594311621356505,14.263478912556119
11441597,11.305379984363853,0.6752277676176902,0.5557694934508773,13.338467842821057
114416,40.842427296320295,0.6685304350647355,0.15383966436651209,3.69215194479629
11445136,20.23605602597448,0.865251625691821,0.3104945597657296,7.45186943437751
11446564,11.78263915874361,0.6906176718332202,0.5332578909129189,12.798189381910053
11448655,12.904465863987841,0.7600850078050738,0.4869000680387639,11.685601632930334
11450924,13.005623363893365,0.782092187742621,0.4831129682428887,11.594711237829328
11453870,10.618324584365961,0.7484504047644577,0.591730386207135,14.20152926897124
11454283,17.708655148751095,0.8828437806176249,0.3548087223112879,8.51540933547091
1145534,11.70063815162089,0.7751603661946742,0.5369950959733916,12.887882303361398
11457648,15.599374308471456,0.8513442378824888,0.402784443973975,9.6668266553754
11457713,8.834148131539717,0.7413965286303377,0.7112383914808185,17.069721395539645
11458251,5.152798189862405,0.15575657484176408,1.2193734502432292,29.2649628058375
11458415,7.178367532184906,0.35255516057733305,0.875294456435717,21.00706695445721
11461785,29.454164221623,0.36652882643089923,0.2133207807189094,5.119698737253826
11462986,14.058612632017327,0.7207523213622465,0.4469278350318972,10.726268040765532
11464031,15.246283080878742,0.7018977371013986,0.4121125964832502,9.890702315598006
11476683,17.15970678510256,0.7550118783791768,0.36615924653412035,8.787821916818888
11485975,21.114997180861952,0.8245302417611684,0.29756979143120565,7.141674994348936
11488770,16.674313541659277,0.7383771690138472,0.376818229517012,9.043637508408288
11491234,10.509987689563054,0.7334843707334451,0.5978299397457054,14.34791855389693
11492977,11.080769087198235,0.5757477873201304,0.5670351270507601,13.608843049218242
11493311,46.09658090873242,0.7363279498098093,0.13630480142594079,3.2713152342225786
11493567,10.977856971901836,0.8347682943591873,0.5723508079274118,13.736419390257883
1149510,135.64428414976402,0.568697826956467,0.04632104733762581,1.1117051361030195
11496529,17.53700820806673,0.3609617416632977,0.3582814829435631,8.598755590645514
11496577,40.33282581101472,0.9331807582107604,0.15578341415055713,3.738801939613371
1152390,12.852948297782499,0.7951615385271394,0.4888516752427624,11.732440205826297
11525189,9.461785047192587,0.6944786003658302,0.6640591892376455,15.937420541703492
11529554,8.408903882163939,0.7782499502197114,0.7472062227404932,17.93294934577184
11534086,8.952151594544496,0.6047567575259774,0.7018631488555894,16.844715572534145
11541886,18.241281528928855,0.8705918224736781,0.34444867797336937,8.266768271360865
11558557,39.721226992929054,0.47074025460196395,0.15818205485691778,3.7963693165660266
11563929,10.488087622820297,0.7683198796067394,0.5990782622285156,14.377878293484374
11565203,40.02198773271482,0.7224487311953437,0.1569933344925689,3.767840027821653
11570517,125.51949775416192,0.8362614283174665,0.05005744461697586,1.2013786708074206
11570575,52.33973349569904,0.7862580676210154,0.12004618456255417,2.8811084295013
11576958,55.36107902832341,0.7400288799164599,0.11349463228426294,2.723871174822311
11588863,9.703746523089794,0.7316471171725434,0.6475009721481205,15.540023331554892
11591510,9.984077902102584,0.7260459401923354,0.6293205410442948,15.103692985063075
11596145,13.56087251288735,0.8030204808134126,0.46333193540522305,11.119966449725354
11597683,11.77659486401984,0.7548757717459393,0.5335315835968968,12.804758006325523
1160136,12.526352864356229,0.7574521405507817,0.5015973424362336,12.038336218469606
11601918,10.785376388714687,0.6879075760059558,0.582565232841945,13.981565588206678
11602036,57.758704016157715,0.6144892393310436,0.10878334987263384,2.6108003969432123
11606824,18.409595599057788,0.17828393581778967,0.34129947468814376,8.19118739251545
11617953,40.671677275005784,0.7947904772173143,0.15448552231311174,3.707652535514682
1162592,19.988751925210174,0.272286871337859,0.3143360491284661,7.544065179083185
11626935,59.03919933695145,0.8179605866108175,0.10642395861976175,2.5541750068742823
11636398,16.246029942433104,0.9046316110153916,0.38675204523466356,9.282049085631925
11638070,19.8227876453927,0.8777714790418589,0.31696779583067125,7.60722709993611
1164182,56.68952278328816,0.6829944350455179,0.11083503615295635,2.6600408676709524
11644471,11.852060785456024,0.69033027374671,0.5301344146741003,12.723225952178407
11651280,51.39456611301354,0.8964664450444882,0.1222538836764035,2.934093208233684
11652004,9.779370623415623,0.8143816003076605,0.6424938320810946,15.419851969946269
11657158,13.37805363921011,0.8387114438033854,0.46966363543079415,11.27192725033906
11663372,12.384654126016098,0.6980867360189391,0.5073363570146601,12.176072568351842
11667249,19.03126401798446,0.9370832476044575,0.3301507089199122,7.923617014077893
11667868,10.83140195251933,0.703581251420479,0.5800897552064485,13.922154124954762
11672471,44.91018884561291,0.7744493394960176,0.13990556416449726,3.357733539947934
11681432,17.4501581834153,0.6251024690749761,0.360064661943933,8.641551886654392
11684132,11.47511519984234,0.580690701201564,0.547548778182716,13.141170676385183
11688186,10.050612166833542,0.6664082729732332,0.6251544883916371,15.00370772139929
11691999,12.051212860706658,0.651015419321323,0.521373689088681,12.512968538128344
11693233,11.796629617315878,0.5115799964738319,0.5326254626115164,12.783011102676394
11693275,93.68639927680888,0.6505086996283337,0.06706614146430244,1.6095873951432584
1169665,15.214196861466606,0.7195205484327645,0.4129817278158911,9.911561467581386
11697185,13.510388498665115,0.5170630366353602,0.465063259120964,11.161518218903137
11699462,37.651848779267716,0.43262066462646775,0.16687587757016872,4.005021061684049
11705227,10.091244936557166,0.7651174435923717,0.6226372807994911,14.943294739187786
11708168,17.027609296881966,0.767743712264576,0.36899985180715533,8.855996443371728
11710343,10.71020740117376,0.7554633337809287,0.5866539341237216,14.079694418969318
11714464,8.80189650802973,0.554818390093877,0.7138444881108984,17.132267714661563
11721002,7.42490131802999,0.6161092958415398,0.8462314902316669,20.309555765560006
11722875,12.394516903161428,0.7179079290263627,0.5069326506446536,12.166383615471688
11726211,108.3187104668772,0.5317504964612275,0.058006463334891,1.3921551200373838
11726604,11.668694873287707,0.8067583073601278,0.5384651304545828,12.923163130909987
1172677,43.623914206123786,0.7826047007186677,0.1440307551837605,3.4567381244102515
11734279,44.63636922159434,0.802561445975468,0.14076380800568977,3.3783313921365545
11735815,22.565021285994234,0.6594538936891139,0.2784480115283323,6.682752276679976
11739544,3.4474013206950973,0.7497704667597649,1.8225859778671523,43.74206346881165
11741466,19.699363649760656,0.8711971451438897,0.3189537194647364,7.654889267153673
11748489,10.154790800325545,0.8139882678214434,0.6187409894232542,14.8497837461581
11752199,29.927340884843858,0.8419510265118841,0.2099479980983405,5.038751954360172
11754294,23.322122176755148,0.9070025456694262,0.26940881535394556,6.4658115684946935
11762571,17.02159936338107,0.8324155494304932,0.3691301371301651,8.859123291123963
11763086,15.689923185844926,0.7135430782579201,0.4004599151159724,9.611037962783337
11779831,42.31337840017875,0.6636172802541235,0.1484916956466195,3.563800695518868
11780577,48.437999943551304,0.7996791584219455,0.12971603523064304,3.113184845535433
11781491,11.611146898268185,0.7050867700110177,0.5411339088403687,12.98721381216885
11782815,17.996958125698946,0.9580513576674013,0.3491248500604914,8.378996401451793
11785270,24.555817706946048,0.7077209423316371,0.25587359305906054,6.140966233417453
11790064,17.339895822765598,0.2756125958640589,0.36235427083306776,8.696502499993626
11793018,10.89281408397534,0.6650896096294562,0.5768192919424668,13.843663006619204
1179977,9.11280437679277,0.7785581153250718,0.6894897604935681,16.547754251845635
11806061,10.861358619781166,0.6864027707874629,0.5784898121065981,13.883755490558354
11808279,42.14590812856758,0.9002174319061801,0.14908173975068964,3.5779617540165516
11810596,41.941226600811476,0.8638738264575866,0.14980928829244158,3.5954229190185982
11819015,50.43882192699718,0.7729239981761046,0.12457042149544212,2.989690115890611
11819426,16.42289133020186,0.25831896827517137,0.3825870354280885,9.182088850274123
11834821,46.19688493844231,0.6841412923923262,0.13600885244864405,3.2642124587674575
11838018,45.53978921633835,0.739565041334611,0.1379713304629298,3.3113119311103154
11843692,10.480454629782296,0.679447134097365,0.5995145753815551,14.388349809157322
11856290,25.479749942820334,0.5007287496308075,0.24659525000362328,5.918286000086959
11857301,11.418275398198226,0.6527928110321903,0.5502744580999558,13.20658699439894
11863356,52.99744898239452,0.7280148835412122,0.11855637257685417,2.8453529418445003
11864180,11.358374958618954,0.554721589949881,0.5531764297331797,13.276234313596312
11864369,91.91834944070465,0.5065670565993802,0.06835615897599194,1.6405478154238065
11864431,9.871472339769705,0.8064953742792709,0.6364993073896582,15.275983377351796
11866538,32.185234308431696,0.7635432492609645,0.19521949869830696,4.6852679687593675
11870305,32.701071932404716,0.6856240451119716,0.19214004116340122,4.611360987921629
11872511,12.565660443612924,0.7464744249698321,0.5000282583931595,12.000678201435827
11882477,37.13152095958687,0.7806609798394953,0.16921432639449557,4.061143833467893
11896841,13.643522773664365,0.6712813526999439,0.4605251452585111,11.052603486204267
1190208,5.4427717018124735,0.3535534060372588,1.1544091230369355,27.705818952886453
11905739,20.180746301016065,0.8527300062528268,0.3113455376456142,7.47229290349474
11912411,12.120977802341875,0.6745346259797611,0.5183728086661146,12.44094740798675
11917874,41.59765610753128,0.8647177122757195,0.1510466188512485,3.6251188524299645
11922992,10.460475854242494,0.7157956662324448,0.6006596061909834,14.4158305485836
11925135,36.95064992674093,0.7375929561631009,0.170042619538134,4.081022868915216
11929402,11.198825310465091,0.6365484197545779,0.5610575335350635,13.465380804841523
11932308,34.64462987614658,0.8509420913906645,0.1813610169784399,4.352664407482558
11934810,13.032140829076537,0.7075225849873135,0.482129942392958,11.571118617430992
11935712,4.93175930573305,0.551846574620749,1.2740251333587056,30.576603200608936
11936793,49.070316184407936,0.40460383861440774,0.12804452458727106,3.0730685900945054
11937119,91.32381291244818,0.5184936738853575,0.06880117142287143,1.6512281141489142
11942032,9.27266680662433,0.7034074348566917,0.6776028340294641,16.26246801670714
11949036,10.962390604371356,0.6918465476227247,0.5731583131761522,13.755799516227652
11953092,19.44353480139127,0.8703275677515954,0.32315036187401464,7.755608684976352
11957623,41.88340700963352,0.8212415545354949,0.15001609839749672,3.600386361539921
11960127,48.67120831687658,0.7650812455344591,0.12909450010512505,3.0982680025230014
1196152,22.660521453772027,0.3708920090288506,0.27727452433067024,6.654588583936086
11963916,13.402245768362178,0.6202423496229758,0.4688158548779861,11.251580517071666
11964431,48.8815344282294,0.8538336945523077,0.12853903586854276,3.0849368608450263
11968367,9.94190973425472,0.7591227441240526,0.631989776122283,15.167754626934792
11969582,11.857471757875015,0.689180714656343,0.5298924960969589,12.717419906327013
11970309,47.3874158134891,0.7296001763268619,0.13259185375099186,3.1822044900238047
11973551,48.13193229197437,0.8587390283002094,0.13054089058932833,3.13298137414388
11975715,36.648837018924986,0.733130430569881,0.17144296567814774,4.114631176275545
1197898,18.377569226555465,0.9518169421934864,0.3418942532454415,8.205462077890596
11982872,53.07910114087399,0.788078966295336,0.1183739960197097,2.8409759044730327
11986645,11.401033154830671,0.6854997361928518,0.5511066604097516,13.22655984983404
11992284,14.122659320139663,0.7650317759772154,0.4449010037521354,10.67762409005125
11992531,45.06499930919716,0.7113412559387106,0.13942495070442112,3.346198816906107
12005595,6.5321799306168264,0.8230264447983738,0.9618818486199097,23.085164366877834
12014625,18.537090163219812,0.7239930665986163,0.3389520821151481,8.134849970763554
12019667,12.979565140329608,0.7146778780059022,0.48408288253484805,11.617989180836354
12021791,52.79385855504415,0.7964168135857845,0.11901356481888108,2.8563255556531457
1202674,13.346026592224115,0.3018755581695258,0.47079070791305033,11.298976989913207
12028462,10.434625048802223,0.8707911464182368,0.6021476840608494,14.451544417460386
12030800,10.87932034479767,0.6324675065045303,0.5775347271747644,13.860833452194345
12031948,10.401271648635804,0.7621166852404119,0.6040785703355481,14.497885688053156
12035870,16.709085516715096,0.7258434761493368,0.3760340624802082,9.024817499524996
12039129,3.5924921975813193,0.7903134526791216,1.7489767441693547,41.975441860064514
12050272,59.901467271369945,0.5853265022746073,0.10489201005235894,2.5174082412566148
12052216,10.231801662378095,0.8049855046195438,0.6140839623858811,14.738015097261147
12052313,10.176687239465439,0.8003201758154289,0.6174096893548268,14.817832544515841
12058420,18.960767526005824,0.8804599501287023,0.3313782154948012,7.953077171875228
12059457,26.99454664251506,0.7591011842237769,0.23275757842452088,5.586181882188502
12062665,11.996419511519125,0.7247075532670215,0.5237550505087277,12.570121212209465
12069774,15.134238350089168,0.9551647097454601,0.4151636284453368,9.963927082688082
12074944,13.41823428091557,0.7390436949993971,0.46825723680469705,11.238173683312729
12075232,4.160672802676302,0.13341308478926753,1.5101368468912055,36.243284325388935
12077930,17.139777046036606,0.7392601056377963,0.3665850080956862,8.798040194296469
12081294,27.455796879483522,0.7765570341379774,0.22884731172653477,5.492335481436834
12082949,13.763454959220365,0.6205608387286669,0.456512214832394,10.956293155977455
12088350,12.914043879093684,0.7395134138526274,0.48653894674706216,11.676934721929491
12089229,21.29131871741678,0.11183173374182953,0.2951055024149255,7.082532057958212
12091674,8.834370169642526,0.7051631092565789,0.7112205156141684,17.069292374740044
12093139,12.333453775113089,0.7224070712666509,0.5094424823529996,12.22661957647199
12102822,11.164259769352894,0.6661354224214532,0.5627946175551748,13.507070821324195
12105373,8.791095591242247,0.7259244167360638,0.7147215318007623,17.153316763218292
12105672,12.976620053135544,0.7140795376190916,0.4841927467593057,11.620625922223336
1210627,22.087485424677933,0.8584233059802187,0.2844681133398509,6.827234720156421
12108241,13.656888506379163,0.7733961404560441,0.4600744382034529,11.041786516882869
12111449,45.62016433095346,0.903250520361137,0.13772824800888367,3.305477952213208
12112283,35.89612911356028,0.6610594177306109,0.17503796265336094,4.200911103680663
12113979,40.71150528761088,0.35527647249876276,0.1543343893278162,3.704025343867589
12115965,12.626587691281188,0.7030351426583155,0.4976154651440945,11.942771163458268
1212611,9.95912776106865,0.6892928742832877,0.6308971486179005,15.141531566829611
12133810,11.40166048846685,0.7195904701862867,0.5510763378312512,13.22583210795003
12134751,26.35879300560435,0.2594627346364077,0.23837151063190445,5.720916255165707
12138683,33.17441631375398,0.5500786278525795,0.18939851865832535,4.5455644477998085
12139036,26.358779586023612,0.28415405128220217,0.2383716319897891,5.720919167754939
12142471,27.179693574003096,0.5446683538692934,0.23117204357260832,5.548129045742599
12146066,11.342012159025458,0.6601627927435377,0.553974481695447,13.29538756069073
12149191,10.512251987589625,0.691634457014201,0.597701169511279,14.344828068270697
1215469,44.97504616575839,0.6539444878906049,0.13970381006441898,3.3528914415460553
12168458,6.2869325462494094,0.23066647421342884,0.9994039638500561,23.985695132401347
12172879,16.653529078173868,0.7394054176481867,0.37728851810841313,9.054924434601915
12173292,22.80737805824882,0.9186918775159594,0.2754891549187578,6.611739718050187
12181468,10.799632047404891,0.6992717511847307,0.5817962389458825,13.963109734701181
12182435,42.45151593179974,0.6961459971858055,0.14800850262388285,3.552204062973188
12184860,6.235953509373386,0.6317435668849094,1.0075741099954008,24.181778639889618
12185834,6.333258616554582,0.7592033252830169,0.9920935947185058,23.81024627324414
12185998,51.671890403035036,0.7250865860013078,0.12159774411525173,2.918345858766042
12191331,6.204966307229072,0.2027294240728347,1.0126058702138938,24.302540885133453
12191421,10.884749977824672,0.6868021734876388,0.5772466358878449,13.853919261308278
12192232,9.778923919869984,0.6669308852978407,0.6425231813505228,15.420556352412547
12192263,11.062149894280758,0.7399190563674364,0.5679895289095708,13.6317486938297
12200224,9.764679518580152,0.6924723518335579,0.6434604735592184,15.443051365421242
12200391,36.417557932905936,0.9396359799590892,0.1725317584104745,4.140762201851388
12201893,28.292478185086974,0.6773497402728319,0.22207970846793712,5.329913003230491
12216345,32.03740123664857,0.8084663402593251,0.1961203176489876,4.706887623575702
12217047,10.769635106146792,0.7911634468413272,0.5834167309525135,14.002001542860324
12222535,12.587853707917683,0.521836852845967,0.49914667368810467,11.979520168514512
12224502,4.963357945172067,0.45026699706704665,1.2659142009476336,30.381940822743207
12225068,8.596843120278143,0.6132725404744147,0.7308712302029654,17.540909524871168
12225634,12.580555316111647,0.760876883062981,0.4994362450068357,11.986469880164057
12229884,8.090952476401972,0.7816093765724654,0.7765693007720773,18.637663218529855
1223684,12.72856546907432,0.7391638702822665,0.4936287064277109,11.847088954265061
12246112,10.060236974049678,0.7488797859881945,0.6245563920002108,14.98935340800506
12246346,12.258838932106967,0.7549466961499471,0.5125432630265968,12.301038312638322
12246627,3.079239698012884,0.6753874633223406,2.0404989294059486,48.97197430574276
12249311,6.296669164284856,0.15354083965839888,0.9978585730402114,23.948605752965072
12252043,8.918381247574239,0.7898273843548779,0.704520824212195,16.90849978109268
12254654,56.137369887973655,0.7043645276843596,0.11192518138484499,2.68620435323628
12259035,11.65662049513397,0.7658584961604209,0.5390228934537663,12.936549442890392
12259713,10.231465759389527,0.6663335334449763,0.6141041230005035,14.738498952012085
12273655,6.216437815788266,0.6349337970033562,1.010737257151,24.257694171624003
12275391,8.451517318875009,0.8361854749538252,0.7434387305989628,17.842529534375107
12282761,9.893480103116342,0.5817102628504042,0.6350834328964232,15.242002389514157
12283245,1.1071917437805885,0.21250251923182617,5.674884537817436,136.19722890761847
12283620,1.107097840725925,0.19401003749128767,5.67536587647908,136.2087810354979
12283875,532.7631727085009,0.17069130199289795,0.011793580391896579,0.28304592940551787
12284009,1.1073386873552353,0.18066169832677326,5.674131482018685,136.17915556844844
12284060,27.86988272546802,0.15168415880330965,0.22544713837054986,5.410731320893197
12285049,1.1071588438209883,0.20247234510489454,5.675053170776539,136.20127609863692
12286050,8.903080078111767,0.6559141764227532,0.705731640292308,16.93755936701539
12288666,10.580475214392566,0.7305268284446399,0.5938471741451274,14.252332179483059
12290136,9.493589232768898,0.7393713780250052,0.6618345446727354,15.88402907214565
12292722,20.78931915744772,0.7955154033581427,0.3022314131402736,7.253553915366566
1229780,6.304113707542209,0.39046288157056214,0.9966801994168373,23.920324786004095
12301742,15.43825045122416,0.30259937810411586,0.40698817052040814,9.767716092489795
12307056,11.026918186418163,0.7510883584672635,0.5698042917302656,13.675303001526373
12313852,48.19696143611462,0.890812485310225,0.13036475993425412,3.1287542384220988
12316108,15.32518637768402,0.5734264426292258,0.4099907924336198,9.839779018406876
12320224,17.649707790612403,0.5405387341688779,0.3559937298520892,8.543849516450141
12325916,13.822938494552195,0.14723876471101846,0.45454772946113253,10.90914550706718
12327199,6.782603175958184,0.7841069553146837,0.9263678183991585,22.232827641579803
12330675,8.95249421583535,0.26169182411854564,0.7018362878208582,16.844070907700598
12330695,20.461314413651024,0.9379669992703138,0.30707632853672784,7.369831884881468
12331756,11.491757405659037,0.6554752829953479,0.5467558255350461,13.122139812841105
12338372,10.472244525111043,0.7919493474656306,0.5999845870780947,14.399630089874272
12347176,47.111080631307054,0.8184075989225617,0.13336958573190055,3.2008700575656133
12347656,10.490618575783659,0.8550180053540258,0.5989337293878523,14.374409505308455
12355665,9.287667902244461,0.6724992258972603,0.6765083951441878,16.23620148346051
12358313,21.455478903004444,0.854501123724327,0.29284759084542,7.02834218029008
12359105,12.449956780341882,0.762601234547444,0.5046752706082123,12.112206494597094
12364597,12.063479839301637,0.6722675319018645,0.5208435203505363,12.500244488412871
12365386,19.2973002131109,0.9498297815314659,0.32559918940944327,7.814380545826639
12368648,6.309976601576401,0.7304213746013001,0.9957541372831523,23.898099294795657
12369016,8.596636010330258,0.7975848501745346,0.7308888383350552,17.541332120041325
12369963,22.214530061315752,0.49167938526382626,0.2828412435391144,6.788189844938746
12375443,9.898665214875338,0.5847009154775438,0.6347507639451685,15.234018334684045
12382106,12.590655168202145,0.5803060903019288,0.4990356119868844,11.976854687685226
12383709,12.74971749553452,0.7325740654705626,0.49280976691289186,11.827434405909404
12385133,44.441543070717536,0.8026834019060768,0.1413808988851147,3.393141573242753
12385218,44.69548979092519,0.8743839226728484,0.14057761390625373,3.3738627337500895
12389018,36.797640370025775,0.9244199152841867,0.1707496797076607,4.097992312983857
12389449,8.575701489736026,0.8053322486172215,0.7326730430973749,17.584153034337
12390014,10.321688215628107,0.6379918760001233,0.6087362043804221,14.60966890513013
12390274,19.20309579314601,0.29058031643374177,0.3271964778419836,7.852715468207606
12392541,14.309466246124682,0.6524964472110942,0.4390929192681251,10.538230062435002
12402647,9.607410657438296,0.623746477123195,0.6539936233822782,15.695846961174677
12405343,3.7779373577508397,0.7001031386731716,1.6631258573647243,39.915020576753385
1240665,9.933388413613653,0.6276769939277014,0.6325319262225281,15.180766229340673
12409868,11.10771933868677,0.7875315556956539,0.5656593505469708,13.5758244131273
1241164,14.664256410707418,0.7728959928031934,0.42846941100891994,10.283265864214078
12412349,10.518266029161806,0.764223949076184,0.5973594211973253,14.336626108735807
124162,47.31593958781017,0.6646512446818496,0.1327921491555522,3.187011579733253
124320,40.2091039800251,0.787878120507594,0.15626275358687225,3.750306086084934
12432194,35.603916225228325,0.8972339667613731,0.1764745559851483,4.2353893436435595
12432893,14.916352599235859,0.6605283623668201,0.4212279956094269,10.109471894626246
124419,38.14244506791929,0.8208914546090501,0.16472948433146528,3.9535076239551667
1244554,11.703200480885672,0.6168604027687009,0.53687752486524,12.88506059676576
12445926,38.65808719528637,0.6012575131474873,0.1625322348578515,3.9007736365884362
12459165,50.13494062997604,0.8553461437685608,0.12532547616946463,3.007811428067151
12460781,12.583541438068568,0.5165056134597408,0.4993177268977138,11.983625445545131
12464278,14.686752511184203,0.7872347987051791,0.427813112694235,10.26751470466164
12464670,9.8587163717028,0.5996115398738655,0.6373228593140218,15.295748623536522
12470142,25.28599324135318,0.34730388516125127,0.24848481320100763,5.9636355168241835
12471743,13.071028302662272,0.40987710802175126,0.4806955628655355,11.536693508772853
12473468,11.184726711512429,0.7754533409596391,0.5617647591435837,13.482354219446009
12481648,19.453345805818557,0.9184353162228139,0.32298738581515707,7.75169725956377
1249142,11.107975304528804,0.7812319219398668,0.5656463158157982,13.575511579579157
12496042,5.256507105802111,0.7309139088050999,1.1953156688867084,28.687576053281
12502187,11.924913030937715,0.6601401904807956,0.526895692310597,12.645496615454327
12504572,48.314220099843354,0.8804154026301809,0.1300483645228076,3.1211607485473825
12504832,6.348290061167186,0.8338645776417722,0.9897445212237782,23.753868509370676
12505068,6.277729338099893,0.7225346597650713,1.0008690991257907,24.020858379018975
12508478,15.65047080045512,0.2262803165862605,0.40146941183372387,9.635265884009373
12516209,10.460107735222785,0.740905721751177,0.600680745000545,14.416337880013081
12517171,40.02768883988104,0.7943721296147109,0.1569709740753111,3.7673033778074663
12518025,40.5846380004806,0.7683472769112372,0.15481683752126066,3.715604100510256
12525125,11.242060505078774,0.7822011271958789,0.5588997946009151,13.413595070421962
12526629,8.917523603764877,0.7518087082040023,0.7045885815796323,16.910125957911177
12533027,10.894812124458793,0.623639373583649,0.5767135068877296,13.84112416530551
12534878,18.00050627113794,0.8527542330062164,0.34905603278803676,8.377344786912882
12536474,32.31824528334179,0.8570986448996234,0.19441604122047462,4.665984989291391
12544799,11.404054588209592,0.7140066710728659,0.5509606481255919,13.223055555014206
12560639,16.673202190094514,0.9337654612913765,0.37684334631966515,9.044240311671963
12561269,33.35159190586525,0.841002655378312,0.18839236594504558,4.521416782681094
12562559,19.9923026710259,0.8751060566146573,0.31428022127163835,7.54272531051932
12565297,44.48524225245692,0.6828416515252763,0.14124201620667956,3.3898083889603097
12566108,16.418531564995302,0.8865580870323518,0.38268862731765163,9.18452705562364
12569794,8.234225616635618,0.7835742772069119,0.7630572199146035,18.313373277950483
12571908,38.26525916473428,0.8812369637364434,0.16420077752851717,3.9408186606844122
12578804,12.093932940033302,0.7385146396915367,0.519532011491564,12.468768275797537
1258617,43.33429688294945,0.3790884336822874,0.14499335997422869,3.4798406393814885
12586257,11.808424090933322,0.6733340494321691,0.5320934663926837,12.77024319342441
12586505,34.51215121512151,0.7886909517171957,0.18205719104599327,4.3693725851038385
12588097,13.056214762748061,0.7390628559937205,0.48124095852855797,11.549783004685391
12590447,10.497043599257061,0.6625984384978889,0.59856713442862,14.36561122628688
12600146,41.90165350966679,0.8626567261609696,0.14995077236582188,3.598818536779725
1260026,43.33498708099101,0.29109470021633604,0.14499105065928863,3.479785215822927
12603859,8.77192987123633,0.7101815950191555,0.7162831212071722,17.190794908972133
12605297,35.127000148290485,0.8903075646689433,0.17887053493480196,4.292892838435247
12606318,30.815580420767738,0.8664622818306114,0.20389638038247432,4.893513129179384
12606453,8.417477423517468,0.7981120832941856,0.7464451629683123,17.914683911239496
12609733,20.24877069103709,0.9147150069622024,0.3102995931481793,7.447190235556302
12611230,13.932851727261806,0.7282576070779931,0.4509619014236368,10.823085634167283
12613384,6.298160195362035,0.7298334735798129,0.997622339267668,23.94293614242403
12613681,6.3263277845398544,0.8107970260954234,0.9931804865587744,23.836331677410588
12615560,10.109102558710372,0.7126163396935756,0.6215373986651035,14.916897567962483
12616804,10.234456563198574,0.7344541418874023,0.6139246640386251,14.734191936927003
12619667,17.796411018095508,0.4962268100948097,0.3530591252804176,8.473419006730023
12622733,11.325098881583138,0.720090643948599,0.5548018055186515,13.315243332447636
12625670,41.3938515055454,0.47052491581151784,0.1517903040826691,3.6429672979840584
12626143,50.58846530302839,0.812834357912586,0.12420193555077967,2.980846453218712
12626724,46.8724697329931,0.5756966326715042,0.1340485223623049,3.217164536695318
12627837,12.908863243791034,0.7507260409178208,0.4867342064532059,11.681620954876943
1262924,37.034473412746316,0.17197790886148226,0.16965774663929944,4.071785919343187
12632568,18.606919385847387,0.8802988250541868,0.3376800413269185,8.104320991846043
12637313,36.72923620958736,0.5778998728935897,0.17106768219534874,4.10562437268837
12641095,1.9076738152418475,0.27148120355259586,3.293637128621503,79.04729108691608
12641788,27.860371041066585,0.7907221386758942,0.22552410726756228,5.412578574421495
12643891,38.42256747554739,0.7403565847365654,0.16352851253832232,3.9246843009197354
12644081,9.249855371081454,0.7361787521309143,0.6792738972787834,16.3025735346908
12646605,47.94355550134513,0.8381555141910841,0.13105380361294444,3.1452912867106666
12650705,10.666880911824254,0.728489018437745,0.5890367914593164,14.136882995023594
12651916,21.295266922550347,0.7983074877837142,0.29505078898664044,7.08121893567937
1265213,10.775713620172104,0.6714058948647582,0.5830876291494498,13.994103099586795
12655997,9.232388652452194,0.7146071619356434,0.6805590128087516,16.33341630741004
12657079,26.63811074579619,0.7030171537590258,0.2358720318846616,5.660928765231878
12664310,8.123225127793308,0.3145664810069945,0.7734840790860154,18.56361789806437
12665575,15.638942923137714,0.8853446996465815,0.40176534552624105,9.642368292629785
1266960,22.194006307025408,0.6759665099869282,0.2831027990287032,6.794467176688878
12671517,42.9788472377537,0.7924016910559883,0.1461925042433497,3.5086201018403926
12675297,51.74329603939843,0.7284749875662011,0.12142993949197664,2.914318547807439
12682467,14.278931721491357,0.7532100827058903,0.4400318896211755,10.560765350908213
12683218,14.230359199085564,0.7133084034363002,0.44153385162500614,10.596812439000146
12686384,57.3342724237933,0.7802187354942294,0.1095886463987308,2.630127513569539
12689098,5.696886527822785,0.7524922264366666,1.1029156498893564,26.469975597344554
12692735,64.10961223039935,0.8137834565298967,0.09800691485387335,2.3521659564929602
12696409,11.928619555361262,0.6892053557918917,0.5267319724649646,12.64156733915915
12701483,42.38387119963724,0.7052784659357517,0.1482447244515353,3.5578733868368473
12703783,49.61141928520376,0.8715539432213008,0.12664796528112027,3.0395511667468864
12704270,13.142327359975853,0.7369964179036136,0.478087718794362,11.474105251064689
12708445,7.690975303025806,0.3327393539515212,0.8169555953076116,19.60693428738268
12708840,11.618631079417067,0.6594963903862902,0.5407853355728399,12.978848053748159
12709098,11.965188364679436,0.31752663685278937,0.5251221389649992,12.60293133515998
1271119,11.11539385922033,0.5303687047595057,0.5652687962979936,13.566451111151848
12715997,19.471375482664932,0.36674615535752847,0.32268831304565054,7.744519513095613
12725415,10.207383228525941,0.7395734855405114,0.615552993995597,14.773271855894329
12728740,11.261259076621542,0.7692028499518587,0.5579469635170303,13.390727124408727
12729414,12.420834762513035,0.6478430998934782,0.5058585374746862,12.14060489939247
12734547,11.424007054500686,0.7632690362914841,0.5499983742310642,13.19996098154554
12737253,16.31338681924053,0.880260294304503,0.38515517205593364,9.243724129342407
1273940,16.434599311513914,0.8957581783248597,0.3823144810581205,9.175547545394892
1275351,38.56799502518554,0.823493303530726,0.1629118989223205,3.909885574135692
12754432,17.255603698105446,0.6492014023757773,0.36412433995974536,8.738984159033889
12754819,18.882387550422266,0.15700452037049037,0.3327537521619757,7.986090051887418
12755087,40.245058077742385,0.6551888228513323,0.1561231516933632,3.7469556406407163
1275589,17.558360670088934,0.12092714069223835,0.35784578214543317,8.588298771490397
12757511,12.111549379485362,0.70280886905403,0.5187763439929572,12.450632255830975
12759417,17.632692113564975,0.40220669704493733,0.3563372664090176,8.552094393816422
12762287,11.376072162756186,0.7331028756681077,0.5523158799704115,13.255581119289877
1276492,27.674676328283837,0.6739035173521696,0.22703735475157477,5.448896514037795
12765243,9.839096333434036,0.730618652093978,0.6385937381087347,15.32624971460963
12767772,15.289726028068552,0.9110779250232119,0.4109416542614988,9.862599702275972
12770273,34.573462837300276,0.5640236413414593,0.1817343358618057,4.3616240606833365
12771186,38.3341390452008,0.8164791358166988,0.16390573686214566,3.9337376846914958
12773588,9.396167036659303,0.7489652805857054,0.6686966379658464,16.048719311180314
12778181,41.43274235970953,0.7985723152622481,0.15164782607509825,3.639547825802358
12778587,0.7240519805039289,0.2564626616354749,8.677809710300892,208.2674330472214
12783388,20.385459500914095,0.8681431420988746,0.30821896886346095,7.397255252723063
12787860,49.04670463799129,0.6224905821280643,0.12810616642963343,3.074547994311202
12788498,39.012243986573125,0.6739715779482559,0.1610567520633285,3.8653620495198844
12790803,43.631787898548275,0.807969769201569,0.1440047637238501,3.4561143293724026
12793425,7.246401473823204,0.1383663924423598,0.8670766213929595,20.80983891343103
12799085,20.006463870611498,0.3089541614232301,0.31405776392145307,7.537386334114874
12800455,10.041721847954665,0.7824872198621861,0.6257079614746915,15.016991075392596
12800586,11.362508182721683,0.7527267751096315,0.5529752063663256,13.271404952791814
12808418,46.50811978387558,0.8705686615898562,0.13509867387410432,3.2423681729785034
12813888,46.78959557233331,0.8196461414573324,0.13428595033411303,3.2228628080187125
12815608,17.312320896056004,0.9197584163751279,0.3629314258269662,8.710354219847188
12833050,10.703452464985926,0.7502626029372447,0.5870241707275007,14.088580097460017
12835333,58.33323745712204,0.6442979752277426,0.10771192515755797,2.5850862037813913
12837651,13.367666159686687,0.6987440137466461,0.47002859228546534,11.280686214851169
12841922,16.310750070122022,0.6628580388245465,0.3852174351374008,9.24521844329762
12844564,28.34227488072355,0.8197596216297476,0.22168951975880288,5.320548474211269
12852289,8.14879289737625,0.6981924199417066,0.771057184334952,18.505372424038846
12854699,5.539997745454908,0.20830156712974196,1.134149433965817,27.219586415179606
12856149,10.087525048310672,0.6545092688544822,0.6228668852952998,14.948805247087193
12857706,58.03832922028438,0.7642876865070019,0.10825923818950348,2.5982217165480836
12858280,11.62452017037302,0.8011317169840213,0.540511368649289,12.972272847582936
12873666,34.74452909134099,0.4880117361865718,0.1808395586730078,4.340149408152187
12876197,9.015301909607729,0.7119222038433102,0.6969467434566458,16.7267218429595
12877772,10.14137458879314,0.5972143482745247,0.6195595332927455,14.869428799025892
12878768,10.02415864398461,0.7572925262872952,0.6268042566295635,15.043302159109524
12880937,6.9396033575610385,0.8017843999582671,0.9054098603969559,21.72983664952694
12882652,56.571813772228,0.6945818770142812,0.1110656506874118,2.665575616497883
12886960,40.33010137729811,0.6549395493219251,0.1557939378430723,3.7390545082337354
12887415,21.636706025264733,0.7784629044198358,0.2903947255114915,6.9694734122757955
12887864,21.751692308387767,0.9083854634129072,0.28885960770770464,6.932630584984912
12891928,45.44940893344596,0.8795644437403833,0.1382456990008472,3.317896776020333
12892308,44.31258296048475,0.8046378235777351,0.14179235078177563,3.403016418762615
12895722,9.415799747941888,0.7122988174067426,0.6673023508760336,16.01525642102481
12896156,19.333541239667753,0.7933028909016312,0.32498884861755223,7.799732366821253
1289914,33.56353662066961,0.6595868418067689,0.1872027187775611,4.492865250661466
12901802,10.770544017144037,0.5286220978815824,0.5833674972386086,14.000819933726607
12905848,19.25807647102355,0.6878679259797233,0.3262623511041464,7.830296426499514
12936747,13.542295960774952,0.7017635870801678,0.46396750782723506,11.13522018785364
12938570,46.65173652861634,0.7889070513793272,0.1346827744198859,3.232386586077262
12943921,10.275714372953278,0.8254717960365189,0.6114597077277242,14.67503298546538
12946318,18.297501915138042,0.8389560037633546,0.34339033472002695,8.241368033280647
12947453,9.664112985355612,0.7240031766992447,0.6501564413310078,15.603754591944188
12949815,21.86816794475702,0.9360460518292582,0.28732106516888195,6.895705564053166
12957445,44.02153220610689,0.7855044662234274,0.1427298186206238,3.4255156468949712
12960704,40.78635664023356,0.3569464208959224,0.1540511539827404,3.69722769558577
12963023,50.012622314763625,0.8195917479702204,0.1256319908129433,3.015167779510639
12968612,18.92570362084166,0.7026341728727651,0.3319921643631954,7.96781194471669
12970590,12.878837334513948,0.6688543414795234,0.48786898568408044,11.708855656417931
1297279,7.663828408496678,0.20661524312681345,0.8198494241094425,19.676386178626622
12976843,24.76644225187897,0.78957118310467,0.253697533270161,6.0887407984838635
12978739,10.050255997614354,0.6761443473933892,0.6251766431293926,15.004239435105422
12985545,24.081150868240943,0.7140434963554411,0.2609171522390181,6.262011653736435
12987306,19.263176656254473,0.7405739751470858,0.3261759687564059,7.8282232501537425
12991087,37.35048086350266,0.5663041202255051,0.16822234043362086,4.037336170406901
12994117,10.850788161888552,0.8275002130599726,0.5790533566260327,13.897280559024786
12996535,30.78664403994833,0.9038825882424459,0.20408802268368745,4.898112544408499
13004238,44.19616528407406,0.8542024567309963,0.14216584780136368,3.4119803472327286
13005046,9.287376581539371,0.783647688900478,0.6765296154426158,16.23671077062278
13009885,20.465523905741758,0.9296525237942461,0.3070131669298137,7.368316006315528
13011302,44.95403236403897,0.8240839284498577,0.13976911473253792,3.35445875358091
13011832,2.461051971903926,0.15129885413482821,2.553048606413123,61.27316655391495
13011972,11.788873321061848,0.7425329285760442,0.5329758948172026,12.791421475612864
13012463,11.55753522292246,0.7514542822799202,0.5436440543757052,13.047457305016923
13015485,11.404444438319128,0.7396687555027197,0.5509418140587345,13.22260353740963
13016479,23.144742038334197,0.3573599106597155,0.2714735509591278,6.515365223019067
13017957,6.306400040968315,0.35950929126744274,0.9963188612143349,23.911652669144036
13021022,8.302765256566738,0.7586377981765325,0.7567581538223248,18.162195691735796
13021365,10.412621815896737,0.74730945839582,0.6034201009381879,14.482082422516509
13023160,12.530257864962158,0.7326496444311688,0.5014410217964467,12.03458452311472
13033282,49.345856581343035,0.8246908233425414,0.12732954177869452,3.0559090026886686
13033809,11.343666554636188,0.7459320042227393,0.5538936883340978,13.293448520018348
13035082,10.248199817078921,0.8810432894948457,0.6131013660280585,14.714432784673406
13043556,105.73382558154529,0.7831932422174817,0.05942455285828842,1.4261892685989221
13049022,8.177412395932292,0.7460605776670155,0.7683586204243588,18.44060689018461
13052359,11.468518506391177,0.6624999648831118,0.5478637283166167,13.1487294795988
13053482,54.57463380735211,0.7591519008384895,0.11513014140157432,2.763123393637784
13053898,14.44850055627962,0.6295824691985573,0.43486763783587096,10.436823308060903
13055164,21.02138781686315,0.8398917895628819,0.2988948856240251,7.173477254976603
1305630,22.122404894754453,0.8393136047158587,0.2840190900162677,6.816458160390424
13056608,16.253141013120132,0.7947263236761483,0.3865828335647595,9.277988005554228
13059982,6.250997661570118,0.24365236621837283,1.0051492013518661,24.123580832444787
13061514,10.70069199733381,0.691740487799706,0.5871756059089551,14.092214541814922
13063224,55.22694933657152,0.8166069647945747,0.11377027669748244,2.7304866407395787
13066028,10.597222606698402,0.7496677105375105,0.5929086837534248,14.229808410082194
13071800,6.172942320242298,0.7305104893971867,1.0178590664253866,24.42861759420928
13077277,29.513121543371895,0.6887650533787678,0.21289463732075722,5.109471295698174
1307948,11.911885029627332,0.6565837108143476,0.5274719569196646,12.659326966071951
1308565,61.11668054119984,0.6283408912925722,0.102806390195619,2.467353364694856
13087122,10.239156928864109,0.6338815952799286,0.6136428370843046,14.72742809002331
13088404,21.18051506468371,0.38705270035950873,0.2966493160336851,7.119583584808442
13089931,20.434213151020337,0.7820206044063727,0.307483594339714,7.379606264153136
13093137,21.163244737731855,0.41832490094282,0.2968913975642555,7.125393541542131
13095415,37.46540093809378,0.8787996920979223,0.16770634104681414,4.0249521851235395
13102760,9.035133646411404,0.7131094301472807,0.6954169747865496,16.690007394877192
13103579,10.878902251714582,0.6723465695152105,0.5775569227298938,13.86136614551745
13104605,10.326465771346971,0.7327482012224699,0.6084545716128409,14.602909718708181
13109299,20.005468120860023,0.7576205065054343,0.3140733957946232,7.537761499070957
13112616,9.626995664324461,0.758344836610576,0.6526631491550055,15.66391557972013
13112627,15.806966913801325,0.3843039769023378,0.39749468329016574,9.539872398963977
13116521,10.032799410200171,0.7769947461254836,0.6262644203562548,15.030346088550116
13119720,10.95725647096602,0.731169392065384,0.573426872304071,13.762244935297703
13127606,1.703629902802334,0.7605868111698603,3.6881163548751124,88.51479251700269
13134888,36.934165738087735,0.6050189303077741,0.17011851172531448,4.082844281407548
13135923,7.83868345063404,0.2670735486590445,0.8015613013013511,19.237471231232426
13139150,37.162578290286994,0.536949109267842,0.16907291141373235,4.057749873929576
13141670,25.801999254801725,0.5485710962219497,0.24351544409917353,5.844370658380164
13142102,50.78190556227009,0.6995833602062007,0.12372882107535293,2.9694917058084704
1314512,10.43152261863458,0.6082297046902566,0.602326768285531,14.455842438852745
13149431,30.82556468159221,0.5186573386207232,0.2038303392680963,4.8919281424343115
13150279,25.451538922779633,0.4799285018141217,0.24686858135544842,5.924845952530762
13152119,21.65545310606668,0.4772172951252962,0.290143331400412,6.963439953609887
13155170,8.71747009738327,0.7838876323803565,0.7207578846832655,17.29818923239837
13157383,20.78321930434033,0.26658482758806024,0.30232011774361717,7.255682825846812
13163604,33.005353250014856,0.8609690786900315,0.1903686732144507,4.5688481571468165
13164159,7.124679255561562,0.09574664471405646,0.8818902692742132,21.16536646258112
13172492,10.228158478139349,0.7544438948993354,0.6143026939413037,14.743264654591288
13174732,10.816125463159159,0.742303300349677,0.5809090629154372,13.941817509970493
13175638,101.05960362922517,0.5940233575521676,0.06217306501845974,1.4921535604430338
13176106,10.483125425752238,0.6969871510269634,0.5993618364752822,14.384684075406772
1317672,5.874513575222133,0.3574335215631402,1.0695669057062311,25.66960573694955
13179418,127.61675836142616,0.7531174075614472,0.04923479790471438,1.181635149713145
13182467,18.707713055206625,0.9257153681729053,0.3358606842342435,8.060656421621843
13184920,22.60202644890518,0.6252479213434774,0.2779921225817315,6.6718109419615566
13186691,49.090280283171445,0.8384333990991826,0.1279924512741785,3.071818830580284
13193101,29.60058592895038,0.5194737335311095,0.21226557211607144,5.094373730785715
13198074,9.971818687857624,0.7425164214079399,0.6300942189041631,15.122261253699914
13199433,6.297673635596885,0.5369713996387898,0.9976994158072268,23.944785979373442
13201180,38.24190149538721,0.6985307949610478,0.16430106928489088,3.9432256628373814
13201200,48.885485584404705,0.7277370600738783,0.12852864673566888,3.084687521656053
13210135,12.585390899105407,0.7594493265173866,0.49924435065629996,11.981864415751199
13214916,26.114040569181288,0.5940170210947686,0.24060563475553232,5.774535234132776
13215994,11.258109739638966,0.7694536201416792,0.5581030432717278,13.394473038521467
13216730,2.788999442447471,0.21582077876044561,2.2528456662816008,54.068295990758415
13217155,12.41931573283576,0.5030206557818993,0.5059204099761556,12.142089839427735
13217513,18.01154888090732,0.9388433094991357,0.34884203178328077,8.372208762798738
13222675,11.139106955924968,0.7551859226517101,0.5640654436698371,13.537570648076091
13227470,9.970289820155045,0.7237222490636219,0.6301908390343941,15.124580136825458
13232898,12.581617029869449,0.16650154765318043,0.4993940995233728,11.985458388560948
13233004,9.332367003934836,0.7603635016605982,0.673268132782432,16.15843518677837
13237486,10.03747847570272,0.746006962389265,0.6259724812749552,15.023339550598925
13242539,11.697642962018438,0.71830357214829,0.5371325939405674,12.891182254573618
13245042,46.9389636994147,0.6778382710263533,0.1338586285674205,3.2126070856180924
13245386,41.23558032055713,0.7261047481593966,0.1523729085012352,3.6569498040296446
13247068,7.259176346674234,0.38340790244625234,0.865550719133336,20.773217259200067
13256309,54.11625139022387,0.6492361891843673,0.11610533149963612,2.786527955991267
13266018,10.989649586284916,0.6956017699564971,0.5717366379926255,13.721679311823014
13269153,10.481163517891943,0.6134269346674271,0.5994740275212606,14.387376660510252
13273848,10.696638268667728,0.5691597722525411,0.587398129147183,14.097555099532393
13282721,9.114376059977536,0.784141831620904,0.6893708648658801,16.54490075678112
13286196,11.616245399910456,0.7348743310712066,0.5408963990402631,12.981513576966314
13287580,45.59127153683679,0.7620461674346706,0.1378155312492854,3.3075727499828496
13290819,30.298019898027057,0.5543782178762278,0.2073794039454286,4.977105694690286
13293509,12.17572550309857,0.7715813428158742,0.5160419644464385,12.385007146714523
13293930,20.10691983450862,0.24664917926434352,0.3124887033366509,7.499728880079622
13300212,13.629920050331858,0.16604817943428946,0.46098475148624257,11.063634035669821
13304510,20.776593996751537,0.6714080813129235,0.3024165225619741,7.257996541487378
1330574,23.419502368268418,0.3505868518845853,0.2682885916351838,6.438926199244412
133089,31.675158842521984,0.5787731696919056,0.19836318227849864,4.760716374683968
13313044,20.184380156314397,0.8969934163588075,0.3112894851623165,7.470947643895597
13314310,39.2549957609204,0.7066722994362589,0.1600607817014388,3.8414587608345316
13316420,23.121708109482118,0.8121318853688856,0.2717439938878425,6.521855853308219
13320417,85.04618884297724,0.7003966168684558,0.07387968106108056,1.7731123454659334
1332201,10.819712490049765,0.6351327748195258,0.5807164758728895,13.93719542094935
13331395,9.71530953904471,0.5653514775509134,0.6467303261855104,15.52152782845225
13333535,2.7547309959422774,0.1762404024713252,2.280870733452641,54.740897602863384
13335662,10.634638574173119,0.6785674124665563,0.5908226465202769,14.179743516486646
13338327,44.015917990386775,0.925329548117295,0.14274802376158224,3.425952570277974
13340259,35.275392684047056,0.6822708471555603,0.17811808258114994,4.274833981947599
13342676,42.967533131241204,0.21456219049168296,0.14623099929865777,3.509543983167786
13348504,16.575396179054973,0.689332258918838,0.37906697609551887,9.097607426292452
13355848,10.784752506726155,0.6388594978165504,0.5825989333794109,13.982374401105861
13361210,7.693742449074601,0.6514359281665167,0.81666176750371,19.59988242008904
13361822,43.957706484968284,0.7732358197771197,0.14293705949668178,3.430489427920363
13362057,21.38563981493159,0.2846403361658205,0.2938039432793882,7.051294638705317
13363864,6.302175512420257,0.9182130602922853,0.99698672225119,23.92768133402856
13364526,44.616909380706375,0.6948102057648862,0.1408252026953847,3.379804864689233
13367453,11.406829775747203,0.8272186959169208,0.5508266039472836,13.219838494734805
13370317,5.665057122704365,0.35649557182349634,1.1091124363067573,26.618698471362173
13374892,11.323368762287283,0.6865228455596312,0.5548865747537841,13.317277794090819
13379825,17.481495903940154,0.6447254022743548,0.359419201978214,8.626060847477135
13382039,8.193641904054449,0.27690595480232,0.7668366985955887,18.40408076629413
13388086,33.021049103138104,0.767723333720122,0.1902781855159918,4.566676452383803
13389636,11.548755702827801,0.7876183776625275,0.5440573399297987,13.057376158315169
13397464,50.721001570006784,0.825170797235642,0.12387739028590215,2.9730573668616516
1340367,14.425670592211144,0.5349070179950913,0.43555585627832566,10.453340550679815
13404301,14.031422471982616,0.3493895784935803,0.44779389400651287,10.747053456156308
13412255,38.49575170585842,0.8325786741972473,0.16321762866688974,3.917223088005354
13419213,10.488552276661348,0.7641220637635333,0.5990517224346248,14.377241338430995
13420390,50.85464800856787,0.711015457797397,0.12355183947239218,2.9652441473374123
13422261,44.68430713119487,0.9177666295370299,0.14061279474988633,3.374707073997272
13423223,9.899717766852243,0.6536414986225906,0.6346832763473231,15.232398632335755
13425897,15.308032201399934,0.6157488132828408,0.41045022799239883,9.850805471817573
13432696,16.496310186300267,0.9039772925038493,0.3808842848019189,9.141222835246053
13437861,21.62137372485737,0.8445331662179274,0.2906006522590199,6.974415654216477
13438932,10.792891588366544,0.6518381428177825,0.5821595867739573,13.971830082574975
13447113,9.978527879416497,0.6898611033773414,0.6296705669521064,15.112093606850554
13447861,50.66629841150939,0.5672984727138763,0.12401113766290639,2.9762673039097534
13451729,3.2080765160079765,0.28120140434351354,1.9585521965661132,47.005252717586714
13456555,34.293179554566905,0.6750113922153383,0.18321967775492662,4.397272266118239
13459905,16.598849363322767,0.6930809737445305,0.37853137706418793,9.08475304954051
13473080,45.62524266260595,0.8939044825879977,0.13771291812392333,3.30511003497416
13474411,8.146942509001518,0.7462606159031382,0.7712323120283867,18.509575488681282
13480349,10.565277417648062,0.6394590543463183,0.5947014033615681,14.272833680677634
1348385,9.53530524278698,0.6092775103623302,0.6589390845072869,15.814538028174885
13488714,12.726923887180472,0.7821782486929062,0.4936923771115257,11.848617050676616
13498334,10.853821857820456,0.7781935440905234,0.5788915084000932,13.893396201602236
13504794,43.37389171599822,0.49000596263156954,0.14486099952294731,3.4766639885507358
13506406,8.22438672548771,0.7027799507077835,0.7639700705838331,18.335281694011996
13509076,11.543967224095443,0.7579860594144775,0.54428301685272,13.062792404465279
13514372,56.55931853146848,0.810817448442349,0.1110901876175143,2.666164502820343
13515042,6.525515164178746,0.3491522376405046,0.9628642565525848,23.108742157262036
13515755,9.481391819498004,0.6759121430951592,0.6626859670811761,15.904463209948226
13517578,11.758102624154724,0.6246110084979245,0.5343706810546125,12.8248963453107
13520331,9.346555179182348,0.8198817171736426,0.672246104230377,16.133906501529047
13529973,19.86704163105869,0.8796763696997322,0.3162617476653852,7.590281943969244
13531485,50.759065289852366,0.5516937575433633,0.12378449585902257,2.9708279006165417
13532661,8.973710164278232,0.3462371215509732,0.7001769827814526,16.80424758675486
13534640,16.840908653662037,0.9533494315161637,0.37309063521422964,8.954175245141512
13538276,543.6925632272912,0.18145030324260294,0.011556504046852108,0.2773560971244506
1354474,46.580098416935144,0.4874891794370995,0.13488991051369711,3.2373578523287305
13545282,20.738061230646544,0.7861460711198731,0.30297843358155124,7.271482405957229
13547350,10.373233213102285,0.762639945118292,0.6057113706113715,14.537072894672916
13564163,21.876523421388992,0.9186160161857337,0.28721132632237284,6.893071831736949
1357156,42.85569377645973,0.8469572849865861,0.1466126144160309,3.5187027459847418
13572414,10.22814403025581,0.5221868599805001,0.6143035616817024,14.743285480360857
13573253,37.371517846132576,0.8455654406220403,0.16812764557888588,4.0350634938932615
13579321,15.935465128613052,0.8358813888639234,0.3942894202628427,9.462946086308225
13585738,13.22582132549685,0.6243590434995768,0.4750695743232829,11.40166978375879
13587309,10.816024722639348,0.6652016998414801,0.5809144735059695,13.941947364143267
13588422,29.172590977266285,0.7169890306934579,0.21537974847952202,5.169113963508528
13592016,9.620315660468197,0.7043680490378225,0.6531163351529569,15.674792043670966
13596315,12.801594797166327,0.6530467638431047,0.4908127000372164,11.779504800893193
13597118,9.273003426625962,0.6054375627179117,0.6775782363175251,16.261877671620603
13603454,8.136399314261428,0.7016859046972026,0.7722316794563486,18.533560306952367
13606134,83.11300901867364,0.6888912154320936,0.07559809687275183,1.814354324946044
13606534,58.125330346770994,0.759068371694549,0.10809719737839964,2.5943327370815914
13613269,48.03972838147571,0.8712420683042982,0.13079144114400124,3.13899458745603
13614607,6.0535797399090825,0.2708783300878738,1.0379288911909093,24.91029338858182
13620414,10.717832002013134,0.5589137433606922,0.5862365920644598,14.069678209547035
13628820,49.191933507648585,0.5089941251123831,0.12772795983314314,3.0654710359954356
13633259,13.497983705823284,0.7119762274846378,0.4654906572800871,11.17177577472209
13637483,53.615021891315955,0.8420868192361631,0.11719076269177606,2.812578304602625
13638780,20.672267148379362,0.8892326217411843,0.3039427297490284,7.294625513976682
1364129,38.11938708279895,0.8674547817202466,0.16482912732914376,3.95589905589945
13642503,18.53333422202097,0.9147168640939558,0.33902077369942535,8.136498568786209
13642932,37.41503661253085,0.7744332863593294,0.16793209030497794,4.030370167319471
13643051,35.01096150986007,0.7233848284665916,0.17946337478935176,4.307120994944443
13647779,16.605488528001132,0.8755041844244987,0.37838003360060846,9.081120806414603
1365085,6.940075038287406,0.30044280172025617,0.9053483244080427,21.728359785793025
13665623,12.801291728601736,0.22399258877118017,0.490824319950553,11.77978367881327
13666184,16.034234326003013,0.4291156452357848,0.3918606388949941,9.404655333479859
136668,11.789861447113921,0.6987287750415855,0.5329312253044048,12.790349407305715
13667123,43.290711954610885,0.4362973162159697,0.14513933875163182,3.4833441300391637
13668495,40.99072281065491,0.7451994473990158,0.15328310594089764,3.678794542581543
13673198,10.461511378137725,0.6669089058408663,0.6006001504056165,14.414403609734798
13674967,13.006473271725254,0.7489976871726242,0.4830813992320724,11.593953581569737
13681471,10.414780657321142,0.7583572330226872,0.6032950202136785,14.479080485128286
13682755,43.373837383738376,0.8316890237385166,0.14486118098315331,3.4766683435956796
13687615,42.784468433442775,0.8710882484877123,0.14685668742043528,3.524560498090447
13691271,9.31148578573978,0.8150251337909546,0.674777951849754,16.194670844394096
13693109,18.96659598645567,0.5860317762971213,0.33127638252359587,7.950633180566301
13693315,59.95882057515664,0.825850606772581,0.1047916761355203,2.515000227252487
136986,20.868424308921327,0.2963662790574195,0.30108575588495684,7.226058141238964
13702405,12.068852721503024,0.7818817242529876,0.5206116481962583,12.4946795567102
13705378,17.576033589308057,0.9595097742780028,0.3574859637843322,8.579663130823972
13711003,49.24508600407101,0.7411907419225353,0.12759009714512765,3.0621623314830635
13711306,12.696638337728,0.706058329748751,0.4948699915716376,11.876879797719301
13712985,17.998700419757046,0.9435800792264593,0.34909105438982574,8.378185305355817
13714791,18.474150657373297,0.8989772214100124,0.34010685653209594,8.162564556770302
13715740,19.891272162917456,0.9163030149289483,0.31587649375654764,7.581035850157143
13716218,11.174868874809171,0.7541164249772018,0.5622603162121562,13.49424758909175
13716339,12.151809013588265,0.6672602612321303,0.5170576084724233,12.409382603338159
13716945,18.797082468502914,0.9105964725304787,0.334263858112445,8.02233259469868
13719041,48.657157549310355,0.6993246827074797,0.12913177883052565,3.099162691932616
1372405,10.664224346456987,0.5842450327669095,0.5891835264387579,14.14040463453019
13732238,12.588420347200103,0.5160029182723281,0.4991242057290439,11.978980937497054
13733154,12.799577122003287,0.7399438464453411,0.49089006982725947,11.781361675854228
13740532,47.047742815879275,0.78788948763276,0.1335491339461013,3.205179214706431
13740631,10.100139377944815,0.7770140491888257,0.6220889704650882,14.930135291162117
13748458,38.473308738032124,0.8345745638509399,0.16331283981739922,3.9195081556175815
1374889,20.06564112395148,0.8283807850659878,0.31313155001459797,7.515157200350352
13752690,9.580215237133727,0.7385503886276311,0.6558501194028947,15.740402865669473
13755234,33.737852385866034,0.85779470953717,0.18623548515529792,4.4696516437271505
13782315,9.95061260442,0.6757984762137056,0.6314370337750497,15.154488810601192
13789361,10.32972145292031,0.4935887503434192,0.6082628012591056,14.598307230218534
13796841,13.904398060139489,0.7088549780693095,0.45188474035362547,10.845233768487011
13801112,54.564865199119,0.2103131165897448,0.11515075285627269,2.7636180685505445
13803333,122.1183763217505,0.7426721501204406,0.05145159554549767,1.2348382930919442
13803688,13.449080453348227,0.7600745027859594,0.46718326423687584,11.21239834168502
13803795,11.72485788296309,0.6696521997316017,0.5358858392910182,12.861260142984436
13806334,11.151368918698545,0.7658368383981721,0.5634452014805089,13.522684835532214
13806757,9.63525824077345,0.7405500994350098,0.6521034673041848,15.650483215300435
13811074,12.357910581617363,0.7416852180415364,0.5084342750081028,12.202422600194467
13813457,54.96401610172418,0.8145706204582798,0.11431452344295649,2.7435485626309557
13814018,9.63251814157354,0.8077521348115334,0.6522889668965818,15.654935205517962
13824707,35.30334676751499,0.8744547544754857,0.17797704417534635,4.271449060208313
13830332,40.27835354829925,0.8251463404985125,0.15599409493352773,3.7438582784046655
13836407,104.69531673414286,0.5970866413680108,0.060014005431921445,1.4403361303661146
13841481,4.08436793652563,0.628863651921894,1.538349483892086,36.920387613410064
13842281,1.0504784201662714,0.29911600804016747,5.9812607156509445,143.55025717562268
13842802,22.60354689082537,0.8908508461820929,0.2779734232652615,6.671362158366275
13843839,9.662937136364308,0.8473099733863251,0.6502355565922312,15.605653358213548
13849837,16.6609675400748,0.2906358507135543,0.37712007373320755,9.05088176959698
13852045,26.116154394779887,0.8816401492733861,0.24058616028229154,5.774067846774997
13857654,11.18233143586622,0.7373147282163451,0.5618850901724208,13.4852421641381
13859117,9.614052336426928,0.7439895839376134,0.6535418247488695,15.685003793972868
13865387,16.46656094775468,0.8907928015060809,0.3815724076882209,9.157737784517302
13866427,12.037230874732787,0.5726753537285019,0.5219792967806698,12.527503122736075
1387057,6.297960890620049,0.7538337136724369,0.9976539099405224,23.943693838572536
13871104,11.703035088397547,0.6979160767959884,0.5368851122568,12.8852426941632
13883388,10.357730131642239,0.7848825585371747,0.6066179778120339,14.558831467488812
13889488,10.542350614303132,0.6115581684982816,0.5959947204426113,14.30387329062267
13891076,10.542093640625481,0.5843998832780429,0.5960092483874763,14.30422196129943
13900437,10.787224257969946,0.7334773011068938,0.5824654384595155,13.979170523028372
1390653,12.039930176978517,0.6240026361927354,0.5218622711943653,12.52469450866477
13907158,11.452334471442315,0.7367655878083204,0.5486379500046402,13.167310800111366
13908471,31.281672138934518,0.3366221810780517,0.20085835818729342,4.8206005964950425
13908938,63.274626614113586,0.7264509439099268,0.09930023523486275,2.383205645636706
13914040,3.7529144188115597,0.6450676827630146,1.6742149183272053,40.181158039852924
13914778,10.780360801331554,0.7017808644907572,0.5828362726415899,13.988070543398157
13917101,11.430598261120343,0.6962756417042939,0.5496812295950426,13.192349510281023
1391871,2.539156711412473,0.11898486436168128,2.4745165506875697,59.38839721650167
1391917,18.93329218012853,0.9282176888135393,0.3318591002242132,7.964618405381117
13923029,34.262431415543645,0.7041107005924888,0.18338410461813076,4.401218510835138
13935490,55.31173721653263,0.7625597617860581,0.11359587717490001,2.7263010521976003
13935727,57.71364503650158,0.7357613362051532,0.10886828068484883,2.612838736436372
13940653,30.901494256369052,0.6965682841597584,0.20332949775995282,4.879907946238868
13945144,10.783439128274571,0.6496096887044822,0.5826698915288393,13.984077396692143
13950339,12.16652224695353,0.7160978972772405,0.516432319741402,12.394375673793649
13954094,15.404356040371574,0.3011199651280116,0.40788367204138104,9.789208128993145
13957426,12.048110718419649,0.6158707010352139,0.5215079321584913,12.516190371803791
13957470,10.69797811789945,0.6281411091520346,0.5873245615138061,14.095789476331346
13968909,11.244663794184197,0.7086993855404047,0.558770401870911,13.410489644901864
13970087,47.06741940503879,0.859846034640712,0.13349330357608136,3.2038392858259526
13970971,10.059793761357291,0.8818503060053742,0.6245839086001147,14.990013806402754
13977155,10.106708854685282,0.6562015956737535,0.6216846054951725,14.92043053188414
1398038,23.251595643966535,0.41836179150228825,0.2702259837728593,6.485423610548622
13984143,9.705828260597476,0.7208528810322546,0.6473620940406793,15.536690256976303
13990436,50.30757210063395,0.8065497503683964,0.12489541921464362,2.9974900611514466
1399852,17.115687657709426,0.4831729807490734,0.36710095631766504,8.810422951623961
14017155,12.58867434850992,0.5865744353348985,0.4991141349147145,11.978739237953148
14020352,37.118289621319484,0.7828500677197362,0.16927464522963198,4.0625914855111676
14023650,10.420816306822186,0.6851365650120977,0.6029455967922762,14.47069432301463
14025578,12.209958769794751,0.7562343342420346,0.5145951289141991,12.350283093940778
14026600,43.899023335744864,0.8182061432925339,0.1431281342895729,3.4350752229497497
1403290,11.750413529626032,0.7115698094844033,0.5347203561251648,12.833288547003955
14034653,10.644114049040404,0.7328171535454115,0.5902966915077382,14.167120596185718
14049818,39.665107743416314,0.8171066365373411,0.1584058550357141,3.8017405208571384
14052247,12.05552338621357,0.7151936018327371,0.5211872687638678,12.508494450332826
14052249,118.63576357635763,0.7773153994540245,0.052961983113427126,1.271087594722251
14055159,23.1426101545866,0.8381197503036056,0.27149855894428276,6.515965414662786
14069478,35.29218883677497,0.8657788363556703,0.17803331315717139,4.272799515772113
14076193,11.472718469467516,0.8109337078648494,0.5476631649160661,13.143915957985588
14076319,12.16772201011814,0.7671506866492598,0.5163813984207369,12.393153562097687
14078886,13.169286366325856,0.6607095140205388,0.47710901960836877,11.45061647060085
14080799,6.128836618154544,0.21427122353227337,1.0251840110352817,24.604416264846762
14083195,23.80550033495679,0.8270071752059905,0.2639383847754356,6.334521234610454
14089317,12.717833248076017,0.2935157980463579,0.4940452657790682,11.857086378697637
14091981,36.37249764267599,0.810583410600333,0.17274550043017947,4.1458920103243075
14094032,40.49119163014807,0.7509359232831891,0.15517412687112386,3.7241790449069727
14096577,9.772242469292156,0.8132248282640995,0.6429624855219852,15.431099652527646
14104735,10.185633210599152,0.7823120624913141,0.6168674226989947,14.804818144775874
1410477,12.633108108551465,0.5685807331383803,0.49735862728242164,11.936607054778118
14107876,25.16498034075592,0.7573942026502265,0.24967972245953474,5.992313339028834
14114435,18.772524892791868,0.8846062993297038,0.3347011306716741,8.03282713612018
14118729,50.936753723241715,0.8968077046284534,0.12335268441562773,2.9604644259750654
14122241,34.208913117116154,0.7914227474110274,0.18367100076137308,4.408104018272954
14123829,5.05740271296224,0.6412526843339971,1.2423739345644034,29.81697442954568
14133488,10.289791583971995,0.7254770818305156,0.6106231847267595,14.654956433442226
14133630,8.651372371994166,0.8107507846525615,0.7262645782672853,17.430349878414848
14134410,34.61531499551837,0.8891953536604421,0.18151460727695437,4.356350574646905
14140470,10.036909500310735,0.7066988816420227,0.6260079665942055,15.024191198260933
141414,18.717216417232752,0.8767612106239889,0.3356901564377234,8.056563754505362
14142720,15.951535973619915,0.6734464595156994,0.39389218176672736,9.453412362401457
14143062,6.297247306141742,0.6771273551948579,0.9977669609785785,23.946407063485886
14144390,49.6719868312022,0.8238335287291447,0.1264935370620752,3.0358448894898045
14144427,29.351458251179825,0.5575850753211913,0.21406722805423217,5.137613473301572
14148882,15.078431642659703,0.9392130219588011,0.4167001884601366,10.000804523043278
14149087,10.126915789929182,0.7648381758518996,0.6204441152189659,14.890658765255182
14149757,43.623094568501394,0.8315485688504757,0.14403346138851048,3.4568030733242514
14151896,6.293169834447234,0.4876726585232979,0.9984134343216046,23.96192242371851
14153847,48.80707878260204,0.6156751860243432,0.12873512334483977,3.0896429602761546
14153889,21.289375709376806,0.7958194169466213,0.29513243567833636,7.083178456280073
14155360,11.38173678600913,0.8130207341374731,0.5520409956152843,13.248983894766823
14155972,21.288237537097185,0.9156290931724153,0.29514821488770115,7.083557157304828
14160184,18.403566167795162,0.7109616283023088,0.34141129224045075,8.193871013770817
14160259,22.865889281367043,0.9223579774180038,0.27478420934626097,6.594821024310264
14160995,1.6677429092163858,0.7729974917231295,3.767478352003209,90.41948044807701
14167663,22.88183651944838,0.9039332498846486,0.27459270158840626,6.590224838121751
14167875,16.317384369566657,0.28874190217199963,0.38506081396833886,9.241459535240132
14168345,30.2826602737219,0.5583736464768382,0.20748458855287186,4.979630125268924
14175387,12.139968079448067,0.7055868219312643,0.5175619298222442,12.421486315733862
14178112,11.297433013515755,0.7919835912869727,0.5561604392486911,13.347850541968587
14183370,6.433584054138008,0.4233147129269626,0.9766228674883501,23.4389488197204
14184302,17.350526536765727,0.8509847779892615,0.3621322554024819,8.691174129659565
14189477,41.393544378611196,0.7492035707515572,0.15179143031844897,3.642994327642775
14193913,11.119472450089502,0.7123852933252847,0.5650614573112245,13.561474975469388
14194241,10.394435487512759,0.7377789262074458,0.604475857753682,14.507420586088367
14197910,11.806585915117184,0.7632842631671128,0.5321763084055128,12.772231401732306
14201780,9.793575525448516,0.7042052839417658,0.6415619393400078,15.397486544160188
14204680,19.689454574295706,0.41539589116131076,0.3191142387144737,7.658741729147369
14205372,18.64370473003565,0.3373975554914824,0.3370137747921505,8.088330595011612
14211532,12.645088090392909,0.6646656483734933,0.4968874287205029,11.92529828929207
142124,45.633316452914336,0.8432552555369898,0.13768855291643647,3.3045252699944756
14219893,1.9452047543298179,0.6898736527761712,3.230089425390251,77.52214620936603
14225011,10.293909962019729,0.6877849629897402,0.6103788871635697,14.649093291925674
14226885,37.427209159739604,0.8522760385295154,0.16787747332062364,4.029059359694967
1422965,57.21297249335231,0.7958743329073299,0.10982099047396361,2.635703771375127
14229885,10.470593936782402,0.7482428815218802,0.6000791688719045,14.401900052925708
14233422,13.306155650677043,0.8006693501902666,0.47220139852038223,11.332833564489174
14236777,11.737473402305726,0.7212877426489177,0.5353098654047053,12.847436769712926
14237419,10.805052016661463,0.7489736269879557,0.5815044015975926,13.956105638342223
14239170,56.40283846978404,0.7512000999221993,0.11139838840815779,2.6735613217957868
14240885,11.132607619048455,0.6808244303178552,0.5643947511837871,13.54547402841089
14241913,43.1548489276226,0.8205501881732049,0.1455962762774924,3.4943106306598173
14243082,10.228723405725512,0.7248358405847611,0.6142687662922416,14.742450391013797
14249062,11.672402245059367,0.6114495554337741,0.5382941039269873,12.919058494247695
14252130,42.45633137169516,0.7802122144858649,0.1479917153503392,3.551801168408141
14255146,44.76484474501476,0.7208547993679963,0.1403598145591539,3.368635549419693
14257637,12.802168734782805,0.6531792158353711,0.49079069627542943,11.778976710610307
1426326,120.68962157366933,0.6731685795602911,0.05206069275264327,1.2494566260634385
1426563,11.285776287575167,0.7760963817321943,0.5567348800008488,13.361637120020372
14272108,22.350485080713778,0.7361117876601817,0.2811207579830714,6.746898191593713
14274013,18.003209720398,0.7849619952012015,0.3490036168417574,8.376086804202178
142794,13.346041920369606,0.7975921469241761,0.4707901672022906,11.298964012854974
14279792,9.858522396692099,0.6671545275322669,0.6373353991961137,15.296049580706729
1428275,34.74924332308686,0.8225293743608699,0.1808150252009987,4.339560604823969
14288315,41.87688656251864,0.8515535327309622,0.15003945667735644,3.6009469602565547
14291147,41.20985412672681,0.8759321027122334,0.15246803077384838,3.659232738572361
14298385,34.41824806336075,0.3796245036537895,0.18255389686345552,4.381293524722933
14299756,11.85172761105027,0.6807352411891424,0.5301493177518941,12.723583626045459
14303456,11.506560485212376,0.8148526709068262,0.5460524294166276,13.105258305999062
14305083,17.593017650055923,0.7542489949445983,0.3571408516809857,8.571380440343656
14306671,28.871352438479907,0.8369097137444247,0.21762698233718072,5.223047576092338
14310401,10.5686438831861,0.7406344463900417,0.5945119711314761,14.268287307155427
14315049,10.958665956944028,0.7172129346619217,0.5733531190626544,13.760474857503706
14315997,56.633695091624844,0.7947439893341313,0.11094429379920086,2.6626630511808207
14316945,9.140803961798943,0.25099834914961716,0.6873777551119292,16.497066122686302
14318376,9.9129402312446,0.7574828695431631,0.6338366983567209,15.2120807605613
14319075,39.32682989356548,0.5828507119695308,0.15976841571477948,3.8344419771547074
14324051,17.652881273725935,0.3745973728609253,0.35592973236223524,8.542313576693646
14328001,44.32459543203858,0.7916883795956892,0.14175392343542953,3.4020941624503087
14328993,18.452038317433324,0.9319574106386469,0.34051442984720487,8.172346316332916
14330554,12.586042683034268,0.6386024077418285,0.49921849666449913,11.981243919947978
14332473,43.75392183503807,0.861100323390317,0.14360279133076526,3.446466991938366
14337546,27.475340368188107,0.7026664247531756,0.22868453030902117,5.488428727416508
14339202,60.631750107135154,0.6936919088386619,0.10362863179897194,2.4870871631753264
1434107,12.273341276611912,0.645427522784237,0.5119376350393539,12.286503240944493
14350834,41.109351745637156,0.8535641027049083,0.15284077808029184,3.668178673927004
14351896,9.282291412816422,0.7359370803789075,0.676900242380254,16.245605817126098
1435279,16.45406505764261,0.7040267432513758,0.38186218938408556,9.164692545218053
14355066,42.00240455470891,0.8213542967702997,0.14959108588641923,3.5901860612740615
14355535,12.59733746266286,0.3288616529538208,0.4987708970885526,11.970501530125262
14358703,101.00641866540512,0.65733567934722,0.06220580226681761,1.4929392544036226
14361000,19.55861933534166,0.884288143253313,0.32124891841553027,7.7099740419727265
14363418,10.769157723843255,0.7373507265069872,0.583442593032918,14.002622232790031
14372428,12.581984887815848,0.4335861487488156,0.4993794987994384,11.98510797118652
14372790,18.808953790972822,0.8644582863152998,0.3340528865669892,8.017269277607742
14374443,9.525564171475438,0.708570564469002,0.65961293148334,15.83071035560016
14384380,98.21390632667448,0.7263203028353636,0.06397449752462499,1.5353879405909998
14385018,10.90681008817348,0.7466040456251076,0.5760790970398024,13.825898328955258
14385053,48.75671176164028,0.7469986759966231,0.12886811025929215,3.092834646223012
1438520,37.39885841389679,0.7536848720235414,0.16800473526873375,4.03211364644961
14388219,12.58939967729514,0.15175677076786118,0.4990853788295601,11.978049091909442
14391509,50.229343114980935,0.8382576276549277,0.12508993583285827,3.0021584599885984
14392530,29.723460731168302,0.654906215551576,0.21138808041255366,5.073313929901288
14396814,13.004924535272597,0.7294742973764231,0.48313892865260555,11.595334287662533
14398096,11.761437766678355,0.6281421280457892,0.5342191517588646,12.82125964221275
14400528,9.252508743498968,0.6921240592105133,0.679079099665191,16.297898391964583
14401783,32.894124418849266,0.9046918414780336,0.19101238954331742,4.584297349039618
1440217,18.450086403812495,0.9216498598359227,0.34055045432639486,8.173210903833477
14402591,35.64341942053925,0.5684665719989674,0.1762789712470445,4.230695309929068
14404377,7.399442115394454,0.7390020530399952,0.8491431123040333,20.379434695296798
14405667,12.58593886171954,0.7091865926074147,0.4992226147141122,11.981342753138694
14407874,10.965432059847556,0.6935773788720507,0.5729993376354873,13.751984103251694
14413957,40.54253076950958,0.8041482195797006,0.15497762936656434,3.719463104797544
14418194,11.373200356189328,0.7414177528600912,0.5524553432983583,13.2589282391606
14420621,46.65506448599092,0.8820393037890747,0.13467316734855728,3.2321560163653746
14426666,1.2563422033670812,0.6512958024948666,5.001173478324798,120.02816347979515
14428792,52.214880516421445,0.8053801186326428,0.1203332315431334,2.8879975570352014
14442619,5.8614430090840095,0.1916777954162486,1.0719519574688288,25.72684697925189
14443369,50.625518502187816,0.672627029529022,0.12411103121656036,2.9786647491974487
14446035,35.25519710550039,0.280781938796013,0.17822011570031204,4.277282776807489
14448789,3.349667685622125,0.5907597458570039,1.8757637762543082,45.0183306301034
14453359,13.432663487242527,0.7579261354134882,0.4677542404860323,11.226101771664776
14455191,18.381146187152765,0.7483281597265812,0.3418277208181461,8.203865299635506
14455402,8.264698149894814,0.5078002811802316,0.7602437733626791,18.245850560704298
14455693,23.316831323227895,0.561104236928504,0.26946994727025225,6.4672787344860545
14456468,18.18013851804435,0.7525616041080609,0.3456071196016097,8.294570870438633
14463599,41.57276317343866,0.8309645111138799,0.15113706252737102,3.6272895006569046
14467112,6.205025912097264,0.6432856867092461,1.0125961432215687,24.302307437317648
14468317,18.077104989925253,0.7854983100801094,0.34757696603971355,8.341847184953124
14468802,18.394203387398715,0.6712735892981456,0.3415850730172961,8.198041752415108
14472057,49.74328924327522,0.7208244433070399,0.1263122202565044,3.0314932861561057
14476701,36.5465470836944,0.7239824317645482,0.17192281647813704,4.126147595475289
14479563,38.49711891322178,0.8925471580254144,0.16321183206833784,3.917083969640108
1448299,10.352605162807677,0.5347179083138377,0.6069182788649456,14.566038692758696
14485964,14.475851302308087,0.35563997342581716,0.4340459967406387,10.417103921775329
14490804,3.80119658910917,0.7662825449624208,1.6529493173758958,39.6707836170215
14496217,45.06054139136438,0.8175799340969193,0.13943874425760286,3.346529862182469
14497809,13.1450778143368,0.7320873635883368,0.4779876845100736,11.471704428241766
14500248,19.424584058263793,0.9578651155263276,0.3234656293454342,7.763175104290421
14501038,58.30874291662509,0.7773677348705237,0.10775717315950081,2.5861721558280193
14505695,12.525726678172731,0.7473267743379051,0.5016224182927952,12.038938039027084
14506257,40.47589815227753,0.8492648294321449,0.15523275811054582,3.7255861946530997
14511201,22.120871839304332,0.8448437076091944,0.2840387735539262,6.8169305652942285
14514794,25.35741913568808,0.647664014125595,0.24778488984064703,5.9468373561755286
14516222,9.353937154942317,0.7167673492173101,0.6717155784887602,16.121173883730243
14520413,35.9177678722067,0.8135655814817072,0.17493251054839457,4.19838025316147
14520582,2.8393652082260497,0.7257971600276593,2.212883812542428,53.10921150101828
14523001,53.912889134036895,0.7434573190850392,0.11654328692269646,2.797038886144715
14523103,16.019392841374348,0.7234207151535248,0.39222368596589924,9.413368463181582
14530677,11.005876394392448,0.7145745423251354,0.5708936827948479,13.701448387076349
14534492,11.38000519089082,0.671423786675414,0.5521249948294393,13.250999875906544
14538995,46.83766013264994,0.8302163864894909,0.13414814679864115,3.2195555231673874
14539006,15.820018140009289,0.7853363444988544,0.39716675743179,9.532002178362958
14539636,10.382385879391252,0.6879297475855157,0.6051774014344367,14.52425763442648
14543826,7.158603416211979,0.30274622369042453,0.8777110480726106,21.065065153742655
14545485,42.958856710885335,0.8893553600482803,0.14626053364189023,3.5102528074053656
14549195,122.10306637934038,0.7436152241431294,0.051458046824634784,1.2349931237912348
14550152,10.323656622417712,0.799375537052587,0.6086201369324621,14.606883286379091
14553146,47.58671693313354,0.8090174931872329,0.13203653691866163,3.168876886047879
14562188,29.688786953797656,0.5438795437140385,0.2116349622824812,5.079239094779549
14564425,8.52874923404278,0.14307806105509474,0.7367065362996075,17.68095687119058
14565845,10.318458534949109,0.8319343327707032,0.608926738998673,14.614241735968152
14568687,11.927943750288625,0.7066177171973632,0.5267618156756942,12.642283576216663
14568715,38.673836164487014,0.8831759124003931,0.1624660476001406,3.8991851424033745
14574896,13.840196494981187,0.7485445943606392,0.45398093224023456,10.895542373765629
14575869,21.22709982431618,0.877129373767536,0.2959982927098707,7.103959025036897
1457871,12.189766225798147,0.7421239421445225,0.5154475640297346,12.37074153671363
14581541,5.43396486924771,0.3487942289907545,1.1562800751138174,27.75072180273162
14585775,12.588126519213892,0.7709760651343622,0.49913585612515443,11.979260547003706
14590263,18.97682949675185,0.3364787029567,0.3310977372829872,7.946345694791693
14593764,26.615417251586564,0.20929011644085094,0.23607314692032647,5.665755526087835
14596917,35.01458174533905,0.6134943331400389,0.17944481967190626,4.30667567212575
14604180,54.269867822874645,0.8237378842475838,0.11577668343852564,2.778640402524615
14610988,24.22836370945825,0.3674390768919839,0.25933180558647306,6.2239633340753535
14615412,8.371424271493536,0.8050518210244347,0.7505515314252028,18.01323675420487
14618475,10.636139251361554,0.6087519485757592,0.5907392860031673,14.177742864076015
14619227,22.432611988405515,0.6467645446424845,0.280091560912617,6.722197461902808
1462162,12.34423852740149,0.7055645859109227,0.5089973993318664,12.215937583964793
14622972,41.10420559802836,0.8128614451718529,0.1528599133778411,3.6686379210681865
14628814,10.334062681284001,0.3227848462660282,0.6080072766114579,14.59217463867499
14628886,16.871175170397454,0.7815845749033737,0.372421318830487,8.938111651931688
14630602,39.77563376635531,0.7102830699434975,0.15796568683449344,3.791176484027843
14635658,11.783685807855846,0.7439428093736744,0.5332105259451815,12.797052622684355
14639359,16.9583971511823,0.3553791449569599,0.37050584740796316,8.892140337791115
14644803,12.58555459449478,0.6717099515479217,0.4992378571801675,11.98170857232402
14647892,38.76068045185377,0.8704781928718067,0.1621020383010094,3.8904489192242253
1464881,45.6421308452361,0.667149864065964,0.1376619625513254,3.3038871012318096
14649907,24.513634228658002,0.5909776955425362,0.25631390468550524,6.151533712452126
146540,39.29338302030317,0.5803361067847462,0.15990441199560293,3.8377058878944705
14654855,29.371528869915377,0.560905030216213,0.2139209482423408,5.13410275781618
14659554,10.399899038651457,0.6773694988608983,0.6041582984438587,14.499799162652609
14665097,20.668086252879775,0.8170503611875455,0.3040042135639976,7.296101125535943
14668373,68.58919913327338,0.6540042995955112,0.09160604565408234,2.198545095697976
146770,12.580687681729469,0.7445760987337445,0.49943099027125964,11.986343766510231
14682208,12.123173860045805,0.72217454419885,0.5182789077938578,12.438693787052586
1468233,19.31784038477894,0.8530250195412533,0.3252529880167289,7.806071712401494
14685228,11.29676288208799,0.694887537731525,0.5561934310529018,13.348642345269642
14685889,4.4136743918788595,0.7069618854935039,1.42357245897899,34.16573901549576
14688430,14.610364681378803,0.1934467522039033,0.430049861464966,10.321196675159184
14693239,16.437339493000515,0.7577202295579261,0.38225074744335263,9.174017938640464
14698421,9.01998708463434,0.6772096756363465,0.6965847343487963,16.71803362437111
14699977,11.916509939704916,0.753249201034645,0.5272672400703905,12.654413761689373
14700461,10.21190674514814,0.14781223761100776,0.6152803256027422,14.766727814465812
14700479,11.01121054014544,0.7221264677075985,0.5706171255441816,13.69481101306036
14713979,30.14193990752383,0.7134467396839558,0.20845324907608948,5.002877977826147
14721235,4.143227048913876,0.31000807264675234,1.5164955318648754,36.39589276475701
14722726,3.1838273980517076,0.21224042801444037,1.9734691996885514,47.36326079252523
14723854,3.654974204043022,0.2995910207470881,1.7190778802841662,41.25786912681999
147242,43.277036950763176,0.7664269850568863,0.1451852009722395,3.4844448233337477
14724908,10.359504959933057,0.1646764786129155,0.6065140498007144,14.556337195217147
14725595,74.90539582347691,0.5876397923299447,0.08388161143940322,2.0131586745456773
14728077,9.179728036977568,0.6964101405182316,0.6844631215510747,16.427114917225794
14738928,15.651024051559022,0.8917584209472494,0.4014552202131278,9.634925285115067
14739863,10.633110316309658,0.2799676014345514,0.5909075632876757,14.181781518904216
14742763,13.954450278736653,0.7406221967598123,0.45026390733239446,10.806333775977468
14752041,17.21695506144702,0.568536001119689,0.3649417266151305,8.758601438763133
14755680,12.581882197075435,0.2887614678688741,0.4993835746324239,11.985205791178174
14756191,6.292899820227058,0.4922189546723984,0.998456274003243,23.96295057607783
14756313,47.873583842725765,0.8478734945036766,0.131245350835256,3.1498884200461443
14758469,33.92037584212898,0.8443302303760362,0.1852333634633816,4.445600723121158
14758749,11.711362382286863,0.7521435858729788,0.5365033633219943,12.876080719727863
14759790,40.91547026039717,0.8497250882072728,0.15356502729143004,3.6855606549943207
14759918,17.757550675647387,0.8656395963040054,0.3538317542743276,8.491962102583862
14761028,35.09374901983035,0.7313019844323064,0.17904001375370754,4.2969603300889805
14761159,10.752308063017765,0.7789918344448814,0.5843568906652155,14.024565375965171
14761509,9.651048565192484,0.6704527234250429,0.6510365443440572,15.624877064257372
14763247,6.293447048083068,0.34980536899139997,0.9983694562256455,23.960866949415493
14765223,6.290357371431261,0.25088453536222793,0.9988598319891573,23.972635967739777
14768675,40.30805429716154,0.600293100760532,0.15587915161715069,3.7410996388116162
14772364,12.406782353998146,0.7949437040787435,0.506431492703247,12.154355824877928
14773579,11.270829678246965,0.6683673366820733,0.5574731840111398,13.379356416267354
14777453,33.219352005032874,0.7199726819301497,0.18914232000153575,4.539415680036858
1478037,8.898148801942062,0.7223565860230426,0.7061227505892296,16.94694601414151
14783731,10.225323836233878,0.7550776051932954,0.6144729895903,14.747351750167198
14785361,12.059345716134835,0.6584693498918123,0.521022073259993,12.50452975823983
14785380,14.45959023601609,0.6603940558239766,0.4345341191985763,10.428818860765832
14791783,26.43446883173682,0.9026144960612348,0.23768910762587708,5.7045385830210495
14792653,46.20678120964495,0.8103797708279581,0.13597972294742028,3.2635133507380867
14792673,35.69370259676836,0.5167118207143756,0.176030639862743,4.224735356705832
14794050,18.820628168199136,0.8571697264305536,0.3338456745984795,8.012296190363509
14795171,6.302486457788488,0.7746683833763589,0.996937533981521,23.9265008155565
14796016,9.563620801581365,0.24156902247033832,0.6569881258927213,15.76771502142531
14797336,23.061018561501896,0.9431035900361281,0.27245914097084795,6.539019383300351
14800585,9.252024844799159,0.7324470210085947,0.6791146168086172,16.29875080340681
14802644,43.57717933885999,0.9107486868419402,0.1441852226900916,3.4604453445621983
14809571,11.216136462005322,0.7244787668660833,0.5601915890078447,13.444598136188272
14810330,117.92145097155613,0.7104249651396339,0.05328280186015651,1.2787872446437563
14814233,31.449484763082705,0.904569888436469,0.19978658965361387,4.794878151686733
14814648,3.7802864779622496,0.8238669269223574,1.6620923688742542,39.8902168529821
14815330,18.165469059704407,0.6452156818237389,0.3458862133715708,8.3012691209177
14817220,14.161342706090235,0.12094514708328016,0.44368570393239876,10.64845689437757
14818158,7.1143794035788765,0.19655164307676293,0.8831670270521194,21.196008649250864
14822071,10.671608444972911,0.7766623861886017,0.5887758475751999,14.130620341804796
14825655,43.71515460781856,0.7632714553320558,0.14373014034944814,3.4495233683867554
1482761,21.149707511005133,0.8893353553069615,0.2970814279067531,7.1299542697620755
14828977,31.777860230045675,0.9344176935393143,0.19772210154159128,4.745330436998191
14829773,10.241026118828842,0.7615810380764638,0.6135308351208588,14.724740042900612
14832957,43.20843871373972,0.7797817673102616,0.14541569874362564,3.4899767698470154
14839148,19.185247925358794,0.9573066367052622,0.32750086585404814,7.860020780497155
14839976,35.80383763867482,0.7646705012276542,0.17548915763131978,4.211739783151675
14841252,10.659236777090086,0.7292165551534159,0.5894592116279888,14.147021079071731
14841360,44.73578530978032,0.7433265377612662,0.1404509893739572,3.370823744974973
14841562,1294.9874122773213,0.184960350852894,0.004851927708030913,0.11644626499274191
14842857,29.02017630339225,0.3351936922976986,0.21651092817258752,5.1962622761421
14845642,6.187627203711458,0.6543616413088946,1.0154434164053727,24.370641993728945
14846415,2.8205257024932204,0.8776740932216363,2.227664616431443,53.46395079435463
14847849,40.17940128848241,0.7943061718836212,0.15637827109635621,3.753078506312549
14853646,2.6097385202994836,0.6971993958989925,2.4075918940946437,57.78220545827145
14854121,11.589219458442543,0.6943418176358289,0.5421577639210547,13.011786334105313
14865416,21.309933006408468,0.19657343055328458,0.2948477268929031,7.076345445429675
14866961,47.61111659635086,0.7472766347410602,0.131968871061116,3.1672529054667837
14872363,36.00246699538909,0.7571639885882362,0.17452096568783151,4.188503176507957
14879326,19.461357443074125,0.7352643984527796,0.3228544219260325,7.748506126224779
14882819,17.327009005063857,0.6057297811526784,0.3626237687845208,8.702970450828499
14891009,2.6199910678954152,0.7475506658598491,2.398170506828002,57.55609216387205
14892476,6.296026090583038,0.7336537890795607,0.9979604939339978,23.951051854415947
14900115,8.987744114770441,0.276528993826842,0.6990836885146532,16.778008524351677
14900693,5.829023857768298,0.41205072617689764,1.0779138086398516,25.86993140735644
1490274,46.73934296203805,0.7315726099365657,0.13443033018848433,3.226327924523624
14902930,12.826906603449022,0.7627828402996063,0.4898441612952965,11.756259871087117
14903357,18.339259021381174,0.8994000123151406,0.34260846089006186,8.222603061361484
14907569,26.384542510611986,0.6254968672112601,0.23813887637628964,5.7153330330309515
14910000,55.81318202092501,0.7309752609482305,0.11257529278341355,2.701807026801925
14911095,5.219031904491969,0.2706657628914884,1.2038986199282882,28.893566878278918
1491155,11.716879393548345,0.7014613755134051,0.5362507452828517,12.870017886788439
14914913,18.760789834182663,0.8670320362724315,0.334910489521686,8.037851748520463
14915173,41.43800280746593,0.6551539330703807,0.15162857477406075,3.6390857945774577
1491775,24.000329187449694,0.6761583304726665,0.26179579697036837,6.283099127288841
14918387,4.388695297481088,0.37006883985260386,1.4316749925167622,34.36019982040229
1491942,13.104616260084505,0.6472519184087565,0.47946350984100233,11.507124236184056
14920151,14.82056868201282,0.8430094713758287,0.423950351838068,10.174808444113632
1492054,17.617022591659907,0.6686331399017068,0.35665421182771917,8.55970108386526
14921022,18.363109882180986,0.9004292026405235,0.3421634650934917,8.211923162243801
1492129,10.010343499393556,0.7101867105118245,0.6276693010145189,15.064063224348454
14929154,12.535469314484496,0.7977085725328077,0.5012325545657461,12.029581309577907
14931207,43.00839468413699,0.7947166041048404,0.14609206768410368,3.5062096244184886
14934582,38.901663482851,0.7604884117777154,0.16151456633594602,3.8763495920627045
14934668,18.87632578107375,0.0696833152897552,0.3328606096361925,7.98865463126862
14935587,24.709838898973814,0.09765611274429538,0.25427868359920885,6.102688406381013
14935620,17.95964963435657,0.5540042292178529,0.34985010482386786,8.396402515772829
14940236,9.375811096762533,0.7168579005213878,0.670148453540107,16.083562884962568
14942624,9.799752906238444,0.7666496530524265,0.6411575237963154,15.38778057111157
14944147,18.63536468443484,0.815260294283106,0.33716460147558086,8.09195043541394
14945804,5.406996824408806,0.15714577274764133,1.1620471606003915,27.889131854409396
14947486,48.06991780520314,0.8309277035416086,0.1307092999959215,3.1370231999021163
14955234,18.8314009011485,0.21892594181211564,0.33365469410172155,8.007712658441317
1495777,1.0304509907464163,0.9060529676545543,6.0975100840344725,146.34024201682735
14958012,44.388771747582204,0.8411889003750798,0.14154897871265887,3.397175489103813
14958342,20.77767574026105,0.6225160022157561,0.30240077791784065,7.257618670028176
14961775,47.14674874803648,0.7537387617988672,0.1332686871105033,3.198448490652079
1496317,6.062876568887674,0.1445881825571003,1.0363373286242459,24.872095886981903
14966396,12.016427853083194,0.7644840777111604,0.5228829552342743,12.549190925622582
14969179,11.352276829081223,0.632800001697622,0.553473580831283,13.28336593995079
14982809,16.434046357212797,0.31198171594115176,0.3823273447456193,9.175856273894864
14983939,51.249091871386995,0.828835290558672,0.1226009101380305,2.942421843312732
14988457,11.296184394673766,0.2133593688265068,0.5562219142015913,13.349325940838192
14988624,10.755480823735914,0.6669073798319703,0.5841845111483471,14.02042826756033
1499034,9.831315858385336,0.6675872933522126,0.6390991193534409,15.338378864482582
1499145,128.40969344793407,0.7865514729688392,0.04893077102257247,1.1743385045417392
14992345,22.806328689596683,0.2564936209188802,0.2755018307723382,6.612043938536116
14994943,40.10083430033997,0.5460703588974436,0.1566846529955193,3.7604316718924635
14995973,5.163459547697247,0.10004218216957858,1.216855724178512,29.20453738028429
14996354,34.967617289470304,0.9156801348073137,0.17968582918206508,4.312459900369562
14996613,105.76114360366208,0.5275030106262966,0.0594092035419521,1.4258208850068503
15002966,28.703171852030362,0.8016968069044834,0.21890212480942714,5.253650995426251
15003233,34.871753346596705,0.8845379620939322,0.1801797932191669,4.324315037260006
1500329,37.24772550588143,0.7658357245111828,0.16868641566281597,4.048473975907584
1500452,37.0954951897461,0.9001616913823264,0.16937866107570868,4.065087865817008
15005421,12.461327075574134,0.7463941536530722,0.50421478138516,12.10115475324384
15005756,40.5139832522077,0.8498686122662941,0.1550868318245948,3.7220839637902747
15005886,34.46800283189928,0.6276685001512023,0.18229037921990232,4.374969101277656
15008720,16.19403785978259,0.42209683547792587,0.3879937395221046,9.31184974853051
15009461,10.484370130388225,0.6603102413475478,0.599290680225816,14.382976325419584
15010645,44.88696757126615,0.813568671314034,0.13997794119649312,3.359470588715835
15013950,20.71538647534219,0.5778245319409464,0.3033100692887651,7.2794416629303615
15014002,12.587314914134275,0.20097111382594335,0.4991680394143637,11.980032945944728
15015123,42.991563581683536,0.8807514122359867,0.1461492624068347,3.507582297764033
1502125,3.8644480454810215,0.7045277073194319,1.6258946253726891,39.02147100894454
15022335,10.93284818587307,0.934458735030244,0.5747070845910431,13.792970030185035
15026048,6.513381371907404,0.11759319918050141,0.964657978462513,23.15179148310031
15026457,10.382864623239453,0.7332124750983997,0.605149497289625,14.523587934951
15026621,11.186455693307854,0.7461518398510012,0.5616779326215378,13.480270382916906
15028927,9.51667465834345,0.6521826099178991,0.6602290750447162,15.845497801073188
15032503,25.74052848969015,0.5299198610100104,0.24409698152453202,5.858327556588769
15036339,32.688389890704364,0.8792050095067472,0.1922145853065202,4.613150047356484
15036436,50.410719980572274,0.7139708742608251,0.12463986448916134,2.9913567477398724
15036797,39.24044890054401,0.7401769700935503,0.16012011797073197,3.842882831297567
15047851,58.23655329847171,0.6747302033615524,0.10789074818657708,2.58937795647785
15050624,34.81079785945254,0.8688180621847332,0.18049529725080538,4.331887134019329
15052183,17.42927983643494,0.8002469184232692,0.3604959795323807,8.651903508777137
15052210,38.79239985178122,0.68909384947509,0.16196949225071167,3.88726781401708
15059003,9.800213061755132,0.7982229181208673,0.6411274191271841,15.387058059052418
15059463,49.19917790737461,0.743688898839622,0.1277091523563401,3.0650196565521624
15060955,12.413298271396,0.7568084479400442,0.5061656595860545,12.14797583006531
15064057,6.301080781700823,0.6047198288369139,0.9971599357092504,23.93183845702201
15066171,98.74955974637089,0.7175395357084398,0.06362747665222374,1.5270594396533697
1506638,38.10302880583616,0.6815783636903117,0.16489989127103732,3.957597390504896
15067089,12.575578450487278,0.3871268822287812,0.4996339000959535,11.991213602302883
15067253,9.161128183278837,0.20507707917908058,0.6858527881585417,16.460466915805
15067370,47.09842544453455,0.8172854336374621,0.1334054216861024,3.2017301204664577
15071248,3.700115201860955,0.2259485908651501,1.69810531953694,40.75452766888656
15071715,6.2982910908904595,0.35975649317947916,0.9976016059764653,23.942438543435166
15072375,49.87687781915579,0.765701547416191,0.12597390979365708,3.02337383504777
15074884,9.850437616224626,0.7035634920268545,0.6378584944115143,15.308603865876343
15075296,11.975792317047866,0.6632052882433357,0.5246571701343969,12.591772083225527
1507701,1.7246661515775297,0.9178229082412167,3.6431313396116916,87.4351521506806
15083119,9.756183903335073,0.6696741633817572,0.6440207943427276,15.456499064225463
15083281,12.416901074209585,0.6623967075206976,0.506018794031469,12.144451056755255
15083431,11.569982941047494,0.6259808393043337,0.54305916777875,13.033420026689999
15083831,3.001500674695358,0.2810774478638069,2.093347957623667,50.24035098296801
1508774,13.356204320511157,0.7816351187042013,0.4704319547980022,11.290366915152052
15092361,20.46708286206404,0.7724349687622489,0.30698978205758565,7.3677547693820555
15092813,13.151857776668923,0.7794138635588717,0.4777412753296196,11.46579060791087
15094852,12.585367337023861,0.27785774447823813,0.4992452853319266,11.981886847966237
15099522,55.648557474960654,0.7547675220060742,0.11290832309546814,2.709799754291235
15099715,11.895778923392458,0.660678633792845,0.5281861194330045,12.676466866392108
15107119,10.159227386296655,0.7652740062452359,0.6184707821044251,14.843298770506202
15108267,9.667472308206333,0.7137890290959076,0.6499305202918492,15.598332487004381
15116660,10.80145714342809,0.7850877040591415,0.581697934246071,13.960750421905704
15123610,14.843279777124579,0.8404298362117563,0.423301682749576,10.159240385989825
15128238,9.738966690601561,0.33834569544175663,0.6451593384381401,15.483824122515362
15130344,23.65017715339037,0.6777533298340565,0.2656718072946384,6.376123375071321
15134836,1.561874371357462,0.5129583342594843,4.022849354854783,96.54838451651479
15136244,6.324735710784363,0.20962838691660898,0.9934304917225348,23.842331801340837
15138303,0.9989735085219,0.7175664119290167,6.289641570652164,150.95139769565193
15143619,42.82568211516621,0.8683025139972261,0.1467153585617839,3.5211686054828135
15144812,63.61458460085072,0.6090570460967478,0.09876957220743308,2.370469732978394
15145466,12.22390771626874,0.6592620393626585,0.5140079140827711,12.336189937986507
15146480,2.048124209104062,0.7646600891117713,3.0677755183256794,73.62661243981631
15149504,12.581192587975195,0.6920789060463481,0.49941094719310675,11.985862732634562
15151228,6.292272449393533,0.5153994402490398,0.9985558250557282,23.965339801337475
1515366,1.6204750467496785,0.13215101294065576,3.8773724530854663,93.05693887405118
15155179,2.4838144158975064,0.6426037539147509,2.529651678871188,60.71164029290851
15155402,55.23942320199743,0.8012018983916787,0.11374458571378401,2.7298700571308165
15166858,6.288361901757271,0.6932671419627191,0.9991767976050746,23.98024314252179
15168002,9.044959081746063,0.6624539101126653,0.6946615513009776,16.671877231223462
15169778,12.585376627471728,0.3159059487402207,0.49924491679211774,11.981878003010825
15173488,13.509032873648827,0.7428950455320246,0.46510992799756806,11.162638271941633
15173491,43.4439897827013,0.761050830221177,0.14462726233494902,3.4710542960387762
15174124,12.394584752141956,0.825585742463374,0.5069298756534595,12.166317015683028
15175975,9.412629850406327,0.29712094661876803,0.6675270787269247,16.020649889446194
15177745,29.182972903063096,0.7255756637841214,0.2153031265200569,5.1672750364813655
15179023,16.723254497424556,0.8198371832815996,0.3757154630486082,9.017171113166597
15180151,36.92197527604603,0.769199064277836,0.17017467944776904,4.084192306746457
15180606,1.7398636943542374,0.6723707952845164,3.6113089361932085,86.67141446863701
151834,6.301885126780864,0.14213729793786645,0.9970326625723769,23.928783901737045
15185942,47.01717681800385,0.635773252475274,0.13363595461081842,3.207262910659642
15187999,12.517108899539727,0.9094077318331336,0.5019677752752177,12.047226606605225
15191195,11.492896378251611,0.7042537971689959,0.546701640769116,13.120839378458783
15193009,36.855526659749835,0.7566562807096797,0.1704814956298398,4.091555895116155
15193286,8.491017942007606,0.6385071082523949,0.7399802179306193,17.759525230334862
1520013,5.856973203936243,0.23650432495176196,1.07277002786301,25.746480668712238
15200453,16.75717304078366,0.7364113046064344,0.37495496954573126,8.99891926909755
1520272,9.086962226398489,0.7735918538593423,0.6914505805830617,16.594813933993482
15203513,10.68318439204803,0.6967332200486748,0.5881378694405426,14.115308866573022
15208838,56.93306514934808,0.8448938087899253,0.11036091752125755,2.6486620205101814
15209848,37.2014199443374,0.8509135650168902,0.16889638397084836,4.05351321530036
15210162,13.660591786918552,0.6700937254480014,0.4599497155896566,11.038793174151758
1521068,21.927380593721978,0.6767339714396698,0.28654518401429685,6.877084416343124
15211321,42.92178187245669,0.5229822071493799,0.14638687009430904,3.5132848822634166
15211666,12.587361406887613,0.4380515128746098,0.4991661956843094,11.979988696423426
15213148,15.940856851156001,0.16909405740306585,0.3941560586013255,9.459745406431812
15213323,43.63857256488349,0.7516701111726231,0.143982374717631,3.4555769932231444
15213991,26.972378646709302,0.6855032427204028,0.2329488766815214,5.590773040356513
15214079,17.679874223407896,0.3147128231445204,0.3553863125825149,8.529271501980357
15215311,12.200433692877919,0.6727660883364053,0.5149968816967085,12.359925160721005
15215714,4.470743114421151,0.1475366958063097,1.4054006563052328,33.72961575132559
15220439,31.559019335817275,0.7288185770394461,0.19909317334359028,4.778236160246166
15223196,8.11287057771983,0.15023485064956066,0.7744712857166658,18.58731085719998
15223555,1.611096323349623,0.2108893531464954,3.899943917764175,93.5986540263402
15223923,30.28101422059324,0.2449912267369067,0.20749586725885075,4.979900814212418
15224721,10.76125158071863,0.23461443141241728,0.5838712402595831,14.012909766229996
15224885,5.9374825959091755,0.1570151140955267,1.058223785196203,25.397370844708874
15224915,7.498126666221832,0.1632053264961627,0.8379673466286703,20.111216319088086
15225757,37.792278627567356,0.6145496255953071,0.16625579444676178,3.990139066722283
15227408,12.498907204439783,0.7028039384916708,0.5026987723332895,12.06477053599895
15229778,21.189145923997074,0.9142034767947357,0.29652848348473404,7.116683603633617
15230073,38.08018851720498,0.8626609419524061,0.16499879732320089,3.9599711357568212
15234545,12.83284739686925,0.7738775499694042,0.4896173945551987,11.750817469324769
15240181,8.83004994713889,0.7616076351691284,0.7115684899625581,17.07764375910139
15242093,55.739063131980366,0.8250579890375825,0.11272498951591814,2.7053997483820353
15243580,5.140238516454945,0.2851805312502888,1.2223528707988622,29.336468899172694
15243838,18.390785891818084,0.8190702682487383,0.34164854857969534,8.199565165912688
15245551,19.53560468355222,0.9341515562836664,0.32162737775246053,7.719057066059053
15246422,15.722630607970137,0.9318600360459127,0.39962684768504997,9.5910443444412
15251793,6.521230156122067,0.22520412738576742,0.9634969410305191,23.12392658473246
15254183,28.330882729134462,0.34913925916990296,0.22177866349071376,5.3226879237771305
15254290,46.83811935852926,0.4732448278586285,0.1341468315387307,3.2195239569295366
15258728,27.58213499281148,0.6261969872269586,0.22779909201434642,5.467178208344314
15260198,7.876102201258438,0.29464720279788514,0.7977531457344045,19.14607549762571
15260720,6.179869013438957,0.5116163870921626,1.0167182012298246,24.40123682951579
15261440,10.971039776228315,0.7722526541322547,0.5727064558451227,13.744954940282945
15263714,5.888396666529932,0.11763409652512129,1.0670451844546516,25.609084426911636
15269598,14.14489462994346,0.5327415996214852,0.44420163398592255,10.660839215662142
15271443,19.64559948723459,0.8350377484997437,0.3198266009272104,7.675838422253049
15281799,29.56726185924063,0.5705473405572858,0.21250480809117966,5.100115394188312
15282342,11.453802857176214,0.5677222448728385,0.5485676142263045,13.165622741431308
15283871,17.098780843037133,0.15117277731173168,0.36746393587108805,8.819134460906113
15284007,39.17133531862913,0.9180305223510717,0.16040263259014875,3.84966318216357
15284973,8.468067832902852,0.6837188003786813,0.741985708093426,17.807656994242222
15286656,10.41428098466875,0.7648164666665475,0.603323966045212,14.479775185085089
15287382,19.86756566111547,0.9287771108636422,0.31625340589546663,7.590081741491199
15288375,13.461993971485882,0.14058721162054685,0.46673511520567657,11.201642764936238
15289202,2.535987887174521,0.125195720623912,2.4776085638879044,59.462605533309706
15289666,78.90476352105006,0.4316861850178593,0.0796299871743912,1.9111196921853888
15290674,6.538821499266995,0.3073125971909962,0.9609048523321724,23.06171645597214
15291490,1.1445816516538951,0.11171897216156665,5.489503783413374,131.74809080192097
15293674,25.61884153583833,0.13494314286536657,0.24525641795277922,5.8861540308667015
15297171,38.573392039890834,0.8736926025117313,0.16288910502560427,3.9093385206145026
15299709,8.112426411867204,0.8540668352474232,0.774513689022593,18.58832853654223
15302470,8.10198735352331,0.11881987097182306,0.7755116162267544,18.612278789442104
15309363,9.760695828952919,0.1802062067486406,0.6437230928292964,15.449354227903115
15310004,4.314106110764874,0.35778106274821914,1.456428086342457,34.954274072218965
15317298,6.296964060645107,0.7844698356374885,0.9978118418125276,23.94748420350066
15317421,10.938248638561879,0.7016737069417125,0.5744233391284179,13.78616013908203
15322165,10.398161644101275,0.7116429602786642,0.604259245262257,14.50222188629417
15327415,9.96136515992978,0.19936798110614584,0.6307554442893124,15.138130662943498
15329154,48.24057870596013,0.6318827610655351,0.13024688914860172,3.1259253395664413
15330522,13.563295604271717,0.888113446322275,0.4632491608603382,11.117979860648116
15331770,12.580121782318443,0.3625965077914944,0.4994534564848729,11.986882955636949
15337724,13.021653649106224,0.3854865873456231,0.4825182328214397,11.580437587714552
15341977,31.74051499123225,0.7442745894759517,0.19795473731019184,4.750913695444604
15343268,4.7188317376414615,0.2638053216441489,1.33151289482511,31.95630947580264
15345149,51.56084895471835,0.800419508050886,0.12185961702643008,2.924630808634322
15350676,5.9735564422470695,0.20401832780795268,1.0518332534271735,25.243998082252162
15351568,12.583148562000751,0.37330849526438514,0.4993333167943258,11.983999603063818
15353644,29.237518650755902,0.7974331400563404,0.21490145529217616,5.157634927012228
15356973,4.838716837234604,0.08973364222469199,1.2985230420655316,31.164553009572757
15368255,6.304187960775707,0.5199358376276302,0.9966684601209865,23.92004304290368
15369637,0.4897877021847377,0.21300022956569786,12.828385194550474,307.88124466921136
15371164,12.354518965760033,0.343784083640595,0.5085738525792173,12.205772461901216
15371876,19.368677118407305,0.09665720599597116,0.3243993004152188,7.785583209965251
15371916,3.858142692379898,0.16275329465265317,1.62855182095502,39.08524370292048
15375701,5.337816778367092,0.4453708330866438,1.17710771427072,28.25058514249728
15376648,17.697821001059623,0.24533633013115422,0.35502592702250707,8.52062224854017
15383124,98.54300654220722,0.6103976227905749,0.06376084440338664,1.5302602656812794
15384498,12.315315210960746,0.23935929919287224,0.5101928127334892,12.24462750560374
15384710,8.596649421914062,0.7445738627302211,0.730887698079541,17.541304753908985
1539000,12.559019068194218,0.758789590293643,0.5002926799507603,12.007024318818248
15393467,7.983338601799476,0.8166540965362123,0.7870373061419857,18.888895347407658
15396099,6.296336806522354,0.36604685288006156,0.9979112458963212,23.949869901511708
15396575,14.375884401390508,0.6197418996123802,0.43706426204789495,10.48954228914948
15404404,9.893129193629857,0.7333036144907186,0.635105959318241,15.242543023637783
15404936,1.578105233791813,0.28207560225383194,3.9814742215147345,95.55538131635363
15409954,44.30889923401759,0.8087270297303647,0.14180413902848102,3.4032993366835447
15410217,19.065138049384842,0.6351677014586827,0.32956411282751347,7.909538707860323
15413302,9.134322024042236,0.6487194721594222,0.6878655351367907,16.508772843282976
15414779,43.29163642873154,0.8415396695514133,0.1451362393639987,3.483269744735969
15415747,33.60683549481314,0.7754438408143041,0.18696152775673655,4.487076666161677
15415981,12.563274457004974,0.8318192919824725,0.5001232225469878,12.002957341127708
1541626,34.69657090688825,0.6572811728476864,0.18108951815558802,4.346148435734112
15417949,23.69044359625709,0.5863214300550674,0.2652202472127741,6.365285933106579
15420439,10.162149808768413,0.7065560009605011,0.6182929227984947,14.839030147163871
15426512,8.433916255815134,0.7690816984764403,0.7449902413777666,17.879765793066397
15435803,42.040254394415946,0.8342891460495458,0.1494564054782256,3.586953731477415
15444832,12.582675772424784,0.15459858744424426,0.49935207906646756,11.984449897595221
15449045,7.3003219044395005,0.7881031200455313,0.8606723634143627,20.656136721944705
15450888,15.178505521928004,0.7625360334451414,0.41395282942068484,9.934867906096436
15456038,19.891128702198586,0.9425277511883112,0.3158787719514931,7.581090526835835
15456241,17.49973278595178,0.6495029370294575,0.35904464279726167,8.617071427134281
15456728,6.299002290213692,0.20589138597172932,0.9974889701090156,23.939735282616375
15456845,12.58163324579644,0.2094764956040758,0.4993934558757558,11.985442941018139
15459636,12.588119694146515,0.2806126147149218,0.49913612674824437,11.979267041957865
154606,11.707202912772795,0.3680480836279117,0.5366939783989312,12.880655481574347
15469151,47.56986497385909,0.5483575134200528,0.13208331179061292,3.16999948297471
15469681,4.539812149809472,0.11180821832101506,1.3840187875269863,33.21645090064767
15476260,32.38520628059171,0.4001249210906766,0.19401405854083034,4.656337404979928
15478003,56.36619383456682,0.6256715898338037,0.11147081042265435,2.6752994501437044
15480369,59.432769171389374,0.6536455023211243,0.10571920835558642,2.537261000534074
15493890,11.427447975962602,0.7430638062905419,0.5498327640953724,13.195986338288938
15494401,9.317231004840835,0.5813016119558984,0.6743618682326447,16.18468483758347
15495473,120.40961752652404,0.6973098339076185,0.05218175621059103,1.2523621490541847
15498460,12.58077003514545,0.5473692123325096,0.499427721008092,11.986265304194209
15501480,23.281743653470627,0.7833801646502289,0.269876062579314,6.477025501903537
15503040,12.582235262425343,0.29768326719094906,0.4993695616186121,11.98486947884669
15504072,12.660451946575966,0.6379452694661387,0.4962844402153338,11.910826565168012
1551619,18.58116472992584,0.944990464242703,0.33814808697434456,8.11555408738427
1551674,50.66449022308593,0.8585282564640041,0.12401556355375253,2.9763735252900605
15517795,40.389998089271145,0.8981059859574025,0.15556290181772991,3.733509643625518
15518470,13.012144848628743,0.22203142108550794,0.48287083953278664,11.58890014878688
15520425,7.547704455261266,0.6865226615088398,0.8324630812484684,19.979113949963242
15521107,15.924557583976116,0.7009178058258049,0.39455948926970263,9.469427742472863
15522736,42.93554343904905,0.9129092658634663,0.14633995063086008,3.512158815140642
15527272,49.606504579262904,0.8545968715073418,0.12666051277892612,3.039852306694227
15528668,15.861831925599583,0.2718129851501839,0.39611977586517516,9.506874620764204
15531542,51.58254989120904,0.703932964655722,0.12180835031287196,2.923400407508927
15532796,12.58523613096676,0.19186411276943868,0.499250490161199,11.982011763868776
1553288,22.124052108388657,0.5872746048015546,0.28399794379426657,6.815950651062398
15532902,24.062019134295557,0.6400172784009986,0.2611246077110866,6.266990585066078
15541886,40.17975056117714,0.5787058138205516,0.15637691173848614,3.7530458817236676
15542552,19.718832252733563,0.8937714658799505,0.31863881322427534,7.647331517382608
15542763,6.302248878707515,0.15950185242470022,0.9969751160427294,23.927402785025507
15543341,38.575099359217546,0.7781868470212108,0.16288189561534375,3.90916549476825
15543826,26.249439689984737,0.5155106386900266,0.23936454954415218,5.744749189059652
15543959,31.394682332691097,0.810004039141142,0.20013533631576017,4.803248071578244
15544406,9.737256786422543,0.6327757230659663,0.6452726311932891,15.48654314863894
15544622,35.746075237165954,0.5110556750220402,0.1757727321249194,4.2185455709980655
15546461,21.9830310673746,0.8783003861711639,0.28581978926939566,6.859674942465496
15546465,10.006537795693122,0.5246040068292136,0.6279080172848505,15.06979241483641
15548502,6.302407260233986,0.32259582077786575,0.9969500617366187,23.92680148167885
15548914,31.085531744923713,0.8704376243843158,0.20212571426273362,4.851017142305607
15549350,12.585398396118167,0.21476116655834998,0.4992440532607667,11.981857278258401
15550225,2.331542751531095,0.7044139190991459,2.694861718942746,64.6766812546259
15551122,10.455500382508568,0.6649600986851193,0.6009454428112291,14.422690627469498
15553489,3.67492168593011,0.3354435067973031,1.7097467222867728,41.03392133488255
15555412,10.974957084345576,0.7874024713128162,0.5725020388591565,13.740048932619757
15556404,12.761088249022125,0.660302850966572,0.4923706493183341,11.816895583640019
15568488,9.909750537044877,0.29450060177195964,0.6340407141119876,15.216977138687703
15568766,51.94086916956982,0.6564871452329565,0.12096804323137252,2.9032330375529405
15571325,12.815198813655016,0.7728866304902962,0.4902916761997204,11.76700022879329
15572875,1.3143420606364629,0.2775564057028639,4.7804795230679815,114.73150855363156
15574610,37.351861112733715,0.9034191548872661,0.16821612417694415,4.037186980246659
15574933,39.38369341332443,0.9100766646842987,0.15953773662715537,3.828905679051729
15577933,12.534544810590589,0.7021177736810725,0.5012695237142435,12.030468569141844
15580262,12.59796422044603,0.14095957760880007,0.4987460828775977,11.969905989062344
15582617,27.493064009141417,0.234664148820524,0.22853710685322062,5.484890564477295
15582770,11.892992239409597,0.16176881554558287,0.5283098803645988,12.679437128750372
15583616,12.598204874202091,0.12590761620705493,0.4987365557172313,11.96967733721355
15588218,13.029695451791621,0.17531070333956802,0.4822204272100335,11.573290253040804
15589787,12.615411416278967,0.12476990124303707,0.49805631380929394,11.953351531423055
15590270,19.52449951871606,0.380613934071523,0.3218103133018373,7.723447519244095
1559109,23.044111915225766,0.91278940998392,0.2726590345635383,6.5438168295249195
15593346,3.394453376268669,0.17428576123431114,1.8510153508387077,44.424368420128985
15598180,37.202912149398465,0.7875007142235755,0.16888960955389024,4.053350629293366
15602764,17.029056758122092,0.9301235767008209,0.36896848700576385,8.855243688138332
15604572,7.86027447496843,0.14944635097655715,0.7993595296435017,19.18462871144404
15604693,45.8655408650444,0.8071147453457627,0.13699141422244085,3.28779394133858
15606077,13.530675251721435,0.6262993611508597,0.4643659825018866,11.144783580045278
15607217,44.05957562762658,0.7463913595354639,0.14260657797257253,3.422557871341741
15611295,9.501458721322098,0.2796729704857951,0.6612863868028572,15.870873283268573
15612328,14.065947756137431,0.19635050469429913,0.44669477066968544,10.720674496072451
15615518,48.772139775385014,0.8009168481546002,0.12882734561403578,3.091856294736859
15617295,11.288842952036319,0.7568929247210475,0.5565836404913582,13.358007371792597
15621227,28.113140181179407,0.6988023270749999,0.2234963887593717,5.3639133302249205
15624962,12.371380381966313,0.1954176196102358,0.5078806982880057,12.189136758912138
15627567,51.300178264913974,0.6350517581971199,0.12247882014626217,2.939491683510292
15627669,17.63370978920341,0.7461370263760507,0.35631670149332906,8.551600835839897
15629693,3.2986777997042087,0.7259669300240043,1.904758721128507,45.71420930708417
15629815,52.117474955660256,0.7936616798950734,0.12055812973527791,2.89339511364667
15630089,6.928302306911659,0.17363239117155704,0.9068867132012259,21.76528111682942
15635107,37.54614660446625,0.6801301512908727,0.16734567659819924,4.016296238356782
15636775,19.423531332233022,0.9296302545081534,0.32348316069348043,7.76359585664353
15637436,10.847085971443466,0.6680143091671066,0.579250991807476,13.902023803379423
15637776,41.95347570140843,0.7089842445859145,0.14976554867344763,3.5943731681627433
15645466,1.9991040896675496,0.07650525630141669,3.1430005769356804,75.43201384645633
15645860,14.826259352146296,0.8682734536685336,0.42378762963363464,10.170903111207231
15647000,29.5688791717026,0.7083349887277568,0.21249318483443197,5.099836436026367
1565093,13.972328177000339,0.17885024223069193,0.4496877848547999,10.792506836515198
15657139,8.087297722396611,0.21978972003309022,0.7769202424413294,18.646085818591907
15661449,17.23080107810642,0.6982363773528125,0.3646484733181121,8.751563359634691
15662388,18.067429048300948,0.9264265197636536,0.3477631095371842,8.34631462889242
15663247,10.82320340699553,0.7627586079046054,0.5805291715314597,13.932700116755033
15666332,17.66949345530459,0.7584902928653571,0.35559510084842305,8.534282420362153
15669245,13.370030824241015,0.1463440130155298,0.4699454615906817,11.27869107817636
15669988,50.72351733913916,0.6991870286969556,0.12387124625388252,2.9729099100931804
15670595,12.971534246663133,0.23814032325682236,0.4843825863386906,11.625182072128574
15673289,15.626060763069468,0.8277143605259739,0.40209656179177455,9.650317483002588
15676408,18.8813844205396,0.17810789954735143,0.33277143069787796,7.986514336749071
15690965,16.575748421638046,0.7179811160234276,0.37905892074094777,9.097414097782746
15692205,12.580324203293042,0.4666519280877841,0.49944542013749466,11.986690083299871
15692227,5.755594581675184,0.6154437869409152,1.0916657207205247,26.19997729729259
15694091,6.280073495592387,0.5219885684724413,1.000495505600274,24.011892134406576
15695409,47.03178171188762,0.8096193446779191,0.13359445631189998,3.2062669514855995
15696996,20.666125783257016,0.8088154936611944,0.30403305259421226,7.296793262261094
15697486,11.066514779733028,0.8474836682721993,0.567765500904266,13.626372021702384
15700663,10.290464432456096,0.747568068275913,0.6105832587460716,14.653998209905717
15705057,9.622635202727103,0.7156451009450296,0.6529589010501925,15.671013625204619
15708768,11.235001959188054,0.5713791466592256,0.559250931152812,13.422022347667488
15710329,35.98905235674166,0.7923860954242885,0.17458601701699397,4.1900644084078555
15712449,10.507847318976697,0.653049786149682,0.5979517132717029,14.35084111852087
15715021,11.664436997999204,0.7598511987931532,0.5386616866512579,12.92788047963019
15716609,6.493894251624866,0.18119409864631233,0.9675527601342512,23.22126624322203
15717980,5.669198678793569,0.6247652982668953,1.1083021892816565,26.599252542759757
15718781,12.621639787368006,0.6965596759614382,0.49781053912407847,11.947452938977882
15721740,9.494341120670413,0.7803851946361977,0.6617821318322212,15.88277116397331
15723103,33.410467514010655,0.8586722258953069,0.18806038270924336,4.513449185021841
15724061,9.61987728322702,0.7142322637533843,0.6531460976258806,15.675506343021134
15724616,8.471849377693056,0.7617826057972334,0.7416545109647052,17.799708263152926
15728324,13.312686280357307,0.6512554332432477,0.471969756881475,11.327274165155401
15732634,3.663786466917882,0.31318083372003414,1.7149430961420749,41.1586343074098
15739880,46.709777365297604,0.6967978845810868,0.13451541971697759,3.2283700732074623
15744353,41.79089756451298,0.8459440485594129,0.15034817803279235,3.6083562727870166
15748224,39.435035828262166,0.9039014809816683,0.15933002659215476,3.823920638211714
15748251,52.800101268255396,0.6561930435338601,0.11899949349069106,2.8559878437765853
15751544,11.928580148743947,0.677513900289507,0.5267337125484454,12.64160910116269
15756106,38.84599086809011,0.26116405366386847,0.16174604294470152,3.8819050306728364
15761861,3.850979424455147,0.13541548716505397,1.6315811160348015,39.15794678483523
15769416,14.36365631520068,0.8578123815809907,0.43743634415216803,10.498472259652033
15777228,14.79328075863577,0.28036141659590835,0.4247323774688515,10.193577059252437
15779995,59.252454486636374,0.6478111665950864,0.10604092879556032,2.5449822910934476
15780274,9.709521859907841,0.6971809898755356,0.6471158310198422,15.530779944476212
15780904,16.4981683115809,0.2441588993693829,0.3808413872689794,9.140193294455507
15781893,16.857564144505325,0.0637572888742793,0.3727220168536373,8.945328404487295
15782719,7.818056650967228,0.7619515525453975,0.8036761036263722,19.288226487032933
15784483,20.26394686678251,0.8205971362667407,0.31006720203551463,7.441612848852351
15785272,52.37589878458596,0.8185437515612121,0.11996329328917799,2.8791190389402717
15786114,12.579639507764034,0.6787911427255042,0.4994726043859734,11.987342505263362
15795553,8.761654882832081,0.22915103255002306,0.7171231224241779,17.21095493818027
15796684,2.611016540486491,0.21744740101087384,2.4064134446306067,57.75392267113456
15797916,5.293746188008274,0.6884827153143885,1.1869071700892369,28.485772082141686
15798814,11.130599644081254,0.7267974437601781,0.5644965687469227,13.547917649926145
15799706,11.19689515155117,0.6788720063288188,0.5611542505432089,13.467702013037012
15800147,8.876551793689833,0.19478610123898035,0.7078407756992056,16.988178616780935
15800166,6.336798553349937,0.2793321009186132,0.991539379748468,23.796945113963233
15800304,55.016104648829625,0.7224520547570971,0.11420629190825946,2.7409510057982267
15802719,6.33684277453789,0.4372577003281805,0.9915324603643466,23.79677904874432
15802998,9.222276923926351,0.7825600996750127,0.6813052090073807,16.351325016177135
15805992,10.436404166331112,0.7731902660158453,0.6020450345771173,14.449080829850816
1580949,44.32215703470848,0.8280068050171009,0.14176172207185792,3.40228132972459
15811479,23.96086976475516,0.5112991005184309,0.262226929525811,6.293446308619464
15813751,47.73981157118418,0.42349263237900747,0.13161311493261374,3.1587147583827297
1581690,56.4202375160093,0.27884115477651455,0.11136403503081188,2.672736840739485
15818924,5.1835106174428285,0.29005300940737355,1.2121486326344708,29.091567183227298
15819805,53.359828784364424,0.8425411285790717,0.11775122691212035,2.8260294458908883
15820290,19.502747386724117,0.7207449144189304,0.3221692401890345,7.7320617645368275
15825812,132.75449211137024,0.7962745443112375,0.04732936119335611,1.1359046686405465
15829874,15.083472627957835,0.21465849241520313,0.41656092480543533,9.997462195330447
15836441,10.670274680494158,0.5125327805915283,0.5888494434604941,14.132386643051857
15839358,18.17834056727577,0.8341746611281943,0.3456413022919392,8.29539125500654
15842236,6.555820902124895,0.7260739141155075,0.9584132027070872,23.00191686497009
15843279,20.448226853464963,0.6209098911673847,0.30727286782398433,7.374548827775624
15847031,12.669368806620003,0.2012562194331314,0.4959351490262478,11.902443576629947
1584721,9.291840297675794,0.8107941874625483,0.6762046167271326,16.228910801451182
15851627,18.239803279435417,0.9252820863139916,0.34447659390403645,8.267438253696875
1585633,15.440663448226768,0.9258285870978262,0.40692456825105905,9.766189638025416
1586050,6.29661580964141,0.4765316992782463,0.9978670284375205,23.94880868250049
15862122,23.802848479636737,0.8853270610004043,0.2639677899287907,6.335226958290978
15862277,6.945968513599649,0.2446295445230886,0.9045801596822118,21.709923832373086
1586584,12.454528877507196,0.7419415192401442,0.5044900027111408,12.107760065067378
15866286,10.277686261518713,0.74122873008876,0.6113423923733523,14.672217416960455
15871857,13.485239268503616,0.747742440842367,0.46593057654191683,11.182333837006004
158779,10.313668049956945,0.7460945445428442,0.6092095728450185,14.621029748280446
15884587,17.825743679940818,0.915944141576341,0.35247815855503467,8.459475805320832
15885653,33.36262457232271,0.7368764825898693,0.18833006658571017,4.519921598057044
15888421,52.78584981512269,0.8390681370572306,0.11903162171653639,2.8567589211968736
15891670,48.33450409638684,0.7646563982888706,0.12999378859147692,3.119850926195446
15895964,34.77232477473296,0.42925176563548467,0.18069500235846223,4.336680056603093
15896865,3.773268768266446,0.7310708285772076,1.665183609506373,39.96440662815295
15897021,10.002280042171309,0.6625163765890919,0.6281753040995265,15.076207298388635
15898895,12.585638023896458,0.3854664857370639,0.4992345477638598,11.981629146332635
15903339,42.68846361351717,0.8469749881774083,0.14718696283063312,3.5324871079351947
15903654,12.581152547520045,0.6217353756363567,0.4994125366056472,11.985900878535533
15909207,5.460799170267006,0.8127841488257977,1.1505981288215676,27.614355091717623
15909849,17.348412682143284,0.8159441062044265,0.3621763801853104,8.69223312444745
15914540,42.83402966148994,0.7927865973694489,0.14668676649931217,3.520482395983492
15917033,114.40591305928146,0.7375344588524809,0.054920109801700916,1.318082635240822
15918313,8.899507236136529,0.7667059688257742,0.7060149669485807,16.944359206765938
15918509,22.510460605822217,0.9063651280538612,0.2791229116633212,6.698949879919709
15919926,34.856067761004496,0.8983108100703855,0.1802608759617156,4.326261023081175
15932891,9.371893942450116,0.7112792889931822,0.6704285543309252,16.090285303942203
1593736,10.602260732509318,0.4234581302746516,0.5926269373770151,14.223046497048362
1593753,41.7218686240415,0.8003597264111854,0.1505969294855363,3.6143263076528713
15943659,6.290837641549474,0.572993192014697,0.998783574651594,23.970805791638256
15944489,6.302927704664923,0.5753425613875991,0.9968677417209267,23.92482580130224
15945950,19.132512412279127,0.9142499003461307,0.32840356623247646,7.881685589579435
15946049,12.455684982562143,0.7491012767603231,0.5044431772299953,12.106636253519888
15946130,12.585157195527353,0.36929690396799064,0.499253621513172,11.982086916316128
15948828,8.04817208351774,0.16534508347850224,0.7806971871348577,18.736732491236584
15948986,8.402114229798592,0.1251475682734032,0.7478100315389549,17.947440756934917
15951293,11.600346272152326,0.6587727361834871,0.5416377373374567,12.999305696098961
15951803,33.029810112343995,0.5778973611302681,0.19022771507945838,4.565465161907001
15958022,10.95545636931346,0.7380173784044096,0.5735210926291454,13.76450622309949
15965864,24.38343732517972,0.8178198840647651,0.25768250896649475,6.184380215195874
15981456,12.004706038117597,0.7113163291279684,0.5233935164450577,12.561444394681384
15983976,10.73056403465685,0.7033119016676933,0.58554101041535,14.0529842499684
15986215,30.492539310831724,0.8222880933121027,0.20605647968936583,4.94535551254478
15987611,36.937926443098156,0.8289029335536225,0.1701011917076249,4.082428600982997
15990758,43.000675709358795,0.8095045060076647,0.14611829241120727,3.5068390178689746
15991434,5.2544362550061265,0.33467307723259604,1.1957867604147498,28.698882249953996
15991455,7.975140283520878,0.7708161364013294,0.7878463680648481,18.908312833556355
15997760,41.31612119529535,0.8548394013210835,0.15207587560022576,3.6498210144054184
15997765,6.279982720832505,0.780166286541194,1.0005099673819893,24.012239217167743
16003034,10.457667817797567,0.7786605644520009,0.6008208920622279,14.41970140949347
16004101,3.1256149357433074,0.11846513691253448,2.0102237276023804,48.245369462457134
16004298,12.54995830602414,0.09690725502556567,0.5006538789984328,12.015693095962387
16005408,3.5525200957171377,0.15903617967997508,1.7686558099289842,42.44773943829562
16007517,10.207254108509726,0.772992474884551,0.6155607806355415,14.773458735252998
16010544,19.321006374026577,0.06726105628652541,0.325199691234828,7.804792589635872
16012689,9.46844454503041,0.7328627591950481,0.6635921325089629,15.926211180215109
16015500,37.85265230844335,0.777442537494389,0.16599062216250746,3.9837749319001787
16021203,17.59217320074708,0.8460776643927137,0.3571579949492971,8.57179187878313
1602363,21.402047782111612,0.492407002760942,0.2935786972885481,7.045888734925153
16024902,1.8467396367151268,0.1649831097891883,3.402312476682285,81.65549944037484
16026071,52.869818084206514,0.6857636716973922,0.11884257474032286,2.8522217937677485
16026470,87.48238363664716,0.4332675469447558,0.07182229205455147,1.7237350093092352
16027213,41.94403738221985,0.5732591759539646,0.14979924917392526,3.595181980174206
16030380,11.71326078776299,0.7242659378693674,0.5364164105134344,12.873993852322425
16037442,34.616257998895684,0.8231973081949011,0.18150966252273804,4.356231900545713
16039295,19.212706861836033,0.9246510443490614,0.3270327993011987,7.848787183228769
16042037,25.677058061536332,0.7217874027000075,0.24470035827786904,5.872808598668857
16044310,9.75902518094321,0.3531947388303049,0.6438332918178121,15.451999003627492
16046825,23.479866387657303,0.5200200099132414,0.26759885271248723,6.422372465099693
16051165,10.997977423250719,0.6761692962876857,0.5713037102527929,13.71128904606703
16060371,18.82706971959741,0.817230369165469,0.33373145161508133,8.009554838761952
16062546,8.26884941504473,0.23198899475263793,0.7598621031539969,18.236690475695926
16063395,16.69944688212545,0.667432231436467,0.3762511028975999,9.030026469542397
16063761,35.59793514599166,0.8668020604407591,0.17650420681456505,4.2361009635495614
16064683,16.516653304021055,0.9731259971202347,0.3804151598707903,9.129963836898966
16064998,3.239006925597314,0.7336807418888303,1.9398492968707952,46.556383124899085
16068362,45.276017168261404,0.5479740001650771,0.13877513306501957,3.33060319356047
16068884,19.40693747861894,0.8350748929124587,0.3237597541653294,7.770234099967906
16070923,17.287446716755056,0.10694362992165155,0.3634536325766315,8.722887181839155
16072819,12.41384740038251,0.6654494688726468,0.5061432692483381,12.147438461960114
16075048,17.66372005949793,0.7841818966011939,0.3557113272864096,8.53707185487383
16080949,44.58636236649996,0.8479219863733191,0.14092168487601195,3.3821204370242866
16084775,9.347122928280138,0.6981264975193259,0.6722052716531125,16.1329265196747
16085719,59.50981582735254,0.8642437857214894,0.10558233494467717,2.533976038672252
16091016,48.81212914775483,0.7695671380428045,0.12872180371727523,3.0893232892146054
16093789,20.680297889587248,0.5301437504512828,0.3038247002400888,7.291792805762131
16099645,10.570836567695054,0.6840843964363088,0.5943886528698475,14.265327668876342
16110553,13.474839119934991,0.7065672849251478,0.4662901910186145,11.190964584446748
16112580,10.41448749224067,0.6908754923146033,0.6033120028096325,14.47948806743118
16114773,5.249951917988372,0.23708180130889991,1.1968081623092501,28.723395895422
16115251,19.475692606659305,0.6505748522247388,0.32261678360189266,7.7428028064454235
16116009,5.442264286747695,0.1292335371743713,1.154516755549633,27.708402133191193
16121653,14.050217298533706,0.8279043370688576,0.44719488486738956,10.732677236817349
16125124,38.96825650533298,0.7804877292150044,0.16123855339331652,3.869725281439597
16126821,45.15790158141452,0.844444950720789,0.13913811508384027,3.3393147620121666
16127031,10.949781545408433,0.6602336122387207,0.573818325153191,13.771639803676583
1612845,19.177831667972953,0.1499864008379371,0.32762751368146215,7.8630603283550915
16131073,11.143504873328283,0.7632327661077964,0.5638428284998773,13.532227883997056
16132098,17.992404513304482,0.9390405289696706,0.3492132084143331,8.381117001943995
16134738,20.112293524173875,0.23410650701161806,0.31240521125189136,7.497725070045393
16134759,2.622534597405134,0.19577859261181077,2.3958445823351506,57.50026997604361
16139119,9.084875559175133,0.7717048389568145,0.6916093969866189,16.598625527678855
16143244,1.6636786363289446,0.20292276855467828,3.7766820887019352,90.64037012884644
16148093,46.07593363533483,0.799391448077054,0.13636588152304138,3.272781156552993
16148758,13.797399678665215,0.8043692396596014,0.45538909167755826,10.929338200261398
16151207,4.054166857268825,0.11089985187440098,1.5498092526493559,37.195422063584545
16156855,52.46393244659668,0.6103039049585598,0.11976199675034414,2.8742879220082593
16157334,10.128476597444806,0.7819826066051474,0.6203485042128346,14.888364101108031
1615764,12.87052942621081,0.7231435632116159,0.48818390441529863,11.716413705967167
16164165,15.677072198496072,0.9488886735625313,0.40078818465748617,9.618916431779668
16164186,11.778869360583123,0.7245322003442363,0.5334285587889848,12.802285410935635
16178895,34.86659690629286,0.7529168851950714,0.18020644010845727,4.324954562602974
16181306,9.255217424635063,0.7931445874704174,0.6788803567656148,16.293128562374754
16182003,15.26154042546969,0.744089900483508,0.4117005971883218,9.880814332519723
16183982,12.94615744136802,0.18449638762412227,0.48533206363630027,11.647969527271206
16184448,10.373952321583333,0.7668342514257023,0.6056693835103929,14.536065204249429
16184621,21.384482137294775,0.897174972624054,0.2938198487501196,7.0516763700028715
16186489,47.88978508381856,0.8342868103404981,0.13120095018556696,3.148822804453607
161865,38.82622550774018,0.8198027972065216,0.1618283833932558,3.8838812014381396
16192070,44.23654217330985,0.7974382575049408,0.1420360859708097,3.4088660632994325
16192469,22.46591804792395,0.6401836841081797,0.2796763209843636,6.712231703624727
16195878,10.172615165473886,0.6612407943743588,0.6176568370053825,14.823764088129181
16196130,17.01159076953336,0.8586428519925545,0.36934731103644686,8.864335464874724
16199312,8.888003458595087,0.8044913960645129,0.7069287648739011,16.966290356973627
16200802,17.630353987056036,0.718947152770238,0.35638452363421713,8.553228567221211
16201311,43.457347260328845,0.6542226174770263,0.14458280827728648,3.4699873986548755
16201393,15.319872012397369,0.1755863416763389,0.41013301560842125,9.84319237460211
16202803,14.258378611784437,0.8362419474848731,0.4406661850027312,10.575988440065549
16204919,27.529994907790993,0.18458348256939716,0.22823052921820353,5.477532701236885
16208287,21.369003279472047,0.6819586508514559,0.2940326801866082,7.056784324478597
16213799,32.50608178191996,0.7375349416389573,0.1932926074982782,4.639022579958677
16214472,45.99911046564487,0.872681042614891,0.1365936263457155,3.2782470322971724
16214536,29.12847609127533,0.1823175751975274,0.21570593969595098,5.176942552702823
16215957,3.9155494961624115,0.20548048055569942,1.6046752348138287,38.512205635531885
16218560,5.061714278015069,0.2281496346185355,1.2413156812248027,29.791576349395264
162255,12.25391224490986,0.7089146271621037,0.5127493311199085,12.305983946877804
16235958,22.868678325224135,0.46020205371813205,0.27475069690622383,6.594016725749372
16243512,6.296974698226113,0.5978511456404703,0.997810156192876,23.947443748629027
16250908,42.76403408866189,0.5287611035267067,0.14692686134691535,3.5262446723259684
16251897,32.81875240978207,0.6845481487563987,0.19145107128773117,4.594825710905548
16258664,10.033991126006974,0.7649892250247907,0.6261900402616739,15.028560966280175
16259674,10.924494158674118,0.7556182051382773,0.5751465665978408,13.80351759834818
1626282,15.09776177860838,0.6570798280762168,0.41616667419418857,9.988000180660526
16264955,8.536433693237537,0.1774988318448971,0.7360433563909776,17.665040553383463
16268086,21.029560917663602,0.8588809688158118,0.29877872066753797,7.170689296020911
16275275,44.15355154481371,0.7728060560713452,0.14230305575311328,3.4152733380747184
1627564,10.742118725893684,0.7485347427206022,0.5849111769761101,14.03786824742664
16277405,49.87274884276098,0.6417079032840239,0.12598433920274257,3.023624140865822
16277791,13.305228057005866,0.7846430567308801,0.4722343187399314,11.333623649758353
16279008,9.112153803594788,0.7046526331916151,0.6895389874456289,16.548935698695093
16282896,23.49969198638595,0.7442660706851838,0.2673730919885936,6.4169542077262465
16283036,47.007146439152805,0.755683486975581,0.13366446983359634,3.207947276006312
16285874,62.556931722016124,0.5303601175235976,0.10043947383960806,2.4105473721505937
16287123,10.935703760988787,0.6510274499659862,0.5745570147569059,13.789368354165742
16288747,36.492721955756615,0.8773653398493277,0.17217639492053383,4.132233478092812
16291191,32.25956813402938,0.5192000125429296,0.19476966588872885,4.674471981329493
16291550,3.7514626229497035,0.3390692581473481,1.6748628304976254,40.19670793194301
16294364,12.586967064242788,0.5144151909558926,0.49918183428229795,11.98036402277515
16294827,11.337050176861236,0.7349791054104036,0.5542169443691342,13.301206664859219
16295811,12.364874063764814,0.7423720097795898,0.5081479418858313,12.195550605259953
16296712,12.586659586310551,0.4833184401883847,0.49919402873287183,11.980656689588924
16296819,12.587238651857986,0.394588306422672,0.499171063722712,11.980105529345089
16298628,6.304020220368211,0.5257885282809481,0.9966949799555992,23.92067951893438
16300115,107.79618846860605,0.3162279646886632,0.05828763889002871,1.398903333360689
16300450,18.72129782745538,0.7627843504197876,0.3356169729838438,8.05480735161225
16305254,12.586014957984586,0.6297705336083883,0.4992195963658477,11.981270312780344
16306976,12.581465567610346,0.7303402618580666,0.49940011149058683,11.985602675774084
16307310,19.243264265929717,0.7710595080903841,0.3265134865036382,7.836323676087317
16308462,10.87117121074223,0.7441650460396524,0.5779676527374461,13.871223665698707
16310920,6.291279298536836,0.13780758937732432,0.9987134585871696,23.969123006092072
16318334,9.418545792264748,0.7730218452240241,0.6671077941076459,16.0105870585835
16318648,6.2966811929467275,0.17056337891825424,0.9978566668132637,23.948560003518327
16319448,13.628092308426984,0.6879219719438088,0.46104657680476335,11.06511784331432
16321584,6.302340729662988,0.7262514661674246,0.9969605860258802,23.927054064621124
16322075,22.15748840494744,0.8994420285777092,0.28356938261001835,6.805665182640441
16322742,40.430425435741036,0.828500774642918,0.1554073507627542,3.7297764183061006
16324288,7.6920201771152215,0.7690908953778679,0.8168446211143459,19.6042709067443
16327642,6.728512010602392,0.4778296178937367,0.9338149797873458,22.4115595148963
16330918,10.730412618634086,0.7085628153317927,0.5855492729392727,14.053182550542545
16332922,19.279329326313732,0.9411573382050964,0.3259026909511769,7.821664582828246
16338656,17.129329833853646,0.4192195470681888,0.3668085890179882,8.803406136431716
1634230,10.462510113846074,0.7175221437745928,0.6005428180054446,14.413027632130671
16344733,22.11102043109551,0.24021396408961984,0.284165325013373,6.819967800320952
1634758,13.114256554868653,0.7741785721603581,0.4791110560397692,11.49866534495446
16348133,3.326323247074479,0.27886843169316855,1.8889280567382274,45.33427336171746
16355834,15.752021051297927,0.21331774630649872,0.39888121573211505,9.57314917757076
16359928,11.499078229017758,0.7410057475017028,0.5464077365196158,13.11378567647078
16360153,27.160960047546503,0.6678089821174233,0.23133148814256135,5.551955715421473
16362900,15.7692149472434,0.6317245744061406,0.3984462973077771,9.56271113538665
16367883,18.45902672592472,0.2532709020454603,0.34038551438658393,8.169252345278014
16369534,9.357919075063592,0.5872101821267446,0.6714297544977316,16.114314107945557
16372736,22.857605688723513,0.5849374024852416,0.2748837910997524,6.5972109863940585
16375078,11.478561757809516,0.6420930014833525,0.5473843709474124,13.137224902737898
1637658,9.454025111896941,0.7509831148303503,0.6646042540412579,15.950502096990189
16379790,10.726782768741819,0.7207379065794687,0.5857474177149354,14.05793802515845
1638633,4.275593811161294,0.4113794354955769,1.4695468242978418,35.2691237831482
16387328,11.471611155847688,0.7828421652207888,0.5477160288837644,13.145184693210345
16390749,43.82008312759034,0.8570837370332571,0.1433859741636026,3.4412633799264625
16392893,49.970173358500006,0.841096682938893,0.12573871341414522,3.0177291219394853
163933,18.500094006240754,0.9260603122039744,0.3396299124242309,8.151117898181543
16395940,38.74220319289105,0.9064324056704707,0.16217934937506373,3.8923043850015295
1640190,5.476075098865705,0.13184249130397332,1.1473884477006284,27.537322744815082
16402447,10.10610181004943,0.8226459538412212,0.6217219483116264,14.921326759479033
16404461,19.976504693507742,0.2290299568883321,0.31452876284316084,7.5486903082358605
16406809,6.302787414915738,0.7813854304888795,0.9968899303679889,23.925358328831734
16410649,6.269517551817015,0.10598885652285574,1.0021800330327826,24.05232079278678
16411554,36.14546705866305,0.7481088925255063,0.17383051924552967,4.1719324618927125
16411746,46.23769454081794,0.7758547072962163,0.13588881040841871,3.261331449802049
16413856,7.863881845729766,0.1220775871922027,0.7989928422680298,19.175828214432716
16418981,10.835722384818737,0.7559460718325806,0.5798584611195438,13.916603066869051
16423598,3.532395489769532,0.1304332061151445,1.778732116881263,42.68957080515031
16425019,10.284776505811532,0.6324281158961462,0.6109209377208342,14.662102505300021
16426733,17.98105048928602,0.6630340769173618,0.34943371695237785,8.386409206857069
16428977,9.283011678210045,0.12753653572417176,0.6768477219443845,16.244345326665226
16429047,44.75251997822049,0.6516171151179809,0.14039846940993259,3.369563265838382
16429765,40.58079547026162,0.7201156328641068,0.15483149687846864,3.7159559250832475
1643135,17.78983169425406,0.7131676449424189,0.35318969932745303,8.476552783858873
16432010,20.122574435321706,0.26655382305869746,0.31224559896026716,7.493894375046412
16444519,7.28825511134032,0.3425168648696089,0.8620973348481075,20.69033603635458
16446640,17.278770747016452,0.11661175272544207,0.36363612893379654,8.727267094411117
16451582,44.8886054667794,0.7081401829634336,0.13997283368113467,3.359348008347232
16456815,23.43014092641482,0.7702309230201423,0.26816677402465,6.4360025765916
16461348,10.608102731165827,0.7814861092853603,0.5923005712152513,14.21521370916603
16464929,11.144261127858991,0.2121737099866953,0.5638045658740497,13.531309580977194
16465571,6.314241224500123,0.15407461198492148,0.9950816073988374,23.8819585775721
16465741,9.670095457313314,0.7768238777498329,0.6497542175168218,15.594101220403724
16466750,10.839754389802112,0.6643826601466386,0.5796427742948418,13.911426583076203
16468007,12.579775598875802,0.26714283293432584,0.4994672009682817,11.98721282323876
16469904,9.935758578257412,0.7289768433400662,0.6323810364041239,15.177144873698975
16470504,9.669832843841393,0.8064312527670132,0.6497718635520443,15.594524725249062
1647815,7.1537523879211085,0.51760368947918,0.8783062323751312,21.07934957700315
16479020,37.382368875974,0.7947165856220773,0.16807884294400208,4.03389223065605
16480090,22.71831585975634,0.7871567971635012,0.2765691500182785,6.637659600438683
1648028,10.285036405544117,0.6452094470012266,0.6109054999350955,14.661731998442292
16483679,9.7193544872951,0.7620423575790051,0.6464611734650497,15.515068163161192
16486177,17.728291066995027,0.8520383154404353,0.35441573490842937,8.505977637802305
16487905,10.226281141415788,0.7897454970213789,0.6144154673914729,14.74597121739535
16489557,6.316483232153586,0.30853020924812735,0.9947284076043297,23.873481782503912
16491168,6.5138461585416705,0.28519030210013346,0.9645891466043274,23.150139518503856
16492583,16.934215929914153,0.2037295615211134,0.37103491139972955,8.90483787359351
16494763,14.226148586018015,0.7814221813603475,0.44166453549873175,10.599948851969561
16496571,10.343275222174503,0.7752731424388163,0.6074657371302792,14.5791776911267
16498188,13.537894570512705,0.944280800235223,0.4641183512290885,11.138840429498124
16498989,2.0978950114658623,0.1091338873515164,2.9949951131202392,71.87988271488574
16501948,40.23445104243147,0.5419125726075994,0.15616431054454563,3.7479434530690954
16502234,12.840129381132614,0.346749535463557,0.48933971930315184,11.744153263275644
1650268,10.632994024037107,0.7008038022604557,0.5909140260001767,14.18193662400424
16503662,0.8269447516068525,0.45579058842130077,7.598071449115078,182.35371477876186
16506289,11.083372881516949,0.7257284732160257,0.5669019146380668,13.605645951313605
16517678,9.55924557650701,0.7663458109906626,0.6572888264970685,15.774931835929646
16518126,18.88044133846382,0.3711218052877838,0.3327880527018871,7.98691326484529
16522905,20.733911517763538,0.8810874733803389,0.3030390720919466,7.272937730206718
16528073,0.6735644812964515,0.7381482222509523,9.32826103758611,223.87826490206663
16532099,9.128498670425353,0.6601077969046698,0.688304345985824,16.519304303659776
16533089,25.756877114662768,0.25547043487201104,0.24394204620414642,5.854609108899514
16534206,25.35321243173648,0.7619158252017821,0.24782600327658916,5.94782407863814
16536835,11.708231122341779,0.26691523301928205,0.5366468462678313,12.879524310427952
16538941,12.884946678492401,0.7042735376402891,0.4876376646298041,11.703303951115299
16539841,15.803609931890055,0.7303403098418689,0.3975791185848473,9.541898846036336
16540332,11.721068459484155,0.7363199912613182,0.5360590912764032,12.865418190633676
16541112,104.67520467088468,0.7676122163829734,0.06002553639073274,1.4406128733775858
16541724,17.287128662284353,0.1823872349179335,0.3634603195201368,8.723047668483282
16547836,6.106251226844742,0.8444545757072917,1.028975892697797,24.695421424747128
16554726,20.253508156069202,0.8504537654627998,0.3102270114768614,7.445448275444673
16554976,13.207567397376364,0.6597544264935986,0.4757261589615449,11.417427815077078
16554979,28.612907421352656,0.6608168126631406,0.21959268992324418,5.27022455815786
16557222,53.68906353129741,0.6417759456443697,0.11702914697919582,2.8086995275007
16559815,35.390453782903904,0.5255412607787657,0.1775389868048205,4.260935683315692
16560563,12.360293141274154,0.6935813899080114,0.5083362696470715,12.200070471529715
16561915,12.579973123718434,0.5558150271770538,0.49945935856835755,11.987024605640581
16562635,47.576801336877686,0.8667737594594299,0.13206405497271986,3.1695373193452765
16565258,10.983009307315925,0.7671722237140124,0.5720823074413927,13.729975378593423
16565566,43.681482816384865,0.7840317816102649,0.14384093446623503,3.4521824271896406
1656568,35.30598175044643,0.7538268629221342,0.1779637612569756,4.271130270167415
16565853,13.590126190565416,0.10719556550170539,0.46233458167161984,11.096029960118877
16566249,13.823786797274245,0.8186867595686846,0.4545198359409374,10.908476062582498
16568945,13.08586855290434,0.5916482265510097,0.48015042194391183,11.523610126653884
16573903,11.176006830145258,0.685672500299706,0.5622030661462938,13.49287358751105
16574303,106.26694017469757,0.8307715643737629,0.0591264347768962,1.4190344346455088
16575569,5.636690873034156,0.11778570266307435,1.1146939664969477,26.752655195926746
16582677,11.801289359288631,0.637552293542528,0.5324151553181076,12.777963727634582
16583659,18.943583431969287,0.8220554534139738,0.33167881513779757,7.960291563307141
16585940,42.66715421777504,0.8780859246494747,0.14726047289467514,3.5342513494722034
16586484,20.413761935451657,0.9284540729766534,0.3077916420817989,7.386999409963173
16586778,88.80687599472238,0.6218058312541188,0.07075111287050548,1.6980267088921315
16588756,15.060309460299951,0.09325318160156792,0.41720160689543,10.01283856549032
16598126,19.10236059382203,0.2915913758969279,0.3289219296389817,7.894126311335561
16598874,11.512982787237362,0.3593417071461013,0.5457478242862283,13.097947782869479
16600479,11.308631788829713,0.63169162055967,0.5556096815696048,13.334632357670515
16606054,6.303492479458022,0.14697704988291446,0.9967784252389269,23.922682205734247
16615188,10.377954962011126,0.6827161658775683,0.6054357848130397,14.530458835512952
166191,34.817490436795026,0.17521743607805343,0.18046060265559902,4.331054463734376
16626362,10.070826822261651,0.5941145115905073,0.6238996477717748,14.973591546522595
16626946,43.877756550617086,0.5667680209313525,0.1431975060058357,3.4367401441400567
16627831,6.299590065691047,0.12650975533073855,0.9973959006315658,23.93750161515758
16627902,9.496117382902618,0.6986710562301569,0.6616583445453414,15.879800269088195
16628220,8.758010963431314,0.38167274779013177,0.7174214936947153,17.21811584867317
16630828,57.48779280063322,0.1744583476839226,0.10929599139367858,2.623103793448286
16634355,13.991166013808755,0.15611915998275594,0.44908232101444,10.77797570434656
16637855,2.357460877773905,0.9276033337364933,2.6652341790344583,63.965620296827
16637980,58.76248656552949,0.8339357363868523,0.10692510944329829,2.566202626639159
16645458,11.430755448509965,0.13187756316848262,0.5496736707807549,13.192168098738119
16645807,5.413158195128749,0.5311501587634924,1.1607244940363588,27.857387856872613
16647248,12.580982315919814,0.478565003473805,0.49941929409032904,11.986063058167897
16648210,12.937594439834937,0.1996664552289156,0.48565329021549924,11.655678965171981
16648733,19.924644601898624,0.8591970666027593,0.31534742188479786,7.568338125235149
16648785,16.340565335313766,0.3967240256213341,0.3845145610477092,9.22834946514502
16650827,25.186689242483066,0.7227547416577835,0.24946451860697788,5.987148446567469
16651490,9.773930535212575,0.7097261272023752,0.6428514387884313,15.428434530922353
16651591,13.210291696721917,0.6532144145972285,0.475628052084477,11.415073250027447
16653662,38.523909766667835,0.8526697308303766,0.1630983289400186,3.9143598945604463
16657358,6.06913387327936,0.16708594802944554,1.0352688601651436,24.846452643963445
16657659,8.265923270610159,0.3245510920167013,0.7601310950368627,18.243146280884705
16659101,39.91319865352002,0.8635109170470365,0.1574212420739038,3.778109809773691
16659561,14.947645583479918,0.8720046620040169,0.4203461523146989,10.088307655552773
16660233,10.363109137531188,0.7416740070763961,0.6063031107550831,14.551274658121995
16660485,9.696521565531508,0.6746848650708145,0.6479834304205127,15.551602330092305
16666867,6.0703749424527835,0.24879119574444555,1.0350572026842242,24.84137286442138
16669454,24.21816511528957,0.7498109104329295,0.25944101368822714,6.226584328517451
16670893,12.91531134082748,0.7307153435236774,0.48649119958241943,11.675788789978066
1667598,12.60271369338639,0.4723005079688336,0.49855812486455636,11.965394996749353
16680023,41.70639294354587,0.8794219985013348,0.15065281036613642,3.615667448787274
16680195,18.8263634325309,0.8904890375403988,0.33374397183486826,8.009855324036838
16684220,10.327435279988174,0.8068989600764962,0.6083974517230556,14.601538841353335
16692577,12.58629263563138,0.5591565023997532,0.4992085826283822,11.981005983081172
16694484,50.41033686290349,0.905089470741533,0.12464081174992753,2.9913794819982606
16703174,8.160506815763744,0.73906844499936,0.7699503779645506,18.478809071149215
16703794,9.76976680395205,0.7672973222028344,0.6431254126391146,15.43500990333875
16704626,7.7802548709493475,0.3079911261729219,0.807580909802883,19.381941835269192
16705362,10.176485006619602,0.6366984767911824,0.6174219588681651,14.818127012835962
16707409,12.077843008727186,0.7574150493033998,0.5202241246752002,12.485378992204804
16710177,22.759962567004766,0.9067192524081307,0.27606307737466806,6.6255138569920335
16714704,10.584080537724226,0.5867046799793596,0.5936448881681118,14.247477316034683
16715726,9.769704687662589,0.7460533226686846,0.643129501663867,15.435108039932807
16718769,12.581664873412281,0.4734768715620348,0.4993922005073657,11.985412812176778
16719500,6.282024241374876,0.3279975328609741,1.000184823515494,24.004435764371856
16726633,12.581600140958875,0.2591539510643919,0.49939476988502746,11.98547447724066
16728832,11.07321853712626,0.6393988892197328,0.5674217740861284,13.61812257806708
16730714,46.96197785051078,0.7937529331977949,0.1337930299098603,3.2110327178366473
16732110,39.710186971838546,0.858589701921866,0.15822603181484543,3.7974247635562906
16733767,106.03260839301919,0.7317819492498169,0.05925710404001765,1.4221704969604234
16733833,12.585055537691328,0.31102653295145827,0.4992576543156208,11.982183703574899
16734502,16.69749145979065,0.9359428185384494,0.3762951651935364,9.031083964644873
16734516,10.48173757736504,0.7363293817834105,0.5994411957753945,14.386588698609467
16737506,19.465505933034336,0.7947402154675272,0.3227856151694767,7.74685476406744
16742987,9.764719529681813,0.7610056141275604,0.6434578369691614,15.442988087259874
16744006,42.55145106761312,0.710010556549712,0.14766089403615806,3.5438614568677935
16744355,9.741141591074756,0.7587164966704051,0.6450152939914666,15.480367055795199
16748057,47.426702362888754,0.7612609436898427,0.13248201949828498,3.1795684679588394
16750709,19.873536991379716,0.6891827703518354,0.31615838237073557,7.587801176897654
16759604,11.883183447263788,0.6285998920090585,0.5287459656802949,12.689903176327077
16760209,13.082312952506339,0.2556147598078485,0.48028092050617394,11.526742092148174
16761690,43.22969568597637,0.8607776820425237,0.14534419471330767,3.488260673119384
16762218,22.83945224853383,0.47991049415417597,0.2751022764822625,6.6024546355743
16762789,22.334102191531798,0.9580402950098914,0.2813269704462049,6.751847290708918
16763492,10.217153401480177,0.6667225932947114,0.6149643702393007,14.759144885743218
16764005,12.586441144603652,0.4133111241791873,0.4992026924047118,11.980864617713085
16768181,11.16496970027479,0.6603596303678083,0.5627588319406676,13.506211966576021
16770851,10.761664265583624,0.6854782592813802,0.5838488501516952,14.012372403640684
16771007,40.30226995260832,0.8657823161106045,0.15590152402254318,3.741636576541036
16772405,44.7029048477792,0.891748382356655,0.14055429571243463,3.3733030970984315
16776795,11.702694416307143,0.7415618470666492,0.536900741287773,12.88561779090655
16786560,49.04967652277612,0.841792106612483,0.12809840456872335,3.0743617096493603
16789788,12.43351983392401,0.7354417848207717,0.5053424445454572,12.128218669090973
16791800,26.594963202716663,0.558688084106307,0.236254709558604,5.670113029406496
16792697,11.016103977613852,0.7332886563177415,0.5703636530617204,13.68872767348129
16792910,6.3102103604407835,0.1822969666012383,0.9957172500253526,23.897214000608464
16796588,40.172552540566095,0.6861874881988077,0.15640493097457148,3.7537183433897154
1679845,9.1942150689105,0.7201757400026465,0.6833846348042991,16.40123123530318
16799641,15.546906509372082,0.20519457245984352,0.40414376348065884,9.699450323535812
16803044,46.75898871083024,0.6189656848186078,0.1343738494011588,3.2249723856278107
16805607,35.89130581935637,0.857104891180196,0.17506148533027271,4.201475647926545
16806136,35.855562738888025,0.6938337415353739,0.17523599763126865,4.205663943150448
16810498,10.933884897228243,0.7972837858847228,0.5746525929473049,13.791662230735316
16812072,10.224546855716534,0.6639974886955989,0.6145196844265683,14.74847242623764
16812428,5.8408038560352695,0.20389211857955694,1.075739823155884,25.817755755741214
16815143,47.77722210939179,0.7425123303176889,0.13151005918245864,3.1562414203790077
1682540,18.697071302302522,0.5664419951462595,0.3360518449970194,8.065244279928466
16831425,8.72207753974298,0.20816187530560273,0.7203771439258195,17.289051454219667
1683151,101.59367440796541,0.4731709236427129,0.061846225602082916,1.48430941444999
16832817,11.943394989585551,0.8219384314624001,0.5260803408627466,12.625928180705918
1683589,12.604343872015743,0.18723723839531625,0.49849364401502566,11.963847456360616
16837045,16.760050252460427,0.9171959369265079,0.3748906007162595,8.997374417190228
16837728,58.189311973126735,0.721866166588514,0.10797833990684264,2.5914801577642232
16846842,10.34304333189625,0.687433532727672,0.6074793564678659,14.57950455522878
1684856,12.041894015526369,0.7122753960656563,0.5217771638812202,12.522651933149284
1685980,8.344317046563253,0.6790701628460347,0.7529897620282083,18.071754288677
16861939,10.334938298264332,0.334096494558592,0.607955763822489,14.590938331739736
16863363,29.27455835624714,0.7759702851882694,0.2146295507081071,5.151109216994571
16872277,14.165316761183885,0.07949441941089866,0.4435612286762912,10.64546948823099
16873474,38.07028335993257,0.6863565437734545,0.1650417268444181,3.961001444266034
1687512,12.185840313246755,0.6824484325237941,0.5156136257874132,12.374727018897918
16884557,9.550771130295095,0.6710486116611205,0.6578720421065573,15.788929010557375
16894075,24.991479650737652,0.7089358034913698,0.2514130973831368,6.033914337195283
16901059,19.575400033033755,0.6930480116026745,0.3209735329329988,7.703364790391971
16901216,6.274918298250228,0.14578310515881082,1.0013174687759143,24.031619250621944
16906667,7.555438713678871,0.0974904979535253,0.8316109156976004,19.95866197674241
1691490,8.735689578072668,0.7791532073916585,0.7192546450999039,17.262111482397692
16917654,42.74061058045496,0.6210028324648645,0.14700738295144644,3.5281771908347146
16922876,42.83921602781341,0.8464703577742082,0.14666900774048297,3.5200561857715913
16926819,45.96709666690751,0.8399506177384096,0.13668875701916927,3.2805301684600625
16927228,10.610553016997871,0.7226248678336308,0.5921637917565713,14.211931002157712
16938008,36.191996121113434,0.6643151584238381,0.1736070396933466,4.1665689526403185
16940346,18.66313118708258,0.3752296719611264,0.336662977085453,8.079911450050872
16956865,12.075392321281242,0.7234025656149593,0.5203297035829075,12.48791288598978
16960026,10.303295791237385,0.7471809647729967,0.6098228600331196,14.63574864079487
16968490,42.4328005089166,0.8080265213036439,0.14807378329552562,3.553770799092615
16968703,7.62258906088295,0.7230347521054766,0.824284932192289,19.782838372614936
16968725,8.695078334395546,0.667578377178078,0.7226139967393833,17.3427359217452
16971175,10.656265665659618,0.7172905290539932,0.5896235608527933,14.15096546046704
16980721,8.191184526418645,0.7900447717166796,0.7670667516907624,18.4096020405783
16981207,13.037322246176318,0.7096159748459167,0.4819383297074186,11.566519912978046
16981920,45.91792487104954,0.7841199736125515,0.13683513191906077,3.2840431660574585
16983422,10.80474828554883,0.7385696945385323,0.58152074820505,13.956497956921199
16985469,21.579232242985164,0.4287692597416173,0.29116815818236924,6.988035796376861
16987719,11.70340008750512,0.3212628631288538,0.5368683681836779,12.88484083640827
16989466,30.17615772327002,0.4267538684094999,0.20821687654205145,4.997205037009235
16991760,11.443122132971247,0.5657071992462053,0.5490796335272649,13.177911204654357
16997258,10.289372970218063,0.6266753931641729,0.6106480273740555,14.655552656977333
17005824,10.690579535171212,0.6840420601774764,0.5877310286601745,14.105544687844187
17008442,44.85323714502422,0.7846940580383517,0.14008320707966135,3.361996969911872
17009525,11.032639613572167,0.7136738180612294,0.5695087963763557,13.668211113032536
17011710,11.859589801289312,0.2130506742131995,0.5297978608414021,12.715148660193652
17016125,18.26445042236216,0.6715083759477066,0.3440117365637644,8.256281677530346
17021337,33.13105111391898,0.2836579813634681,0.18964642219093078,4.551514132582339
1702443,6.29779605750111,0.8557728562573053,0.997680021679311,23.944320520303464
17030093,16.232418068246194,0.7111897792985451,0.38707636045123395,9.289832650829615
1703266,49.302108499562166,0.8262448706715664,0.1274425272751851,3.058620654604442
17042648,11.887920530273849,0.7139147503209021,0.5285352716800882,12.684846520322116
17056731,47.806527421171914,0.73673956122835,0.13142944376246357,3.1543066502991257
17060293,19.211810775939117,0.5193804725005476,0.3270480529117355,7.849153269881652
17065012,42.84713183562838,0.8168672600996154,0.14664191132520502,3.5194058718049206
17067453,44.17530355658084,0.6391981755535125,0.14223298543114535,3.413591650347488
17074093,55.100772224551484,0.5933237296870905,0.11403080308155755,2.7367392739573813
17074729,44.384431211960745,0.7383141075584873,0.14156282136801135,3.3975077128322724
17082055,5.478920706299348,0.8693442802650347,1.14679252429325,27.523020583037997
17082877,17.527367432855122,0.6760816787447589,0.3584785525407386,8.603485260977727
17083815,50.47684491096883,0.898702330282293,0.12447658561587759,2.987438054781062
17084379,38.43190855270005,0.8820494294801762,0.16348876607477664,3.9237303857946393
1708695,55.66295357474635,0.6688251878495831,0.112879121635942,2.7090989192626083
17095125,47.22477680414583,0.8305024232158411,0.13304849132983068,3.1931637919159366
17101513,50.852912102787236,0.6479098107433102,0.1235560570155668,2.965345368373603
1710162,10.454753371756949,0.7239354628440224,0.6009883814335909,14.42372115440618
17102008,40.513738915993,0.8552278864682576,0.1550877671450676,3.7221064114816227
17102467,18.079047736679666,0.815483806325716,0.34753961595178207,8.34095078284277
17103900,117.44832058604004,0.4718691655873354,0.05349744701182563,1.283938728283815
17105292,51.18106269808945,0.7967572416995174,0.12276386960238192,2.946332870457166
17108059,9.29193533598507,0.68897258401328,0.6761977004775921,16.22874481146221
17117879,3.0636792432840467,0.05376504314052083,2.05086264201877,49.22070340845048
17120218,51.04601740322968,0.8288379235901138,0.12308864876855308,2.954127570445274
17125494,41.63490310768914,0.7213892305545335,0.15091149103741294,3.6218757848979104
17130728,18.951046248573842,0.7127422831960415,0.33154820186523615,7.9571568447656675
17132435,34.213588480861844,0.6385311589457016,0.18364590170640038,4.407501640953609
17133581,12.44640124018586,0.7981307417617703,0.5048194402485582,12.115666565965396
17142032,3.0443874415756795,0.8444465706140791,2.0638586342110274,49.53260722106466
17143089,12.579626781480396,0.30407877637096864,0.49947310968157105,11.987354632357706
17151564,13.266384896394802,0.7265775434559912,0.4736169918367941,11.36680780408306
17157938,40.04120469029048,0.8408200574510365,0.1569179887513021,3.7660317300312505
17163731,36.09885973899441,0.7678709878131837,0.17405495222311457,4.17731885335475
17165200,19.440080514981272,0.9194674917649958,0.32320778210447854,7.756986770507485
17167175,10.214841082635475,0.740363234580866,0.6151035788369305,14.762485892086332
17168875,10.032227770967935,0.6904857853352864,0.6263001050835759,15.031202522005822
17169532,18.621041279865224,0.8369266647028762,0.3374239502907682,8.098174806978438
17176117,9.609821046212184,0.7728179074619738,0.6538295850635192,15.69191004152446
17178029,50.10108395606745,0.859619488847232,0.12541016702730773,3.0098440086553855
17181303,11.709931981249168,0.7010052318544626,0.5365688987127081,12.877653569104993
17185566,10.230585264464034,0.7049874311941067,0.6141569758481216,14.739767420354918
17195747,104.35581032380806,0.7386687434895925,0.06020925224655288,1.4450220539172691
17195842,28.580301015805727,0.5256800661728186,0.2198432166163962,5.276237198793509
1720538,21.550107152487698,0.8408884411953148,0.29156167357869817,6.997480165888756
17212083,48.22159989046262,0.7439741921936929,0.13029815106616338,3.127155625587921
17213533,35.54425605239981,0.5594617869975889,0.17677076425279042,4.24249834206697
17216032,10.722218598231228,0.6273216016388108,0.5859967552066212,14.063922124958909
17217812,49.326120053525706,0.7783427549591047,0.1273804892896797,3.057131742952313
17219858,10.123149642076983,0.7107003989844034,0.6206749410345035,14.896198584828085
17235674,49.55201766233047,0.8767494327275583,0.12679978744752657,3.0431948987406376
172382,13.709547885103825,0.7538409033824883,0.45830725854983234,10.999374205195977
17247918,13.0391605015365,0.6621844800397872,0.4818703862445126,11.564889269868303
17249,62.289293675334754,0.5954638551086531,0.10087103154402272,2.420904757056545
17256607,9.816427968835065,0.6836250668649422,0.6400683962768613,15.36164151064467
17259682,11.532326856278466,0.7609053703079001,0.5448323990018437,13.075977576044249
17266250,22.13878160030662,0.8529831691814066,0.2838089927718771,6.81141582652505
17269001,16.214558116846334,0.536161595325375,0.38750271588663193,9.300065181279166
17274433,34.087218078620154,0.8799571431964145,0.18432672600878694,4.423841424210886
17275256,45.96709666690751,0.8009890249648398,0.13668875701916927,3.2805301684600625
17275627,11.683732588396806,0.7410924184908786,0.5377720912082035,12.906530188996882
17286117,44.68626646755521,0.7230376138542514,0.1406066293710516,3.374559104905238
17290858,51.23688188066792,0.7383289855510122,0.12263012651342238,2.9431230363221372
17302403,12.86852753294402,0.7613866988679238,0.48825984877402206,11.71823637057653
17302597,46.5576091675412,0.6128829900900472,0.13495506791530149,3.2389216299672356
17306967,26.44494847780139,0.441671928139723,0.23759491580987058,5.702277979436894
17310130,18.154633368508044,0.8916079733675816,0.3460926574302911,8.306223778326986
17312184,17.56008163294446,0.9255031742220838,0.3578107117333501,8.587457081600402
17313039,36.90358887742051,0.7856782746594553,0.17025946522572383,4.086227165417371
17321800,39.356976752396655,0.8155352506222879,0.15964603548459727,3.8315048516303345
17324094,44.43248788549287,0.7592678735760414,0.14140971181654305,3.393833083597033
17336233,10.811600108971858,0.7486262017254975,0.5811522109447584,13.947653062674203
17336492,9.00450920956809,0.7851124837118074,0.6977820957196806,16.746770297272334
17338538,33.44690750448657,0.6107638158151849,0.18785549325708992,4.508531838170158
17340334,27.014331707406747,0.3583151319413719,0.2325871087700042,5.5820906104801
17342686,16.832888983327365,0.8306433896609486,0.3732683862765895,8.958441270638147
17342857,31.255103647056835,0.6026456941950158,0.20102909841961916,4.82469836207086
17351801,18.65759765034641,0.864035669424001,0.33676282578978906,8.082307818954938
1735658,52.955511845119936,0.6589547342537554,0.11865026110135893,2.8476062664326145
17359449,50.91853412863227,0.8105605820556445,0.12339682229081406,2.9615237349795374
1736308,11.303719740962086,0.7084138949696691,0.5558511225655007,13.340426941572018
17370336,11.405907072709452,0.658321278942871,0.5508711641367974,13.220907939283137
17373195,10.046281957524991,0.7559295991510854,0.6254239462663375,15.0101747103921
17386926,37.356780051003135,0.7780303905142847,0.16819397438968686,4.036655385352485
17388305,10.426462675922444,0.6016963070379121,0.602619076332492,14.462857831979807
17389083,28.711828389933416,0.4374577699710909,0.2188361264161957,5.252067033988697
17403485,9.077702765295157,0.7443110811384576,0.6921558757355162,16.61174101765239
17404363,11.530575175040104,0.6364369065297553,0.5449151678730314,13.077964028952753
17413648,14.078457870957461,0.7653875086712837,0.4462978377867088,10.71114810688101
17418926,11.47424873424212,0.7775422714716325,0.5475901257420835,13.142163017810006
17419718,39.201225113749906,0.8738238018525484,0.1602803302434481,3.846727925842754
17429661,9.582259320019176,0.772207866479951,0.6557102137752427,15.737045130605825
17433084,27.329316359280888,0.2113669987539789,0.22990642080389437,5.517754099293465
1743519,44.21627584879309,0.8016067225921347,0.14210118755062656,3.4104285012150375
17436807,10.951426850721099,0.7538661236697877,0.5737321166297037,13.769570799112888
174389,18.80993536321408,0.8131401822829488,0.33403545444751437,8.016850906740345
17444609,11.131067208862934,0.71813474384216,0.5644728568503028,13.547348564407267
17452152,11.676661837441312,0.775309064373941,0.5380977367206525,12.91434568129566
1746311,19.684451309278053,0.702077751600092,0.3191953490833689,7.660688378000853
17463281,34.167683814427946,0.7406944101987027,0.1838926320351394,4.413423168843345
17475914,11.655491531904385,0.6964743937951494,0.5390751037809711,12.937802490743307
17476779,11.288277400204908,0.7120178995597709,0.5566115257820943,13.358676618770263
17479708,11.192341744622105,0.7833854333563127,0.561382546257457,13.473181110178967
1748058,20.252894556944778,0.8431481949216076,0.31023641038140215,7.445673849153652
17480642,46.200006465244236,0.8396627339212299,0.13599966294174348,3.2639919106018436
17486338,110.995543687417,0.3811832143097807,0.056607545658536915,1.3585810958048858
17488397,52.45721465405694,0.7215091699418653,0.11977733374933693,2.8746560099840863
1749054,21.700123407200007,0.7263674014406374,0.2895460633691536,6.949105520859687
17493252,19.563188225513773,0.5509501706904095,0.3211738922485665,7.708173413965596
17496627,50.789488134513505,0.7275743930035277,0.12371034908914368,2.969048378139448
17505797,2.9515791436400773,0.09907617971263469,2.1287537963257046,51.09009111181691
17506685,22.517171933975433,0.24328598160402726,0.2790397180251171,6.6969532326028105
17507804,9.535470859288036,0.14836472053824312,0.6589276397462263,15.81426335390943
17508928,12.231475003128333,0.7383301473795697,0.5136899111164102,12.328557866793844
17518765,42.54778843430112,0.3741042396008391,0.14767360510127517,3.5441665224306043
17522253,9.635700582518904,0.7015172200763908,0.652073531485458,15.649764755650992
17523065,33.21257144825492,0.8801701169618266,0.18918093460389745,4.5403424304935385
17523854,48.31055335352849,0.6278829807909267,0.1300582351272256,3.121397643053415
17524400,32.67498033616155,0.6666346210144231,0.19229346865821847,4.615043247797243
17542402,17.24407079712315,0.6904548892233929,0.3643678677211078,8.744828825306588
17544856,10.228433778920389,0.7466546254808734,0.6142861598349983,14.74286783603996
1754582,58.94696489190533,0.6354671298131689,0.1065904804208571,2.5581715301005703
17546360,26.96820905022928,0.5862735845784426,0.23298489326736244,5.591637438416699
17547893,11.60386668390444,0.7341160139906646,0.5414734138487565,12.995361932370155
17555840,5.8102088702095696,0.6284226948895455,1.0814043776283306,25.953705063079937
17558169,53.24335844245173,0.6059391725868442,0.11800880881642335,2.8322114115941606
17566699,36.36263573309825,0.5681084663577056,0.17279235073326826,4.147016417598438
17586216,25.170890362169846,0.6302064627243475,0.24962109868877705,5.990906368530649
17586227,2.8432675214919074,0.8706706410346955,2.2098466850852994,53.036320442047185
17592913,28.653444133798594,0.6820532877028372,0.21928202689491566,5.262768645477976
17597186,58.54059400107823,0.6887820287417957,0.10733039892051419,2.5759295740923402
17604606,21.90671217772007,0.7781425284579194,0.28681553197972887,6.883572767513493
17610493,15.690372168306753,0.25850747931991,0.40044845589265865,9.610762941423808
17613281,43.092647054724594,0.7964914657029882,0.1458064365180535,3.4993544764332842
17614652,32.42536460802665,0.6888263339687947,0.193773775041044,4.6505706009850565
17623132,11.299778122001223,0.7427551336412059,0.556045016047343,13.345080385136232
17625530,10.711889751080005,0.6801089441172435,0.5865617975153354,14.07748314036805
17626260,18.13909497479353,0.7602263939023026,0.3463891288904344,8.313339093370425
17627286,20.563993509544908,0.5254490982832074,0.3055430504908108,7.33303321177946
17628740,45.88535821953761,0.8551871351940803,0.13693224921810151,3.286373981234436
17632184,44.54982425807654,0.7817076325211133,0.1410372635990925,3.3848943263782196
17633750,10.96923354048953,0.7455075325573848,0.5728007598696074,13.747218236870578
17635845,11.765838956626803,0.7003242945917477,0.5340193190083352,12.816463656200046
1763696,19.645704198710412,0.8333556376522372,0.319824896253504,7.675797510084097
17648985,44.75740843108079,0.5646675577785688,0.1403831349363018,3.369195238471243
17656056,18.888595444996792,0.11459622478978813,0.3326443898635076,7.983465356724182
17659704,47.268453317198954,0.8242443522697396,0.13292555322290195,3.1902132773496468
17659706,10.35250129534468,0.7479450579729677,0.6069243681239638,14.56618483497513
17661187,49.67995915802772,0.7017153034491376,0.12647323817624948,3.0353577162299876
17669543,12.42018834183816,0.751960278747391,0.505884865369899,12.141236768877576
17670149,45.56587313522881,0.815535105656386,0.1378923495777765,3.3094163898666356
17677531,8.36428543489679,0.5650618022445384,0.7511921198869413,18.028610877286592
17680043,8.364186759923701,0.6590747508455171,0.7512009819394446,18.02882356654667
17693555,26.43251543367452,0.8163756879863636,0.23770667316720556,5.704960156012934
17694062,37.639091749343905,0.4838579824259091,0.16693243686702694,4.006378484808646
17694914,37.63915037500549,0.3748026448805163,0.1669321768578489,4.006372244588373
17695712,37.63899904276925,0.43067377668947154,0.16693284802924738,4.006388352701937
17697911,37.63915515216669,0.4976108096779205,0.16693215567081868,4.0063717360996485
1769795,11.52770041420764,0.5615409912055972,0.5450510580094272,13.081225392226253
17697967,12.58046470210051,0.7296977264180753,0.49943984232398886,11.986556215775732
17698307,37.639050857827215,0.4806713646811738,0.1669326182244303,4.006382837386328
17700134,43.939507574065864,0.383751286108577,0.14299626131650303,3.431910271596073
17701075,9.640684904471314,0.7301086488806179,0.6517364035272503,15.641673684654005
17703382,10.646043250389928,0.5536761053232023,0.590189722078149,14.164553329875577
17710182,23.256793837971777,0.24588084908894178,0.27016558477295005,6.483974034550801
17715248,55.980489511261865,0.8478845401760563,0.11223884181855122,2.6937322036452294
17719862,43.11139627033184,0.7812147349583705,0.14574302506419895,3.497832601540775
17720776,20.033772650791203,0.2978576195138197,0.3136296601095471,7.527111842629131
177235,39.198649896769126,0.8831895451450188,0.1602908601119312,3.846980642686349
17728581,10.128767195741226,0.7400679961891493,0.6203307061713724,14.887936948112937
17729039,16.076645577043397,0.5633237894414918,0.3908268846923915,9.379845232617397
1774383,12.09620775550263,0.6325271409276811,0.5194343081881453,12.466423396515488
17747157,13.75905728445948,0.7271809143110161,0.4566581254281346,10.959795010275231
17753022,15.539748799385006,0.21007906504623772,0.40432991474278185,9.703917953826764
17761801,6.301222579905049,0.10948917653950867,0.9971374963355548,23.931299912053316
17763235,17.167051350218433,0.8531327362957225,0.3660025929321659,8.784062230371982
17764853,11.03367268527614,0.7557062299439746,0.5694554738391114,13.666931372138674
17768519,45.65521237844808,0.8518334861040181,0.1376225184344037,3.302940442425689
17768697,5.398028683630787,0.7278245143707786,1.1639777547372037,27.93546611369289
17769261,8.13274830555704,0.7729026612651645,0.7725783549561391,18.541880518947337
17770982,8.371835537845662,0.670195042576759,0.750514660587378,18.012351854097073
17773803,52.01930435205604,0.1731391359270293,0.12078564651030836,2.8988555162474006
17774201,17.6100940469117,0.923570704734633,0.356794534455168,8.563068826924033
17775394,12.472295073050324,0.638720753451203,0.5037713805180942,12.09051313243426
17785431,15.572813411321215,0.7232722762199993,0.40347143070575797,9.683314336938192
17791592,9.257212588068297,0.7303914165999372,0.678734040879437,16.289616981106487
1779170,35.0391821966271,0.48429120405700105,0.17931883432440412,4.303652023785699
17792324,12.580728731916519,0.8122741714285613,0.4994293606569498,11.986304655766796
17794872,8.0487845145543,0.7977458210002231,0.780637783980668,18.73530681553603
17797806,45.813217209613406,0.6723410497922263,0.13714787325307354,3.291548958073765
17800059,17.44388340599484,0.1773531644878174,0.36019418159033784,8.644660358168109
17801376,12.632018064860533,0.6098355779741088,0.49740154541561427,11.937637089974743
17801758,10.239590805732572,0.1557967313747314,0.6136168355147535,14.726804052354085
17803409,9.957561551606732,0.8179179543110144,0.6309963814550305,15.143913154920732
1780485,10.71456720065887,0.7127065586011084,0.5864152223333122,14.073965335999493
17805037,8.338570296499368,0.18555814425546527,0.7535087051814318,18.084208924354364
17806019,6.297565462918628,0.671029049458671,0.9977165531944502,23.945197276666804
17809180,17.05956575208614,0.38319122756630947,0.36830863097504357,8.839407143401045
1781225,107.23043279674107,0.7926089210826869,0.058595168771626405,1.4062840505190337
17812270,108.56715979992427,0.7396952929099537,0.05787371907636446,1.388969257832747
17819838,10.191527552491364,0.7802577686322092,0.6165106530712007,14.796255673708817
17822235,7.468969396882487,0.8439374122004659,0.8412385930784719,20.189726233883327
178224,28.116849547313603,0.8693281490886616,0.22346690359481997,5.363205686275679
17834893,19.87838240450707,0.9497209338306202,0.3160813178518482,7.585951628444356
17835223,4.514316711949623,0.19314040384778178,1.391835289391123,33.40404694538695
17835317,12.581733599999335,0.6776030316404855,0.49938947262243083,11.98534734293834
17835442,6.296673307123684,0.45646969160236817,0.9978579165082555,23.94858999619813
17837529,12.586153405296201,0.755857014598315,0.49921410496519514,11.981138519164684
17840532,10.804267627442222,0.6761583472362295,0.5815466187842899,13.957118850822958
17845655,13.46571226041275,0.76611938290975,0.4666062355759111,11.198549653821866
1784750,10.634666559346085,0.7215752079683739,0.5908210917678206,14.179706202427695
17855398,8.919497187393343,0.7554735162528092,0.7044326799116128,16.906384317878707
17855762,10.13096345130521,0.22593261117512295,0.6201962268820642,14.884709445169541
1785602,6.297455872518541,0.709576977794161,0.9977339157863367,23.945613978872082
17856789,13.005762801495742,0.15094227758507445,0.4831077886840272,11.594586928416653
17858327,48.84341709160723,0.6959354515847277,0.128639347558245,3.0873443413978796
17867588,5.435353936888355,0.11303289125610755,1.155984574350755,27.743629784418122
17868852,41.247630115983604,0.7154541713364563,0.152328395340823,3.6558814881797517
17873922,70.84140673704364,0.6489055018278572,0.08869368349081709,2.1286484037796103
17874927,8.709391773755696,0.1984836820596905,0.721426417641806,17.314234023403344
17875385,33.19767684582019,0.12899327521631213,0.18926581327845782,4.542379518682988
17875674,34.230433620162735,0.8567827908176071,0.18355552771842787,4.405332665242269
17880250,13.467808278634935,0.7258077629208423,0.46653361684299494,11.196806804231878
17880767,12.585807900701328,0.5757833045349213,0.49922780935099637,11.981467424423913
17882849,1.5110118837846465,0.6686636767634897,4.158263329764178,99.79831991434025
17882939,15.40654239923097,0.11623456077910369,0.4078257888345679,9.78781893202963
1788821,10.988378196078951,0.5843862559573536,0.571802789734854,13.723266953636497
17888320,39.28498157764494,0.7521122692263258,0.1599386089760832,3.8385266154259967
17896313,8.453321042210806,0.6861086569520314,0.7432800997152639,17.838722393166332
17904849,8.511977077148662,0.7288774899630217,0.7381581564696041,17.7157957552705
1790596,11.755242146008827,0.6700413078936283,0.5345007128851762,12.828017109244229
17906090,46.356720985510805,0.7815219724031758,0.1355398995788216,3.252957589891718
17909981,44.28393485313128,0.8468102678545136,0.14188407891073634,3.4052178938576723
17915724,10.253598166935936,0.7032612946505872,0.6127785782985467,14.70668587916512
17918883,20.487785435700058,0.7659246259077322,0.30667957388069417,7.36030977313666
17919470,52.56255290793588,0.6730905468224477,0.11953729336900135,2.8688950408560325
17919686,12.35202632912823,0.7357340114024571,0.5086764826887342,12.208235584529621
17923879,43.55434000168496,0.8626038905546978,0.14426083157123978,3.4622599577097546
17928126,11.311718407492213,0.7580349443274816,0.5554580728439965,13.330993748255917
1793190,58.85112929374624,0.8247275674275728,0.10676405674083238,2.562337361779977
17934303,14.092463112873428,0.7370012776357743,0.4458543021794333,10.7005032523064
17942645,21.126617033309625,0.7072174816419075,0.2974061250446818,7.137747001072363
17943568,6.297975821852342,0.24194314919171736,0.9976515447040244,23.943637072896585
17951805,12.581774211252036,0.8543648616016712,0.4993878607009539,11.985308656822895
17952641,61.0860260513993,0.7355244456980431,0.10285798100358923,2.4685915440861415
17958363,35.923745852819565,0.7966662893846042,0.17490340046725486,4.197681611214117
17962812,18.698512105199956,0.8216144640217723,0.3360259507189487,8.064622817254769
17964029,9.972692269346071,0.10766694029627152,0.6300390243157064,15.120936583576952
17968519,12.580401124872093,0.5148015106456333,0.49944236632943356,11.986616791906405
17970807,12.585961357767504,0.6350823323423644,0.4992217224075521,11.98132133778125
17980151,15.99217363838876,0.8093564622359561,0.3928912635176108,9.42939032442266
17981381,30.919985050036317,0.8507396490803893,0.2032079024945132,4.8769896598683165
17981455,17.00690289369968,0.7749983071373475,0.36944911995159524,8.866778878838286
17984561,9.995527993146933,0.8927642811324126,0.6285996409081563,15.086391381795753
17985238,28.611869552989383,0.42698816523163013,0.21960065543927784,5.270415730542668
17987523,19.840704749020734,0.7661427902149723,0.3166815587782839,7.600357410678814
17992460,32.86520992284457,0.7627967049858067,0.191180440408876,4.588330569813024
17992634,22.11580100458826,0.7918825352296677,0.284103899554714,6.818493589313135
17992869,8.290964081305377,0.8080384219148158,0.7578353066740491,18.18804736017718
17993985,5.984637463032805,0.6256562051810456,1.0498857025159696,25.19725686038327
18001184,11.697078777954717,0.7206397737545335,0.5371585014047607,12.891804033714259
18001324,40.45236527815566,0.3078330927716505,0.1553230636571087,3.7277535277706093
18003132,10.867513118725833,0.7267276262271362,0.5781622012816361,13.875892830759266
18003140,23.01275118820317,0.6000132837978288,0.27303060185174566,6.552734444441896
18006468,11.091379230007696,0.7170565634002188,0.5664926946308395,13.595824671140148
18008609,48.80885820406733,0.8274840928610325,0.128730430056567,3.089530321357608
18010252,12.1501007985807,0.7534953568174247,0.5171303029776962,12.41112727146471
18011727,42.01093864900913,0.6826026887578241,0.1495606979809241,3.589456751542179
18020442,41.26462695433398,0.8191681942531238,0.15226565150178029,3.654375636042727
18020957,24.103163108035307,0.9039301935421411,0.260678869367355,6.256292864816521
18021143,31.043079729701727,0.45652251214229994,0.20240212510770617,4.857651002584948
18024182,60.4583063305872,0.7474475461626202,0.10392592331023973,2.494222159445753
18028053,11.317641638131294,0.30094890068359753,0.5551673668487909,13.32401680437098
18029577,13.017388173680386,0.26271161695185863,0.48267634208553767,11.584232210052903
18029924,12.259477596588571,0.7499384317641957,0.5125165617928125,12.3003974830275
18032651,6.958227073048355,0.3004511804129772,0.902986528208681,21.671676677008342
18032723,6.298347290386015,0.3133002405953964,0.9975927044814482,23.942224907554756
18034228,13.23468862938656,0.7851805078101101,0.47475127546471163,11.39403061115308
18034354,31.567661574947437,0.9268779061876977,0.19903866785514499,4.776928028523479
18038442,18.831981278079613,0.735054841998758,0.33364441130223516,8.007465871253643
18040121,8.978837687756881,0.6519729654608101,0.6997771343775421,16.79465122506101
18040499,42.40778178315331,0.8466597345132206,0.14816114031400743,3.5558673675361785
18040815,35.983901354454225,0.8733939503179011,0.1746110085531854,4.19066420527645
18044249,6.908686296930416,0.7505972452734117,0.9094616598775451,21.827079837061085
18045478,125.63171022275849,0.6880332329764107,0.05001273401467532,1.2003056163522077
1804606,12.571322532793335,0.6718368330780684,0.4998030470373644,11.995273128896745
18049983,62.714191229133434,0.6238844306082482,0.100187615977112,2.404502783450688
18052204,12.248363223946951,0.6774870259960758,0.5129816280182842,12.31155907243882
18053182,13.67640949199643,0.7447135041580109,0.4594177522146122,11.026026053150693
18055009,49.16309851007103,0.8394112124069715,0.1278028744647264,3.067268987153434
18065725,22.518156304091125,0.8946334832300574,0.2790275199412329,6.696660478589591
18066717,7.537459724531941,0.28575641137720936,0.8335945446885632,20.006269072525516
18067356,45.14843971932447,0.8397555187495401,0.1391672745778245,3.3400145898677875
18068298,10.126273860817884,0.7784638756573113,0.6204834466793794,14.891602720305105
18070211,51.05586393768647,0.7383209946834236,0.12306491013154132,2.9535578431569918
18074746,14.171605246346111,0.7071391397478097,0.4433644035349905,10.640745684839771
18075405,19.136150805414665,0.7444956661528628,0.3283411262311817,7.880187029548361
18079205,4.161886951944483,0.6602489374232829,1.5096962939476304,36.23271105474313
18082632,43.25499033823339,0.7791695814517344,0.14525920033845977,3.4862208081230346
18082719,28.450747985707448,0.8574858360458739,0.22084429240088924,5.300263017621342
18099204,18.245140019848535,0.3488721026717165,0.34437583380254855,8.265020011261164
18101214,41.10132168717411,0.7602378616268564,0.1528706389298495,3.668895334316388
18102636,17.877138209805267,0.8790168615209524,0.35146482806366514,8.435155873527963
18108134,9.417953207348788,0.811092994520224,0.6671497690471475,16.01159445713154
18115616,17.622628916394284,0.7589369911652288,0.3565407486583546,8.55697796780051
1811983,39.51355533484757,0.8870412878639169,0.1590134133447201,3.8163219202732828
18122794,12.843538146572953,0.776468754317879,0.48920984509678367,11.741036282322808
18124350,6.739238764410839,0.224296617177082,0.93232863930573,22.375887343337517
18126624,14.018945384227269,0.08282927159703048,0.44819243780268986,10.756618507264557
18133967,87.77728147900184,0.7861063291602582,0.07158099682869143,1.7179439238885943
18140612,38.273773682864366,0.8101160236569923,0.1641642488467931,3.9399419723230342
18143902,39.69288723281365,0.6809406740000753,0.15829499301288794,3.7990798323093102
18146252,17.846486751849312,0.8434649725142125,0.35206847120924245,8.44964330902182
18153152,31.875952834906588,0.558355873708503,0.19711364675816126,4.7307275221958704
18156119,2.026346627463085,0.3298025530926129,3.100745559532386,74.41789342877726
18157163,3.1197993834743807,0.2127907570535963,2.0139709432797837,48.33530263871481
18165725,47.11132816860671,0.7036529749105792,0.133368884967384,3.200853239217216
18168390,23.02128962880646,0.24615596156606204,0.2729293366483456,6.550304079560295
18168976,10.16438965770021,0.6921587453066262,0.6181566743084913,14.835760183403792
18170252,7.423928514792869,0.2671979667806046,0.8463423771739927,20.312217052175825
18172882,55.63673942191349,0.7797693063936157,0.11293230646627084,2.7103753551905
18175552,13.383889002739211,0.6289725545509247,0.4694588625095172,11.267012700228413
1817613,10.286339022030548,0.7084670265030105,0.6108281375640748,14.659875301537795
18178441,18.89442342947926,0.7024511978311249,0.3325417857089251,7.981002857014203
18180699,10.567856420288349,0.7905242280975172,0.5945562711390572,14.269350507337371
1818091,12.693405649367792,0.7161939991241068,0.49499602240258717,11.879904537662092
18183454,27.066387209545884,0.7489488248452665,0.2321397849862876,5.571354839670902
18185584,4.273159155225293,0.3757452939051846,1.4703841066851906,35.289218560444574
18186536,10.540035236531068,0.7087236084600123,0.5961256453301484,14.307015487923563
18200420,11.67291328897395,0.669707649447933,0.5382705372372281,12.918492893693474
18200615,45.23057626865073,0.8154781941119252,0.1389145535060197,3.333949284144473
18210795,22.834386593762652,0.81478847048749,0.2751633060682206,6.603919345637294
18213730,16.659023624758703,0.7231910022784263,0.3771640792826233,9.05193790278296
18218179,32.73437047551971,0.2878144987454184,0.19194458961349037,4.606670150723769
18220730,8.86142423575415,0.640859711549335,0.7090491483105094,17.017179559452224
18226590,20.10840299118407,0.8989339823414274,0.3124656547779682,7.499175714671237
18232336,9.263472807076033,0.6862035700355601,0.6782753550461214,16.27860852110691
18232724,2.6760571128247244,0.3281330351595027,2.347926461310589,56.35023507145414
18233707,44.244289598151724,0.799233908291796,0.14201121465044525,3.408269151610686
18237209,29.989955133104203,0.7793285701752368,0.20950966012763172,5.028231843063161
18248621,8.946499988021115,0.7477240849639339,0.7023065238464691,16.85535657231526
18252312,12.16494123902253,0.7315756100161878,0.5164994375003202,12.395986500007686
182540,37.814887144707825,0.7459634676457995,0.16615639452090536,3.9877534685017286
18255554,15.04766884319761,0.8049146836995187,0.4175520721948861,10.021249732677266
18258445,11.718818134209815,0.7826881049958149,0.5361620289026913,12.86788869366459
18261085,12.729801023091378,0.7165811149221052,0.4935807948436999,11.845939076248797
18262305,22.936432679721428,0.4199002228536542,0.2739390817620335,6.5745379622888045
18262890,26.985817801069203,0.7289610025321942,0.23283286626691152,5.587988790405877
18270533,12.476195679709164,0.685281266217408,0.5036138794615359,12.086733107076862
18277497,10.143885748192243,0.7771478412407781,0.6194061588577456,14.865747812585894
18279703,6.32080919900729,0.6562895216318564,0.9940476146893323,23.857142752543975
18286349,54.001945230243976,0.7746546567210049,0.11635109217622529,2.792426212229407
1828651,11.740580602800703,0.6173615502937811,0.535168193102881,12.844036634469145
18288212,14.119948675257941,0.3383257972638335,0.4449864126056964,10.679673902536713
18288372,28.516617312813384,0.30113535251873164,0.22033417351911372,5.288020164458729
18289613,6.297038996652502,0.5202657017454952,0.9977999676545943,23.947199223710264
18292763,19.505993030342488,0.38876069047406303,0.322115633764751,7.7307752103540235
18296917,17.377188370124408,0.6251418335222648,0.36157663560705267,8.677839254569264
18303022,32.585166585512624,0.8294645421875054,0.19282348275528205,4.627763586126769
18303699,28.465680024734972,0.5854141564936431,0.22072844568335884,5.297482696400612
18306708,16.456528646281434,0.8598739972617957,0.3818050235399647,9.163320564959154
18307046,34.95343373846482,0.699522997891724,0.17975874285178453,4.314209828442829
18314836,10.907619094320214,0.6680276634515881,0.5760363698849137,13.82487287723793
18317263,19.605564070396692,0.22716032752311688,0.3204797007940641,7.6915128190575395
18318057,1.491701350799729,0.7090135722699042,4.212093328072039,101.09023987372893
18322845,12.347467938062408,0.7564598829902615,0.5088642739302839,12.212742574326814
18322950,29.585943532630925,0.46391912883584074,0.21237062459237566,5.096894990217016
18331827,5.152278780777603,0.4470711932977735,1.219496377141165,29.267913051387964
18335572,48.21683177334414,0.5985006146141415,0.13031103612770217,3.127464867064852
18340201,2.918416328800121,0.11828410116576461,2.152943445790977,51.67064269898345
18343736,37.69695163420466,0.7823811950909186,0.16667621743394453,4.000229218414669
18348124,8.758776921537063,0.20621019750935368,0.7173587549341263,17.21661011841903
18348664,8.898257841112896,0.17954778298083757,0.7061140977674518,16.946738346418844
18349071,19.35919513071129,0.9491666130658102,0.3245581887447369,7.789396529873686
18352204,27.403613116373137,0.18350133498200205,0.22928309783447873,5.502794348027489
18355256,37.03214323093081,0.8555253135933708,0.16966842205156532,4.072042129237568
18356591,39.87682746527061,0.5672337028700832,0.15756482414885478,3.781555779572515
18358062,53.18799223277488,0.8319656465238092,0.1181316504612828,2.835159611070787
18362454,24.9632207163751,0.0789976204745909,0.25169770273504855,6.040744865641165
18365343,20.427779789411293,0.1968726605803742,0.30758043076401603,7.381930338336385
18366877,40.23567783821086,0.8474374764413325,0.1561595490560518,3.7478291773452437
18369295,55.65752878851662,0.5337100546055528,0.1128901236534229,2.7093629676821496
18369449,11.244075995187709,0.7223285158912616,0.5587996123353037,13.411190696047289
18371428,10.337916142151053,0.8305473010740683,0.6077806417447121,14.586735401873092
18373326,24.844314838726156,0.652012874053849,0.25290233793791933,6.0696561105100635
18376664,10.475891685528524,0.7168896916218344,0.5997757036624601,14.394616887899044
18380451,19.485660075108946,0.8368393984500534,0.3224517559559478,7.738842142942747
18382764,6.292950060413967,0.5818892501611694,0.998448302760925,23.9627592662622
18385620,110.32888739366558,0.7606123749123909,0.056949593670427325,1.3667902480902558
18386263,8.702131799003489,0.5590640608980998,0.7220282859769023,17.328678863445653
18388820,11.68667860854253,0.35959547280199894,0.5376365276774883,12.903276664259717
18388910,14.009703134984052,0.7079120402013005,0.4484881118922252,10.763714685413404
18389736,19.389186471082475,0.8112602967531648,0.32405615968212426,7.777347832370982
1838988,18.234700066144967,0.8462082596732409,0.3445730000706245,8.26975200169499
18390000,12.607136260820958,0.5464451577917637,0.49838323130572987,11.961197551337516
18391916,7.803723012609978,0.8540828721280572,0.805152271169368,19.323654508064834
18392695,32.65576243625612,0.8238749786118342,0.19240663326861016,4.6177591984466435
18400410,8.65555175501035,0.7543900480220298,0.7259138972327793,17.421933533586703
18402065,36.934561003685936,0.8798378964272796,0.17011669115418881,4.082800587700532
18402327,11.069674834739358,0.7774899969987343,0.5676034211466996,13.62248210752079
18404143,8.629603258380442,0.24711708962886894,0.728096659725094,17.474319833402255
18405090,37.17716308517448,0.7938537847655887,0.16900658322918666,4.056157997500479
18408716,35.18506851366197,0.828090109185804,0.1785753324521706,4.285807978852095
18409289,11.15646767133153,0.2197881675222254,0.5631876945536548,13.516504669287716
18415157,18.398655642686283,0.83448271628472,0.3415024135025451,8.196057924061083
18416275,28.334717084372368,0.786688700036861,0.22174865160891238,5.321967638613897
18421902,13.502066512775377,0.7568381731256877,0.46534990041965546,11.16839761007173
18423716,10.472081405076471,0.7033693068323031,0.5999939328330407,14.399854387992978
18425400,3.852739122129118,0.33658436199742386,1.6308359086891262,39.14006180853903
18425878,50.82384117407476,0.8922291757422027,0.12362673033034424,2.967041527928262
18426491,12.36071374597133,0.7888600405734835,0.5083189722136746,12.199655333128192
18427866,17.54071992879596,0.9249158591473502,0.35820566844948654,8.596936042787677
18428128,12.586247705868974,0.6744301530694305,0.4992103646784048,11.981048752281716
18429098,12.85149497572272,0.6466660178395571,0.4889069574433883,11.73376697864132
18430690,3.0001784345113642,0.31188237145670583,2.0942705390130976,50.262492936314345
18432510,21.66807556257707,0.10856287949108084,0.28997431216417185,6.959383491940125
18434633,44.849363771656414,0.8262555216664298,0.14009530523486244,3.3622873256366983
18434831,10.060225875572856,0.7063902008845396,0.6245570810130349,14.989369944312838
18438245,20.641513613133313,0.8372307962521585,0.3043955702542019,7.305493686100846
18440016,42.736629748053,0.7571203159775254,0.1470210763979543,3.5285058335509034
1844071,10.561698953353071,0.7689602666446032,0.5949028972450341,14.277669533880818
1844132,48.1929152521847,0.4519522967624379,0.13037570510729282,3.129016922575028
18442127,11.738760472995034,0.6742396272378828,0.5352511725266076,12.846028140638582
18442650,10.131055715691716,0.7270811651222622,0.6201905787022504,14.884573888854009
18443329,13.042440487794014,0.6911940582504256,0.4817492027707399,11.561980866497757
18453306,20.34963986489412,0.2719818527279035,0.3087614989206237,7.410275974094969
18457593,39.59366240721326,0.8505612452890323,0.15869169268955785,3.8086006245493884
18462224,12.581240021278816,0.6216772719320155,0.4994090643333052,11.985817543999325
18463550,31.22016606891976,0.69935175144206,0.2012540642259623,4.830097541423095
18464449,18.925023485450414,0.19542649865693765,0.3320040956361353,7.968098295267247
18465689,11.467990962858808,0.6873587229123949,0.5478889308100114,13.149334339440275
18467764,10.590138251289108,0.7948516555686437,0.5933053146322005,14.239327551172812
18472804,13.436756076656183,0.7837208568580607,0.4676117711249838,11.222682506999611
18473466,27.973966333231434,0.46248647800883735,0.2246083101814393,5.390599444354543
18475097,14.631695882992375,0.6831417730608245,0.4294229019947749,10.306149647874598
18476697,19.073547807800757,0.09207959804932765,0.32941880401557333,7.90605129637376
1848945,51.70069627822225,0.7555151242088491,0.1215299939746892,2.9167198553925404
18489761,53.13577146213518,0.8537177517603834,0.118247747878414,2.837945949081936
18492451,11.943093380757007,0.2038335066528061,0.5260936264052998,12.626247033727195
18496795,6.305691861587854,0.4983765599267844,0.9964307557517408,23.914338138041778
18498050,10.991096949599763,0.6512296315835407,0.5716613488163605,13.719872371592654
18501055,10.192812089294089,0.7708006851527875,0.6164329580625805,14.794390993501931
18502454,7.717881020938415,0.7477140434820327,0.814107562701921,19.538581504846103
18504033,10.764413539188105,0.6675162481095738,0.5836997328563697,14.008793588552873
18508280,9.6908460106504,0.5904562432564775,0.6483629293329253,15.560710303990206
18510465,11.160631661058302,0.6251764961905575,0.562977571341494,13.511461712195855
18512447,20.74465121459248,0.517291248955241,0.30288218597571714,7.2691724634172115
1851295,17.096179554177496,0.446874294033028,0.3675198477688118,8.820476346451484
18514233,12.585275243032772,0.27393808732003405,0.49924893860847164,11.98197452660332
18515114,17.221388157075282,0.6233869497912309,0.3648477840387208,8.7563468169293
18516711,11.12112309539629,0.7435557025643155,0.5649775884398384,13.55946212255612
18517769,38.24653987064088,0.8658467679436086,0.16428114356045934,3.9427474454510243
18524508,46.749061753241115,0.7779059272245796,0.13440238309689653,3.2256571943255166
18525697,10.82722771749013,0.7410225063402671,0.580313397955954,13.927521550942897
1852714,13.809777761904783,0.7036469343775167,0.45498091392261086,10.91954193414266
18527462,43.104572966195455,0.877774941265637,0.1457660956786915,3.4983862962885963
18527878,10.660032263721188,0.6941881884711952,0.5894152242449463,14.14596538187871
18533525,11.814035836941995,0.7677673571054641,0.5318407184386836,12.764177242528408
18535998,15.133238806385652,0.8351225863138685,0.41519104981864957,9.96458519564759
18536264,10.661054535886471,0.7325053790602752,0.5893587061232622,14.144608946958293
18537828,18.09137995454934,0.8310857448421735,0.34730271117873396,8.335265068289615
18541863,46.58402064731368,0.6356546479288564,0.13487855320066525,3.237085276815966
18543464,19.594446690656785,0.9199758793605861,0.3206615326461653,7.695876783507968
18545645,11.00250786891332,0.7613169490979443,0.5710684674838733,13.70564321961296
18554616,43.057565419671924,0.7592903222401641,0.14592523394991944,3.5022056147980667
18557434,24.08412638861537,0.6260395982628473,0.26088491672048625,6.2612380012916695
18559228,9.774753021682306,0.6693639188941289,0.6427973467198872,15.427136321277292
18560875,9.199549710090716,0.7809802470053309,0.6829883532546973,16.391720478112735
18563582,18.585354081231003,0.6683577403279383,0.3380718645293315,8.113724748703957
18563674,9.304989781691372,0.7249330870536347,0.6752490281657771,16.20597667597865
18564317,19.31208374384915,0.9437314329545894,0.3253499410275064,7.808398584660154
18564689,46.35772126966304,0.8816743676075229,0.13553697496540595,3.252887399169743
1857382,4.792002704524351,0.5737846994301276,1.3111815027248088,31.46835606539541
18576325,20.294780875699534,0.5855788212126999,0.30959611466921116,7.4303067520610675
18578027,17.028841371673412,0.9494809987639626,0.3689731538418895,8.855355692205348
18582042,40.53528784669741,0.8073865804270081,0.15500532106598833,3.72012770558372
18587428,46.6607403849278,0.7857797147870756,0.1346567854548909,3.2317628509173817
18590945,22.89255007537954,0.7341187339458395,0.2744641940933012,6.587140658239228
18592513,12.647111737456303,0.302620652307832,0.49680792244216504,11.92339013861196
18593018,22.645529859725702,0.8680279702984833,0.2774580831669572,6.658993996006973
18601264,2.3814834723440303,0.6930349598047497,2.638349323077693,63.32038375386463
18602776,17.273141733882884,0.5780972603631427,0.3637546315534788,8.730111157283492
186102,9.705234073229544,0.7416603369991681,0.647401727745117,15.537641465882807
18612093,10.126299623563238,0.7496814430195715,0.6204818680813102,14.891564833951445
18612099,22.675402732155973,0.8611712741049768,0.27709255625565604,6.650221350135745
18616226,16.4395074884934,0.8135862758017636,0.3822003373019181,9.172808095246035
18619518,11.518840899783601,0.4763434191499461,0.545470274469858,13.091286587276592
18621916,14.484133114822635,0.23227593553458017,0.4337978156766289,10.411147576239093
18621923,6.98633927083293,0.15272590094581892,0.8993530178832108,21.584472429197056
18623739,30.12475933030016,0.6982406011159981,0.2085721329185796,5.0057311900459105
18623748,6.486271497397379,0.08285232280235187,0.9686898412594538,23.248556190226893
1863652,3.5849028512534065,0.6800003294396827,1.7526793801351594,42.06430512324383
18645240,13.269918232241247,0.7604541506401497,0.47349088345651213,11.363781202956291
18647013,20.567735801329558,0.5659895810960331,0.30548745704782065,7.331698969147696
18648053,20.8855078121849,0.14472769492805324,0.3008394798767539,7.2201475170420935
18648492,53.34681531734306,0.6969437459058655,0.11777995124550428,2.8267188298921027
18649437,36.91045574415353,0.7681903252161897,0.17022778994471824,4.085466958673238
18649711,18.869730424386468,0.8728543948671862,0.33297695122657683,7.9914468294378445
18654943,23.060913858358365,0.6322463819996949,0.27246037801326173,6.5390490723182815
18656001,35.5110976827487,0.8849086321624429,0.17693582336746408,4.246459760819138
18656286,10.477400454305453,0.640941455299891,0.5996893346381212,14.392544031314909
18657066,8.210826266045036,0.2156592247075761,0.7652317931951629,18.36556303668391
18657652,11.720936087071593,0.725548325789246,0.536065145352175,12.8655634884522
18668327,18.701073121478125,0.8858136053354934,0.33597993368430645,8.063518408423356
18670733,9.954255812599813,0.6764477370545435,0.6312059309573408,15.148942342976179
18673762,10.587488472819679,0.8166383823925671,0.5934538038279665,14.242891291871196
18675018,11.118577846069876,0.6604097765452384,0.5651069223210526,13.562566135705264
18676834,44.04167872145482,0.8251390720925754,0.14266452800126223,3.4239486720302934
1867745,11.240279325547725,0.695914757595639,0.5589883600933925,13.41572064224142
18682363,11.418846463501064,0.7041408312530913,0.5502469384506582,13.205926522815798
18685506,9.64553619822576,0.6523361099497994,0.6514086078838563,15.633806589212552
18687528,31.32970100880895,0.509400447200835,0.20055043951466206,4.81321054835189
18687637,12.729493247881129,0.6710957651178697,0.49359272869919196,11.846225488780608
18688625,21.89217273229132,0.803018332075717,0.2870060173566867,6.888144416560481
18691568,32.03049019373385,0.6998456336141751,0.19616263345257112,4.707903202861707
1869417,2.58037991053903,0.8012056151462991,2.434984585609743,58.43963005463383
18695200,23.015688484540025,0.6960088951077055,0.27299575728095615,6.551898174742948
18702507,19.710764312778494,0.4295816793875117,0.318769237330193,7.6504616959246325
1870290,46.589169309838596,0.8566077186042578,0.13486364750128133,3.236727540030752
18708980,10.014496716222054,0.6881978594457993,0.6274089937042692,15.057815848902461
18709742,11.659095494251245,0.749671944986749,0.5389084693814918,12.933803265155804
18711041,30.65191320203664,0.8751306397130038,0.20498509394063225,4.919642254575174
1871916,10.463751550874074,0.6967224703217626,0.6004715685986189,14.411317646366854
18720940,2.9326545464764364,0.25415534310063426,2.1424907733264353,51.41977855983445
18724144,9.604778800504077,0.7662349234958656,0.6541728276813447,15.700147864352271
18727924,18.28310987604066,0.8241612640779117,0.34366064360929477,8.247855446623074
18735146,32.959680582200875,0.8653196404735073,0.19063246961721703,4.575179270813209
18740506,9.882228244147212,0.8358158119427851,0.6358065359298726,15.259356862316942
18743802,11.983378263384406,0.7456848393650918,0.524325041660252,12.583800999846048
18744546,10.70374090690776,0.7613128707822893,0.5870083517366039,14.088200441678495
18745455,11.022499554933521,0.6980530707699241,0.570032711352419,13.680785072458054
18748471,27.253469526354927,0.8479595308684948,0.23054625397707829,5.533110095449879
18750906,11.647090706165729,0.6776437958129663,0.5394639284343684,12.947134282424841
18752642,31.083888312083168,0.6840752791345753,0.20213640082914397,4.851273619899455
18756673,58.275522792154476,0.46737984052598625,0.10781860043691413,2.587646410485939
18757298,12.142925569752952,0.7561082963768352,0.5174358741710888,12.418460980106133
18759849,20.22678181057044,0.940199345185768,0.31063692514327795,7.455286203438671
18762473,60.799501290766365,0.6876599501807318,0.10334271126881456,2.4802250704515494
18763325,9.296681566918696,0.6966825224240016,0.675852481549725,16.2204595571934
18763372,0.43447642960368194,0.24504900136031812,14.46151017423648,347.0762441816755
1876472,50.062986786860186,0.74375449429622,0.1255056022512166,3.0121344540291983
1876491,8.266086900728052,0.6811194459334315,0.7601160479726123,18.242785151342694
18767447,20.621465560004214,0.6651957062631281,0.30469150162469355,7.312596038992645
18769661,9.87816227395958,0.69215365624223,0.6360682415334551,15.265637796802922
18772329,11.499341281006457,0.5372167264384068,0.5463952372261155,13.113485693426771
18772490,12.125572210877843,0.6912047520982058,0.5181763959595197,12.436233503028472
18773074,8.98488839659183,0.6512361792569454,0.6993058822592543,16.7833411742221
18773211,15.609555249159781,0.8259742738676293,0.40252173792829826,9.66052171027916
18773561,12.603351435326061,0.6708292247385274,0.4985328973346234,11.964789536030962
18777589,48.76669237220602,0.6474392873018924,0.12884173606083257,3.0922016654599815
18783106,18.468513202674607,0.7297841080697959,0.34021067306434044,8.165056153544171
18786504,11.670200381066715,0.6620740487043181,0.5383956660567015,12.921495985360837
18788000,16.407870262306524,0.6373987543179154,0.3829372859934067,9.19049486384176
18789546,3.676787982295584,0.6762898743666024,1.7088788740156595,41.01309297637583
18792797,17.498952993131386,0.6812174272085253,0.35906064263649573,8.617455423275898
18794648,10.536864446658893,0.7251624665864594,0.5963050335312898,14.311320804750956
18796691,13.7526995087105,0.7462412729446505,0.45686923525087036,10.96486164602089
18799785,26.39591815308609,0.5779479716526953,0.23803624752658906,5.712869940638138
18811128,9.474885837547006,0.7818017878710967,0.66314100400879,15.915384096210959
1882088,19.884464607147528,0.7662177164762071,0.3159846358106658,7.58363125945598
1882354,9.039591208142307,0.7324998661689843,0.6950740539594401,16.681777295026563
18825401,47.24355834516981,0.7618557198491026,0.13299559828397178,3.191894358815323
18828690,31.334138434319,0.6946075630042826,0.20052203829858203,4.812528919165969
18833036,12.496627888780871,0.7058892626019563,0.5027904618029362,12.066971083270468
18833436,1.5983271474336567,0.7497842976043767,3.9311009121431373,94.3464218914353
18835631,11.800296498277303,0.730290704417729,0.5324599520102612,12.77903884824627
18836175,11.549888210664973,0.6702001661605895,0.5440039931622713,13.056095835894512
18837551,12.625189668909293,0.7300149290528323,0.49767056748878125,11.94409361973075
18839706,46.933948658882606,0.8564452476446295,0.13387293178432463,3.212950362823791
18842335,13.207950461982838,0.7512117365936488,0.47571236167676584,11.41709668024238
18847366,10.553235368285394,0.6801724565106949,0.595380003184789,14.289120076434937
1885158,9.414168686100743,0.6830643523299282,0.6674179650568829,16.01803116136519
18857359,9.925041130331609,0.7066735843779354,0.6330639062016317,15.19353374883916
18861334,16.649028262033294,0.6314484066952836,0.37739051242455157,9.057372298189238
18863221,18.4251982621811,0.9570153264789562,0.3410104584913057,8.184251003791337
18863594,21.176348798996315,0.9269438988808982,0.29670767925192976,7.120984302046314
18870159,11.823200729639836,0.7051523859968537,0.5314284558688185,12.754282940851644
18870268,10.652716093643201,0.7943935347001504,0.5898200282394603,14.155680677747048
18870395,19.422802634220954,0.6179407157614837,0.3234952970231633,7.76388712855592
18871979,34.83162787300102,0.4186051423717699,0.18038735743527684,4.329296578446645
18875199,9.904483653406114,0.6880696889647854,0.6343778764296131,15.225069034310714
18876041,28.46236308545758,0.739014462398354,0.22075416887608626,5.2981000530260705
18880747,6.207903616537721,0.5379855819874423,1.0121267492686767,24.29104198244824
18881768,21.61408497398815,0.4007601022252962,0.2906986492715836,6.976767582518007
18886854,36.53750153544168,0.8185917771159702,0.17196537921688063,4.127169101205135
18892285,24.3189731937902,0.8506289587914266,0.2583655673745298,6.200773616988716
18893679,18.41217533690674,0.5850795705662507,0.34125165507114746,8.190039721707539
18895805,12.820607898691021,0.23440079473989153,0.49008481944300764,11.762035666632183
18896137,12.582086960824393,0.14878729435711527,0.4993754475503883,11.985010741209319
18901395,12.591243183870777,0.47497910090050477,0.4990123068410169,11.976295364184406
1890167,9.647418964624487,0.6253140439735051,0.6512814805927889,15.630755534226934
18902220,48.84995846749334,0.3435686843462154,0.1286221217846206,3.086930922830894
18903377,48.84881791150126,0.58625043001904,0.1286251249428952,3.087002998629485
18905440,34.54961960316423,0.5407211440900231,0.1818597535761042,4.364634085826501
18905477,40.850322524572206,0.5242902964577504,0.15380993144913696,3.691438354779287
18907145,23.986347703083926,0.5041665258579778,0.2619483960191137,6.286761504458728
18907538,34.549689058108385,0.5875077917559939,0.1818593879849984,4.364625311639962
18908696,34.549689058108385,0.49978350146453565,0.1818593879849984,4.364625311639962
18908764,11.404536144637731,0.607938363214837,0.5509373838175664,13.222497211621594
18909027,22.668291136878477,0.7717995554592704,0.27717948694234074,6.652307686616178
18909126,34.54975851305254,0.5691609691575812,0.18185902239536245,4.364616537488699
18909537,49.542096879597054,0.7564937198639863,0.12682517904822865,3.0438042971574877
18910611,34.550071221598806,0.6170369929959988,0.1818573764111862,4.3645770338684695
18912216,18.112432962279826,0.8788676201534787,0.3468990234644168,8.325576563146004
18912401,34.549341783387625,0.3019876949765025,0.18186121595522647,4.364669182925436
18912516,50.70403367066001,0.8571258029755071,0.12391884535244312,2.9740522884586347
18914977,34.54959981634064,0.35782710153717434,0.1818598577285946,4.36463658548627
18915042,10.27517821876386,0.6926237653814721,0.6114916134209374,14.675798722102497
18915870,34.54955014822008,0.32916671235876543,0.18186011916867992,4.364642860048318
18915904,51.29758325036377,0.5973198841588017,0.12248501603893844,2.9396403849345223
18918453,34.550071221598806,0.4298424371367787,0.1818573764111862,4.3645770338684695
18920822,27.410140973328854,0.5053487872863511,0.22922849296154196,5.501483831077007
18923259,11.679159444864311,0.7136734123622759,0.5379826636361659,12.91158392726798
18925965,10.014260077065058,0.20099359142532777,0.6274238195160834,15.058171668386002
18926898,23.395980295196335,0.5507119643703868,0.2685583261698015,6.445399828075237
18935889,11.524239246290007,0.6158414418490448,0.5452147575990606,13.085154182377455
18945850,10.736895144579563,0.7941662861622607,0.5851957407213391,14.044697777312138
18953192,26.88810029088112,0.43310525967341806,0.23367903419009775,5.608296820562346
18954289,45.448026079829866,0.8074579507852805,0.13824990542258347,3.3179977301420034
18955805,35.78463352385843,0.7327647626360152,0.17558333531599377,4.21400004758385
18962190,45.73322435396765,0.8486750517213026,0.13738776121597646,3.297306269183435
1896980,40.134805169412196,0.6040784400722448,0.15655203209926552,3.7572487703823727
18974055,9.994183969394232,0.7292276816932878,0.6286841753584833,15.0884202086036
18974232,19.759445072864985,0.2253585660364077,0.3179838949934927,7.631613479843825
18977673,43.57941955911763,0.7408226228199452,0.14417781078190212,3.460267458765651
18980586,10.62299204156548,0.7627024671862437,0.591470395778782,14.19528949869077
18989676,23.137611671959082,0.7832430518997456,0.2715572115333883,6.517373076801319
18997169,30.505194676737304,0.8753465305591022,0.20597099522761042,4.94330388546265
18997392,10.748701808617144,0.7492633861480497,0.5845529459327274,14.029270702385459
19003918,31.601140632424702,0.8724360424270388,0.19882780119438645,4.771867228665275
19006702,10.172809484244873,0.6544634520331406,0.6176450386602307,14.823480927845537
19008047,33.646510626048865,0.9071021491490614,0.18674106735796828,4.481785616591239
19008895,21.224858836092483,0.8521773947972491,0.29602954515274066,7.104709083665776
19012211,9.52935782598076,0.6535060165029971,0.6593503383878778,15.824408121309068
19013715,10.258793403758233,0.6719844682027769,0.6124682562452021,14.699238149884849
19013854,11.76474904230435,0.7275383130477184,0.534068791827701,12.817651003864823
190201,43.88845745445389,0.823820782066402,0.14316259152420852,3.4359021965810044
19022038,44.173118586330496,0.7856170065244144,0.14224002081492015,3.4137604995580837
19024518,17.657511925592114,0.8050937728966895,0.3558363904074719,8.540073369779325
19029359,29.189796311092,0.692187921663438,0.2152527972520316,5.166067134048759
19030478,41.07423211049887,0.4077846641287612,0.15297146128688208,3.6713150708851696
19030974,2.6313510671284916,0.6039016821814694,2.3878171885426993,57.30761252502478
19031733,42.2836654802594,0.8244280341185702,0.1485960414220229,3.56630499412855
19033183,13.136903698389096,0.7400477750253057,0.47828510061697854,11.478842414807485
19036607,16.87783194040461,0.8765417139663065,0.37227443248430403,8.934586379623298
19038039,17.961906441358057,0.6740074415134589,0.34980614823336814,8.395347557600836
19038609,20.637717903033064,0.3937795799704864,0.30445155499756904,7.306837319941657
19043737,37.13054546538176,0.6221407177171138,0.169218771995624,4.061250527894976
19049888,31.779087180786036,0.6194228850981965,0.19771446773897475,4.745147225735394
19052173,19.363993597837517,0.9164997968443337,0.32447776206047,7.787466289451281
19056855,35.30889315834497,0.6178533410185755,0.1779490871889482,4.270778092534757
19061592,8.922255219597407,0.785514693959791,0.7042149268918916,16.901158245405398
19063684,10.250073232671106,0.8021263256641348,0.6129893089107449,14.711743413857878
19065176,41.17623809560913,0.8056487913768157,0.1525925047497139,3.6622201139931336
19070350,11.668920042422211,0.6951298973230071,0.5384547399705496,12.922913759293191
19077652,14.671785038139953,0.8087887154265183,0.4282495477439295,10.277989145854308
19082421,11.172468048204681,0.6837213586388635,0.5623811390706317,13.49714733769516
19082457,4.9724290539153335,0.6677058577692178,1.2636048174950132,30.32651561988032
19097115,46.946493978378314,0.7078774871191915,0.13383715746852942,3.212091779244706
19100907,9.313300132856048,0.6923368926964766,0.6746464966820267,16.19151592036864
19102362,17.575513226442382,0.4145628390011442,0.35749654796575303,8.579917151178073
19105307,12.615737387987114,0.6580417161850531,0.49804344478211204,11.953042674770689
19112080,12.669457140321246,0.7420537118971736,0.49593169127846864,11.902360590683248
19115211,8.400714232197608,0.7807093116707057,0.7479346557341374,17.950431737619297
19116910,53.25394929811205,0.5427669863934094,0.11798533986665918,2.8316481567998206
19119847,78.26784117138055,0.7277948881125214,0.0802779942968083,1.9266718631233992
19121312,42.80467692786464,0.7997111002482133,0.14678735498385245,3.522896519612459
19123768,62.43306443902584,0.674562604859787,0.10063874588946294,2.4153299013471106
1913043,9.949578385409815,0.5750347546545913,0.6315026691375513,15.15606405930123
19134067,18.00616878228539,0.5920648472971607,0.3489462629807754,8.37471031153861
19140374,9.607133616384576,0.16893708012705475,0.6540124826060365,15.696299582544876
19144173,45.529635046588645,0.8235153192274166,0.13800210128524543,3.3120504308458902
1914532,5.454212634974181,0.4466737765019256,1.1519875970529208,27.647702329270096
1915212,20.284523011989236,0.7988739663728489,0.309752677125604,7.434064251014496
19154719,25.235530879198656,0.2775196449274838,0.24898169716567128,5.975560731976111
19156959,12.144967259313372,0.6929465987389261,0.5173488880640105,12.416373313536251
19158666,10.276840698330565,0.6767754783091537,0.6113926927173511,14.673424625216427
19158769,15.324892485792242,0.9389417668085183,0.40999865499903165,9.839967719976759
19161465,8.617849748661836,0.6802836234720587,0.7290896790298795,17.49815229671711
19175542,51.61930081138034,0.7887848238700308,0.12172162753886726,2.921319060932814
19177141,48.06108377845458,0.7767193983204193,0.13073332545189692,3.137599810845526
19177148,44.246243208800614,0.7581781978894703,0.14200494440915282,3.408118665819668
1918275,23.015406669255718,0.9059267049174835,0.2729991000147196,6.551978400353271
19191253,34.38828985663638,0.8171387724621116,0.18271293319249005,4.385110396619761
19196638,34.189466898974864,0.8405961647212801,0.1837754687941034,4.410611251058482
19203146,11.430785263395071,0.7094674537630249,0.5496722370684628,13.192133689643107
19207944,12.731163827041591,0.7773044890199866,0.49352795962249774,11.844671030939946
192088,7.243747433574774,0.23065419815008753,0.867394310030333,20.81746344072799
19210556,12.718302424853896,0.7441364785243121,0.49402704050354157,11.856648972084997
19213587,41.02947269344069,0.8768245547312326,0.15313833921594777,3.6753201411827465
19214193,9.289991585715777,0.7125463272079352,0.6763391817104082,16.232140361049797
19219665,40.58152591341158,0.7471833271459504,0.15482871000429996,3.7158890401031988
19224554,9.0311605819226,0.717712600432104,0.6957229084993182,16.697349803983634
19224568,8.602186010265767,0.7635119497554477,0.7304172799427138,17.530014718625132
19224720,11.136484276378521,0.6143243199991214,0.5641982829811725,13.54075879154814
19226503,12.578841447319219,0.7049893808909118,0.4995042932605409,11.988103038252982
1923062,5.928419149136597,0.6744377026885506,1.059841611923586,25.436198686166065
19237903,50.5407973955116,0.7921399511297516,0.12431907747734862,2.983657859456367
19240781,40.58588475526122,0.8553620014963353,0.15481208171432276,3.715489961143746
19248141,45.91653044546252,0.8094626490323507,0.1368392874248732,3.284142898196957
19252551,55.6856136588766,0.6232582451413363,0.11283318786194271,2.707996508686625
19256871,12.731505801671176,0.640371608050994,0.49351470321404056,11.844352877136973
1925869,23.51369465164322,0.7007792518879996,0.2672138683548183,6.413132840515639
19260165,20.519271992341082,0.5446013611744009,0.3062089780536471,7.349015473287531
19261207,6.4232434370458105,0.6593995182105087,0.9781951079327861,23.476682590386865
19261782,18.664311634837407,0.7582810138729891,0.33664168441400555,8.079400425936132
19285511,49.58149225564033,0.7854147119794548,0.12672440907554208,3.04138581781301
19292869,11.789053756673752,0.7724191014746385,0.5329677374337777,12.791225698410663
19293430,21.3048241570624,0.8220614148745712,0.2949184307206194,7.078042337294866
19296451,12.107390109787236,0.5934325431000216,0.5189545600005451,12.454909440013083
19299502,9.882825738522557,0.7430623698244182,0.6357680964350281,15.258434314440674
19304486,21.519254177611813,0.4424106986811009,0.29197969666237233,7.007512719896936
19308940,11.755969044144146,0.6606708331909272,0.5344676634980892,12.82722392395414
1931336,11.112955701539626,0.6369519664718803,0.56539281501042,13.56942756025008
19318150,22.325085475746324,0.4151435092568742,0.28144059354243256,6.754574245018381
19321158,39.801590710575965,0.749969064476535,0.1578626681749691,3.7887040361992588
1932680,10.999605660406457,0.7317112321729965,0.5712191419548953,13.709259406917488
19327028,29.037701802903932,0.801022202638948,0.216380254533478,5.193126108803472
19328398,11.856226014643221,0.5886981878511415,0.5299481723289888,12.718756135895731
19333021,10.75060859342369,0.717084724393081,0.5844492665301856,14.026782396724453
19335726,19.815164407550107,0.3240248055810219,0.31708973884594793,7.61015373230275
19337929,3.531198515717474,0.7229110334980091,1.779335055566243,42.704041333589835
19338009,46.80172902074838,0.7027384988296518,0.13425113641408618,3.2220272739380684
19339109,23.13000125730102,0.6201543552063868,0.27164656141971844,6.5195174740732424
19343622,45.45542458005283,0.7889422743664342,0.13822740333475692,3.317457680034166
19343889,10.304690999872658,0.7876562176280085,0.6097402927712468,14.633767026509922
19356745,11.43555057224556,0.6707668949383492,0.5494431831230823,13.186636394953975
1936459,9.677487141057254,0.7446885066974551,0.6492579339654029,15.58219041516967
19372092,10.44817716025403,0.5772460708190202,0.6013666509294546,14.432799622306911
1937256,86.77753642499515,0.6601005852598337,0.07240566586734531,1.7377359808162876
19374553,61.11452451852895,0.8633092615940843,0.10281001704062386,2.4674404089749724
19375775,38.69187828138515,0.4607513921490762,0.1623902892872083,3.897366942892999
19378602,9.556184866627705,0.6929340007107804,0.6574993467447295,15.77998432187351
19379140,11.02915909773689,0.7551136806395294,0.5696885185443424,13.67252444506422
19384502,11.51933358166315,0.6956198485368051,0.5454469447070589,13.090726672969414
1939608,2.1927612130101144,0.17307437211719148,2.865421583481194,68.77011800354866
19403325,9.565637837488222,0.6856003046732027,0.6568495916242473,15.764390198981935
19408994,9.670128089696052,0.6848766181486092,0.6497520248852336,15.594048597245607
19409771,11.006910763089511,0.6491914484752823,0.5708400333588214,13.700160800611712
19411836,12.113844226513503,0.6945643043496829,0.5186780669861689,12.448273607668053
19415071,7.650960777267153,0.8483957482948689,0.8212282731664816,19.70947855599556
19416283,34.49107187465901,0.5737072544681471,0.18216845594166398,4.372042942599935
19417429,18.197444314141595,0.8002741343553997,0.3452784467265438,8.286682721437051
19418755,9.00083780107239,0.597965985138609,0.6980667184593624,16.753601243024697
19420546,11.28789956008208,0.6891543600883744,0.5566301572525596,13.35912377406143
19424886,47.88654965187046,0.8699036283975058,0.13120981471535534,3.1490355531685283
19427328,10.887320198513187,0.7208318185753131,0.577110362569996,13.850648701679905
1943000,16.718075059679393,0.16888572707542301,0.3758318637014231,9.019964728834154
19431073,24.481204084498692,0.6552922493805965,0.2566534425959077,6.159682622301785
19432871,32.871595175653404,0.8759579278209172,0.1911433039256116,4.587439294214678
19434679,42.904129934032305,0.8276284583953696,0.1464470976766191,3.514730344238858
1943525,47.735294804091154,0.7404586782470748,0.1316255683130522,3.159013639513253
19443517,38.75610718544046,0.5756667856721472,0.16212116653294828,3.8909079967907587
1944537,43.21295300767701,0.7868480752870728,0.14540050771497484,3.4896121851593964
19448961,18.705764933890705,0.6816895403046626,0.33589566261446197,8.061495902747087
19457238,10.222805395533317,0.7376355032186608,0.6146243681724508,14.75098483613882
19459131,10.09618281501263,0.628491056880829,0.6223327590539203,14.935986217294086
19466437,11.578881965200143,0.7057820511134872,0.5426417961650739,13.023403107961773
19470278,18.061155573977636,0.7378369203706493,0.3478839037427011,8.349213689824827
19472283,9.028402845789746,0.7861474961703068,0.6959354178695794,16.702450028869904
1947535,23.27297482828615,0.784214985548631,0.26997774687329423,6.479465924959062
19481276,11.753037387464447,0.7479740347600304,0.5346009801586359,12.830423523807262
19484227,42.88993262769813,0.7967482597023272,0.1464955741880073,3.515893780512175
19488878,21.736738802801053,0.8991223217223451,0.28905832490244204,6.937399797658609
19489228,27.77273818261728,0.29354371731420426,0.22623571596956105,5.429657183269465
19492872,33.40951476753321,0.7426400680112638,0.18806574566852066,4.513577896044496
19494565,11.547740110651235,0.688526771830373,0.5441051882856451,13.058524518855483
19498410,18.94408706244282,0.9502446966976592,0.3316699974228991,7.960079938149578
1949890,20.098204605072205,0.6510053391541657,0.3126242085123311,7.502981004295946
1950085,11.05492435778444,0.6829460558366016,0.5683607688147785,13.640658451554684
19501109,12.762500940792414,0.27038784516319697,0.49231614840448884,11.815587561707732
19502772,19.86493636465904,0.9382258186168038,0.31629526477405506,7.591086354577321
19505504,9.2488695683061,0.7457148757511164,0.6793462985693646,16.30431116566475
19508548,8.918198101699776,0.7380660817915605,0.7045352923907391,16.908847017377738
19509527,38.79391695097468,0.7041604647427305,0.16196315817038742,3.887115796089298
19516236,44.40234979429342,0.7997928698222223,0.1415056936465804,3.3961366475179293
19517555,9.39426673475464,0.7134631548585636,0.6688319040308462,16.05196569674031
19521959,9.728196530914884,0.7652773253159818,0.6458735992033547,15.500966380880513
19523436,19.61024728393669,0.6950057139546608,0.32040316555958587,7.689675973430061
19532942,10.153243024540018,0.813095191867935,0.6188353112393111,14.852047469743468
19533186,17.601441486008238,0.43404350414843845,0.35696992841036485,8.567278281848756
19538489,27.109982456189577,0.6532188640647867,0.2317664837051582,5.562395608923797
19542794,81.605433761324,0.809896504447397,0.07699469284798328,1.847872628351599
19548146,9.768489559325978,0.8274303242435559,0.6432095022490993,15.437028053978384
19548895,53.5531601526082,0.772634373390021,0.11732613517623715,2.8158272442296917
19554207,20.318389475070337,0.9329182262727828,0.30923638484677857,7.421673236322686
19554565,27.311630032475435,0.7151070907933612,0.2300553024374027,5.5213272584976645
19558250,10.794614898733167,0.6691584987976265,0.5820666476871692,13.96959954449206
19560271,29.593213888845636,0.9215967065900302,0.21231845012777958,5.09564280306671
1956049,10.614899852537908,0.6895394308880207,0.5919212987843069,14.206111170823366
195611,6.297932237417575,0.7081351236771315,0.997658448887339,23.943802773296134
19561948,34.53694382128652,0.7568572849677417,0.18192649991534585,4.3662359979683005
19563445,27.33854604756694,0.7517588484499775,0.229828802755177,5.515891266124248
19566624,21.9931174488217,0.7040192643520494,0.2856887079242244,6.856528990181386
19567025,12.029567290670364,0.7710752853255529,0.5223118301231471,12.53548392295553
19567682,20.688264360694,0.8453877585274843,0.3037077058584538,7.288984940602891
19574789,60.63533394578272,0.7093726473135822,0.10362250685050596,2.486940164412143
19579074,13.820740015890648,0.7166497182161198,0.4546200348140099,10.910880835536238
19580796,24.51799492804714,0.7372700913361804,0.2562683174386333,6.1504396185272
19581696,29.21596386782621,0.917070490852497,0.2150600040308402,5.161440096740165
19588941,23.29274670426861,0.3964843772771654,0.2697485782571162,6.473965878170788
19592440,13.98013974474196,0.7821261917747561,0.44943651650855215,10.786476396205252
19592698,9.037396184170715,0.1827848701403838,0.6952428751751288,16.685829004203093
19593570,10.769019604913856,0.7195316309587412,0.5834500760229461,14.002801824550705
19597618,17.822683164420692,0.6992037726221245,0.3525386861907902,8.460928468578965
19600083,9.037055188156023,0.1416653016485657,0.6952691088369514,16.68645861208683
19612582,13.845574769106044,0.7601569976952439,0.45380458463879775,10.891310031331146
19616394,16.271095275056616,0.769733729673903,0.386156260593694,9.267750254248657
19618183,13.277180859910118,0.6262135745238269,0.473231883595967,11.357565206303208
19620582,36.249162999883104,0.20607526904057594,0.17333325205880887,4.159998049411413
19621282,41.58327316289352,0.840640556979491,0.1510988632993502,3.6263727191844053
19624049,21.919148523907303,0.9390798541755238,0.28665280041907154,6.8796672100577165
19630958,609.1344492465334,0.20510711500923517,0.01031494001849928,0.24755856044398272
19644291,13.938259214087077,0.7417166465326869,0.4507869462514598,10.818886710035036
19647392,22.104840386625256,0.8738459891212479,0.2842447716103522,6.821874518648453
19648541,37.22073086108937,0.8146989245304912,0.16880875688951183,4.051410165348284
19655048,11.11372374940841,0.8740786009664973,0.5653537418107989,13.568489803459173
19661763,10.16472650271129,0.7470493532641418,0.6181361894492331,14.835268546781595
19668062,12.50705387737977,0.7546162514446911,0.5023713313127516,12.056911951506038
19670874,13.003017719101924,0.7175504383008132,0.48320977813860466,11.597034675326512
19674074,10.912961711912436,0.7046182910964017,0.5757543619273354,13.81810468625605
19675641,20.375186527689472,0.9388425942047088,0.308374369905319,7.400984877727657
19676971,54.764653409201316,0.7187794443215291,0.11473066870763603,2.7535360489832645
19683023,12.27298908406752,0.7282705409818858,0.5119523258874447,12.286855821298673
19686866,41.867982917641406,0.7553723061302791,0.1500713640668874,3.6017127376052978
1968997,12.37594379510333,0.6785272584265225,0.5076934261503024,12.18464222760726
19692246,61.00042653179609,0.5811205019657144,0.1030023175969846,2.4720556223276304
19695942,10.015907605047131,0.7658289727445475,0.6273206138616352,15.055694732679244
19699379,10.421340135040175,0.6958386385933379,0.6029152897575359,14.469966954180862
1970100,47.60738522564534,0.8809718702785766,0.1319792145147038,3.167501148352891
19702093,25.536510978030158,0.6493624882915716,0.24604713277335352,5.905131186560484
19707725,11.29965124178961,0.6558379296420389,0.5560512597010446,13.34523023282507
19708313,29.12704675089807,0.75560560575316,0.21571652495067517,5.177196598816204
19713684,21.840972216664046,0.40397091977442107,0.28767882880166357,6.904291891239925
19715445,33.423579794342196,0.8960635795304134,0.18798660543964765,4.511678530551544
19718604,37.751921593301745,0.7898352749474948,0.16643352290428576,3.994404549702858
19725120,11.686164937599763,0.7086383248445649,0.5376601597469921,12.90384383392781
19725677,7.832194203518761,0.8430027347601591,0.8022254229034242,19.253410149682182
19726478,10.96702431593262,0.7150394660287172,0.5729161462742023,13.749987510580855
19735280,53.59007833416777,0.5665235206484543,0.11724530925295505,2.813887422070921
19735557,13.349060427511029,0.692389286904655,0.4706837115090582,11.296409076217397
19737210,37.975845975036194,0.8608486711413919,0.16545214848695936,3.9708515636870247
19740740,12.033115700409532,0.661702643236785,0.5221578071393219,12.531787371343725
19744819,9.607081427880374,0.7739677551135958,0.6540160353950342,15.69638484948082
1974549,5.103377263728839,0.7836674612524406,1.2311818198971847,29.548363677532432
19746663,18.92952344501783,0.8816765445648375,0.3319251710392791,7.966204104942698
19752017,10.657433106795635,0.7719852551093749,0.5895589720542707,14.149415329302496
19752221,32.3871650410943,0.8741620766780865,0.194002324661859,4.656055791884616
19757037,11.03249834902976,0.6626277370511652,0.5695160885958486,13.668386126300366
19758292,11.437094367130841,0.7058998654344412,0.5493690185189766,13.184856444455438
19760791,21.424034514805484,0.9139243504656727,0.2932774078027867,7.038657787266882
1976154,1.430806563501914,0.7829599708073484,4.391359019070632,105.39261645769517
19761849,10.8617902973709,0.7709374425363934,0.5784668213213832,13.883203711713197
19764252,24.40581875378857,0.5126885570006708,0.2574462004559562,6.178708810942949
19765790,12.775217654543537,0.6291867242647465,0.491826086809954,11.803826083438896
19769167,33.91373883729258,0.9251752959929967,0.1852696141031317,4.446470738475161
19771172,58.911009025271994,0.679227510021722,0.10665553707430453,2.5597328897833087
19772953,10.68992596731197,0.6902728175847288,0.5877669617537605,14.106407082090254
19773423,13.193136755538902,0.7319007930644914,0.476246507832317,11.429916187975607
19775800,32.795944529868784,0.7669617786108358,0.1915842155866924,4.598021174080618
19780691,9.856844623553096,0.6069762095446161,0.6374438826159246,15.29865318278219
19785097,5.207948492144743,0.46603464816934087,1.2064607237680338,28.95505737043281
19785418,9.67901306724692,0.7042846862687795,0.6491555764545283,15.579733834908678
19785439,43.083735624902914,0.8612280833610867,0.14583659508735428,3.500078282096503
19786391,11.039396383945789,0.7601038866724776,0.5691602229553968,13.659845350929523
19788178,12.17956053198661,0.7350905849568808,0.5158794761665128,12.381107427996305
19789192,37.31003593286709,0.7791933356853527,0.16840469729069904,4.041712734976777
19792797,10.676456737091252,0.67895739945061,0.588508478224903,14.124203477397673
19798914,11.211315269497673,0.6178172195428601,0.5604324877272947,13.450379705455074
19798973,45.38670090500145,0.7391500976440445,0.13843670462699795,3.3224809110479505
19806944,12.229401604946695,0.7543423198082873,0.5137770031722638,12.330648076134331
19809329,2.2606308851442023,0.8512846065578855,2.779394614339612,66.70547074415069
19809695,10.018200318160687,0.6470830195388886,0.6271770485353163,15.052249164847591
19811879,20.40987709102285,0.8900603237279885,0.30785022757159103,7.388405461718184
19813857,14.992030173987704,0.7813308913903578,0.41910169831977684,10.058440759674644
19816005,12.29142944891865,0.6777469078717578,0.511184263253641,12.268422318087383
19817821,12.429070083087915,0.6965096096794282,0.5055233629850587,12.13256071164141
19819181,35.799197148551734,0.7431804975085701,0.1755119055074612,4.212285732179069
19820688,49.85637129033613,0.5389789502963184,0.12602572438715537,3.024617385291729
19824711,45.25499782798798,0.8057549570835727,0.13883958918883754,3.332150140532101
19828063,46.90613320980013,0.8692073638221519,0.13395231875278168,3.2148556500667604
19829206,50.07088119577224,0.8077164390905844,0.12548581445197554,3.011659546847413
19833598,11.912830402255882,0.731058546121443,0.527430098055435,12.658322353330439
19835781,60.12070863447817,0.5173640947282384,0.10450950179879101,2.508228043170984
19838287,11.054246556132911,0.8083638970360023,0.5683956183964132,13.641494841513916
1984236,41.974690847459556,0.7574309498193095,0.14968985310727703,3.592556474574649
19845547,9.075166098617288,0.7794101430135073,0.6923493453345064,16.616384288028154
19852177,10.877144713891147,0.7542637042480381,0.5776502448437008,13.863605876248819
19854346,12.676998293421912,0.693111190993927,0.49563667689692187,11.895280245526125
19858292,12.04777856993344,0.584894399466182,0.5215223097526018,12.516535434062444
19858403,32.659751370694025,0.848339532654094,0.1923831334741134,4.617195203378722
19868360,30.712872072795523,0.39980344524819067,0.204578239778006,4.909877754672143
19869117,47.995466939214275,0.8954612298253458,0.13091205707274753,3.1418893697459405
19869921,23.515020815148254,0.32537585682176434,0.2671987984434184,6.412771162642041
19876677,10.979137465510819,0.7119070713915848,0.572284054819169,13.734817315660056
19880853,33.144383624602234,0.8050073730102668,0.18957013587411345,4.549683260978723
19882206,12.61405964060302,0.7197964745288604,0.49810968761831664,11.9546325028396
19884349,41.68421271049042,0.813788672313541,0.15073297295593,3.6175913509423197
19886966,12.508905185311196,0.6885105190668461,0.502296980758774,12.055127538210577
19894436,11.691317505348948,0.7532063537880181,0.5374232035273131,12.898156884655513
19897730,47.571238099898885,0.7721634527416591,0.13207949925509593,3.1699079821223024
19898260,31.798220837950385,0.6111857269385038,0.19759549879220792,4.74229197101299
19901121,55.880490927084374,0.6486033290369426,0.11243969412112353,2.698552658906965
19902731,20.51655747702577,0.7556659092023185,0.30624949210974756,7.349987810633941
19903618,52.750467283405094,0.6712057159124046,0.11911146252833725,2.858675100680094
19903776,39.93043826528741,0.8149971872999998,0.15735327685200307,3.7764786444480736
19906963,46.15781394472292,0.7708076288703074,0.13612397924009406,3.2669755017622575
19914694,64.29979379596077,0.5926676425959372,0.09771703665361191,2.3452088796866857
19914799,52.297522990622895,0.7571024371319174,0.12014307653358995,2.8834338368061587
19917165,16.829468737022104,0.9123347720993813,0.37334424546376777,8.960261891130425
19922563,44.06018407372199,0.7910874467083153,0.1426046086567975,3.42251060776314
19925031,17.36969001689392,0.6768574044482806,0.3617327252857422,8.681585406857813
19925386,40.521786758583396,0.5141112432998675,0.1550569658888171,3.72136718133161
19925986,9.941270133622288,0.6929048846026891,0.6320304370292964,15.168730488703114
19926449,35.12412637425721,0.8976053466027911,0.17888516970445106,4.293244072906825
19926704,51.005868079951,0.5299419787851626,0.12318553812927523,2.9564529151026053
19926728,51.00592466425703,0.5172553084948996,0.12318540147126474,2.9564496353103538
19927005,51.00602720226753,0.4971323635710808,0.12318515383021754,2.956443691925221
19927078,51.00592466425703,0.5342559033333446,0.12318540147126474,2.9564496353103538
19927168,51.00592466425703,0.49044983059569774,0.12318540147126474,2.9564496353103538
19927256,51.00582212624652,0.507551642350893,0.12318564911330762,2.9564555787193827
19927312,51.00602720226753,0.5278618702544977,0.12318515383021754,2.956443691925221
19927391,51.00592466425703,0.5418567145690715,0.12318540147126474,2.9564496353103538
19927422,63.58954417122785,0.48269580529975026,0.09880846590535113,2.371403181728427
19927459,38.422407306790795,0.5331802891216533,0.16352919422800177,3.9247006614720426
19927546,51.00592466425703,0.5223452103550196,0.12318540147126474,2.9564496353103538
19927647,51.00602720226753,0.5060670872666218,0.12318515383021754,2.956443691925221
19927751,51.00592466425703,0.4947883355794429,0.12318540147126474,2.9564496353103538
19927835,51.00592466425703,0.5299241351359251,0.12318540147126474,2.9564496353103538
19928009,51.00592466425703,0.5204933639582442,0.12318540147126474,2.9564496353103538
19928059,51.00602720226753,0.5316994294767261,0.12318515383021754,2.956443691925221
19928075,51.00582212624652,0.46347687806536764,0.12318564911330762,2.9564555787193827
19928080,51.00592466425703,0.49262791708910697,0.12318540147126474,2.9564496353103538
19928089,51.00602720226753,0.5317440682024369,0.12318515383021754,2.956443691925221
19928095,51.00602720226753,0.5363997118446956,0.12318515383021754,2.956443691925221
19928400,51.00592466425703,0.5036556831280945,0.12318540147126474,2.9564496353103538
19928480,51.00592466425703,0.5374370277016441,0.12318540147126474,2.9564496353103538
19928557,51.00592466425703,0.5146666081740642,0.12318540147126474,2.9564496353103538
19928581,51.00592466425703,0.5149176203490045,0.12318540147126474,2.9564496353103538
19928664,51.00582212624652,0.5440001915468615,0.12318564911330762,2.9564555787193827
19928716,51.00592466425703,0.49570250753407513,0.12318540147126474,2.9564496353103538
19928731,51.00602720226753,0.5441471301565987,0.12318515383021754,2.956443691925221
19928765,51.00592466425703,0.5242404559490014,0.12318540147126474,2.9564496353103538
19928780,51.00592466425703,0.5143478153719965,0.12318540147126474,2.9564496353103538
19928791,51.00582212624652,0.47911739074208237,0.12318564911330762,2.9564555787193827
19928920,51.00582471240577,0.41793326758776267,0.12318564286739929,2.956455428817583
19928948,51.00592466425703,0.5341869258748954,0.12318540147126474,2.9564496353103538
19929079,51.00582212624652,0.455923445506983,0.12318564911330762,2.9564555787193827
19929139,51.00599460182431,0.4713763161257798,0.12318523256391628,2.9564455815339907
19929160,51.00592466425703,0.5066717330191972,0.12318540147126474,2.9564496353103538
19929173,51.00592466425703,0.5165119453292611,0.12318540147126474,2.9564496353103538
19929182,51.00592466425703,0.5088233533593107,0.12318540147126474,2.9564496353103538
19929208,51.00592466425703,0.5579420559896882,0.12318540147126474,2.9564496353103538
19929383,51.00592466425703,0.4983546121961046,0.12318540147126474,2.9564496353103538
19929425,51.00592466425703,0.49824785182376696,0.12318540147126474,2.9564496353103538
19929460,38.42264471688226,0.458181149935286,0.16352818379570996,3.924676411097039
19929512,51.00592466425703,0.4873713573249372,0.12318540147126474,2.9564496353103538
19929520,51.00571958823602,0.45057470412678147,0.12318589675634618,2.9564615221523085
19936527,38.74809113089622,0.5797806973375366,0.16215470552998723,3.8917129327196935
19951003,40.85185964424564,0.5848380812859273,0.15380414409273116,3.691299458225548
19959995,11.221154835083748,0.6886617199314524,0.5599410577184761,13.438585385243428
19960463,18.426786830509027,0.8607675386133953,0.34098106007155765,8.183545441717383
19968688,6.300712207970613,0.8480430787868924,0.9972182667272352,23.933238401453647
19970319,12.533187703791898,0.8052741138445768,0.501323801707575,12.031771240981799
19972061,31.697762453088142,0.779186029522431,0.19822172989271833,4.75732151742524
19974129,45.48119628243964,0.7323609925947783,0.1381490774376472,3.315577858503533
19976574,10.153710353511354,0.829043401045085,0.6188068290727573,14.851363897746175
19983335,5.273063160553004,0.6334181233970348,1.191562686785767,28.597504482858405
19983644,5.706859470881736,0.6352442488497952,1.1009882649535097,26.42371835888423
19984166,10.822161485673917,0.8003643887620335,0.5805850629282419,13.934041510277805
19990261,24.781493697455513,0.9469531516909192,0.253543445923307,6.0850427021593685
19995986,46.54162543068138,0.9074059020020544,0.13500141537896432,3.2400339690951436
20011179,16.405711842596045,0.851258607596741,0.382987667189535,9.19170401254884
20015900,9.487060647587679,0.37771420281739465,0.662289990607074,15.894959774569777
20020556,13.481597495365259,0.20578779841958708,0.46605643799554447,11.185354511893067
20021075,31.756833858383466,0.8755347928694448,0.19785301441569536,4.748472345976689
20032847,23.9916244251189,0.7167048953048747,0.26189078304348484,6.285378793043636
2003419,12.586197739357479,0.7414180166083367,0.49921234651604485,11.981096316385077
20035511,10.535275989453853,0.776766748907423,0.5963949414774947,14.313478595459873
20037383,12.844504306497555,0.6952185207022182,0.4891730468727514,11.740153124946033
20049373,9.27023570581616,0.7928623942644977,0.6777805340200256,16.266732816480612
20051838,10.092248680127636,0.7827492055995772,0.6225753552378896,14.941808525709352
20052828,44.81278786601911,0.8107587120389569,0.14020965011070055,3.3650316026568134
20056718,12.978590854592063,0.6604839855875916,0.48411922199985835,11.618861327996601
20058128,34.344118840158835,0.6610049763892484,0.1829479258565985,4.390750220558364
200595,43.8051436688279,0.8640766870349407,0.1434348750156195,3.442437000374868
20059986,40.04321955552309,0.7965340298691236,0.15691009306750306,3.7658422336200736
20060385,13.208922722378167,0.678081289837246,0.47567734623314883,11.416256309595571
20061356,10.378125132167254,0.7803660936440104,0.6054258574802398,14.530220579525755
20063211,9.93501208328918,0.6302690327289008,0.6324285521250634,15.178285251001522
20067913,11.382024510852508,0.7447770861144593,0.5520270406366379,13.248648975279309
20070149,27.573903513477163,0.670007268426434,0.22786709557131019,5.468810293711444
20070887,35.31040618289415,0.8485328852853303,0.17794146220338372,4.2705950928812095
20071721,46.22701299806795,0.5580373035811135,0.13592020984445158,3.262085036266838
20071890,31.140750186831998,0.7642647408452973,0.20176730712917954,4.842415371100309
20072583,26.405509502569014,0.6569538710710764,0.23794978493288643,5.710794838389274
20072948,9.26042359338555,0.743552083424967,0.6784986932636086,16.283968638326606
20074218,25.774757353060096,0.8246959788652172,0.2437728208693929,5.850547700865429
20075676,39.54509959375314,0.8304594623543431,0.1588865718313206,3.8132777239516944
20075891,22.11607324325368,0.5113795307378486,0.2841004023666913,6.818409656800592
20079092,33.76712655662477,0.716159410546105,0.18607402962295852,4.465776710951005
20083833,44.56344018397664,0.81964904979124,0.1409941710343715,3.383860104824916
20092061,9.834915593977895,0.7752971802757831,0.6388651989069332,15.332764773766396
20097614,63.08871978100322,0.8122210863021015,0.0995928484361404,2.3902283624673695
20098606,24.112768989536214,0.7337952033070552,0.2605750218859637,6.253800525263129
20099981,16.2333157609746,0.8642800738567243,0.38705495535819984,9.289318928596796
20105424,21.046417492263625,0.7933013253314198,0.29853942170866843,7.164946121008042
20107944,10.498462827366254,0.6201672997380565,0.5984862175061725,14.36366922014814
20121650,35.547490143210666,0.8300834243002939,0.17675468174733097,4.242112361935943
20128903,10.345912474317474,0.666049806277413,0.6073108894722301,14.575461347333523
20129375,39.655036240076925,0.7479547492989748,0.15844608662416387,3.802706078979933
20132306,13.840515590302955,0.6774453805983811,0.4539704656365373,10.895291175276896
20148918,24.238902905872852,0.6959447837180605,0.2592190468182135,6.221257123637124
2014943,3.5917123013246712,0.10551468507666262,1.7493565130097597,41.98455631223423
20151328,9.294835180489667,0.6619530577569689,0.6759867372762363,16.22368169462967
20153535,9.814977958081522,0.7104387803950156,0.6401629564543336,15.363910954904007
20158313,11.903937718135454,0.7096170385261723,0.5278241079510402,12.667778590824964
20161009,9.842290375855098,0.7131197397356122,0.6383865002188277,15.321276005251864
20163800,38.245977606850204,0.8459981169836918,0.16428355869910383,3.942805408778492
20169929,35.284638598683806,0.6845538668061603,0.1780714088825601,4.273713813181442
20171137,9.98666440240281,0.7538206014302063,0.6291575499090407,15.099781197816977
20174974,10.745956482575453,0.6894986073913659,0.5847022847494087,14.032854833985809
20187027,8.794846106977367,0.7906771539544215,0.7144167425732257,17.146001821757416
20192723,42.97142000280784,0.6351275712666621,0.14621777234192004,3.5092265362060813
20194811,41.02277830558376,0.7752964221744189,0.15316332941604685,3.6759199059851246
20208482,9.392703572901407,0.8123458226972596,0.6689432130390025,16.05463711293606
20212390,43.817870241459914,0.8003321644516183,0.14339321542913594,3.4414371702992623
20213977,11.146411729879906,0.7450870726079941,0.5636957847462614,13.528698833910273
20215725,19.989852510532618,0.9041276137699261,0.31431874266550924,7.543649823972222
20221780,10.851832334361088,0.8383964319665145,0.5789976396229969,13.895943350951924
20227792,13.086587702471936,0.8001492054218035,0.48012403615288884,11.522976867669332
2023155,10.324421807363844,0.7242905549561764,0.6085750296155213,14.605800710772513
20235961,54.56958638544561,0.8055154168174343,0.1151407903809106,2.763378969141854
20236169,65.46127785733471,0.7396665186626187,0.09598323639317068,2.303597673436096
20239309,5.492437469551073,0.3986005751535222,1.143970294065659,27.455287057575816
2024072,41.89066838612733,0.8356366334274585,0.14999009443497802,3.5997622664394724
20241611,8.819525451307234,0.8687037698462076,0.712417617236797,17.098022813683126
20245607,48.80791635893232,0.6286807383895903,0.1287329141644397,3.0895899399465527
20251358,18.34034699335421,0.5944638933071935,0.3425881369341788,8.22211528642029
20254567,33.76390459439896,0.8253288894782661,0.186091785966659,4.4662028631998165
20256416,13.286703542955285,0.7331561505124861,0.47289271465012706,11.34942515160305
20258978,21.919844232698328,0.253103402649003,0.2866437024131228,6.879448857914948
20259428,33.46055868750313,0.7133281499880709,0.18777885228575797,4.506692454858191
20269515,12.287378237521677,0.753078179059216,0.5113528033175353,12.272467279620848
20270338,11.563677848496283,0.720359285520762,0.5433552706586892,13.040526495808539
20271572,11.704978103063377,0.7262076294825807,0.536795989864789,12.883103756754938
20278860,11.896951367589658,0.7815675059510155,0.5281340667069205,12.675217600966093
20279879,13.412511212609967,0.7504377614433688,0.46845704041405445,11.242968969937307
20280523,10.518415739228061,0.6772264911769947,0.5973509188980493,14.336422053553182
20280597,36.370215630366154,0.5803380496993682,0.17275633917148517,4.146152140115644
20281293,11.822776761939098,0.6903779462175278,0.5314475130247708,12.7547403125945
2028765,21.416561511016322,0.8497334675390633,0.2933797427727892,7.041113826546941
20288319,46.5577497719259,0.7109829856738099,0.13495466035105325,3.238911848425278
20293625,1.494827774167147,0.6336024486292121,4.203283760017306,100.87881024041533
20293646,42.152449730817935,0.8739949342386518,0.14905860388431727,3.5774064932236147
20302023,12.216823429973537,0.6815722211698694,0.5143059767700348,12.343343442480833
20303195,2.4410134052744517,0.664452788050993,2.5740068832080607,61.77616519699346
20303778,10.12277942379965,0.6603584803836697,0.6206976408482437,14.89674338035785
20307322,12.18250266809933,0.8558211460559233,0.5157548886594963,12.37811732782791
20313038,18.673705300816433,0.8310614038535327,0.33647233936506854,8.075336144761645
20323540,12.0188264752412,0.8276619739087445,0.5227786023970774,12.546686457529859
20325437,21.021506100509452,0.7474757035111493,0.2988932038046177,7.173436891310825
20326720,12.579291218334276,0.7034282281429106,0.49948643354578387,11.987674405098813
20332286,12.369802070812083,0.6408448094497158,0.5079455007615244,12.190692018276586
20334947,45.10629522263028,0.842539051267379,0.1392973037614326,3.3431352902743825
20335838,12.238109582198636,0.625624849793507,0.5134114272288435,12.321874253492243
20344912,38.25210874731894,0.33651558726402986,0.1642572269331418,3.942173446395403
20344977,10.891487768340536,0.7365147110397192,0.5768895343612834,13.845348824670802
20351339,37.71388854180736,0.7383908732884267,0.16660136491134886,3.9984327578723726
20352515,35.89868055539594,0.7865420706908621,0.17502552210752934,4.200612530580704
20358825,17.838386962015175,0.8915033700627253,0.3522283332320864,8.453479997570074
20363182,34.04788828961965,0.6203311054375986,0.18453964762023647,4.428951542885676
20370614,21.457813701613357,0.8037690083050211,0.2928157264552618,7.027577434926284
20371308,40.93648703020981,0.7431566037704808,0.15348618709130554,3.683668490191333
20372537,43.51750714557142,0.856540000228152,0.14438293273926647,3.465190385742395
20374810,12.71125409428871,0.7067365223242249,0.4943009761721845,11.863223428132429
2038116,48.443959601243954,0.8032332704784245,0.1297000773450039,3.112801856280094
20387404,11.896928508342114,0.665834572289795,0.5281350814854291,12.675241955650298
20392003,32.09953088876938,0.9131187736205325,0.19574072060280095,4.6977772944672225
20398210,37.46326612746317,0.7664749702658514,0.16771589764229275,4.025181543415026
20398973,19.53665763823251,0.7818355528463655,0.3216100432083955,7.7186410370014915
20405655,10.258696086548339,0.7320834677089889,0.6124740663112518,14.699377591470043
20409590,11.006147250132525,0.6846460006024356,0.5708796333888709,13.701111201332903
20412789,8.629193945590783,0.796968248520853,0.7281311958911382,17.475148701387315
20415174,12.261820055345446,0.6970725959965667,0.5124186522734429,12.298047654562628
2041979,9.611947614415794,0.5731327635355685,0.6536849303835364,15.688438329204873
20424888,10.119620882016266,0.6314561156648502,0.6208913733463605,14.901392960312652
20427289,39.374325125116805,0.7451694962364113,0.1595756952586231,3.8298166862069545
20429469,22.756921752069324,0.5908379696178866,0.276099965348268,6.626399168358431
20431810,11.918668898438746,0.6970176072000106,0.5271717303937049,12.652121529448918
20433635,53.121468797383216,0.806218241963041,0.1182795854373872,2.838710050497293
20438561,21.750757539551717,0.7744116910313427,0.2888720218481679,6.932928524356029
20441941,9.12170466041326,0.7755640902073601,0.6888170074665546,16.53160817919731
2044369,11.745400799927953,0.7396539466396088,0.5349485653327495,12.838765567985988
20443973,54.881737614448795,0.3680384654061242,0.11448590333126411,2.7476616799503386
20453036,10.010823370876675,0.6820454304824184,0.627639213519492,15.063341124467808
20454504,49.42435434360903,0.7653900513243779,0.12712731184099024,3.051055484183766
20457074,21.160445507805868,0.7727856978482545,0.29693067212889185,7.126336131093405
20457217,33.44970104063114,0.820526428616653,0.18783980459339356,4.508155310241445
20458871,20.519859172449777,0.8802773837647259,0.3062002158189989,7.348805179655974
20468321,60.37220095503931,0.7249853693970941,0.10407414683885438,2.497779524132505
20470136,9.586289832931774,0.6533915198814508,0.6554345233329963,15.730428559991912
20488338,10.657420261315933,0.5913423865733473,0.589559682654737,14.149432383713687
2050107,9.152852058221628,0.7581955519643137,0.6864729449587968,16.475350679011125
20507511,12.227173241669188,0.7104429066277738,0.5138706373904162,12.332895297369987
2050832,4.988066957484223,0.5230420419203088,1.2596433369347888,30.23144008643493
20513210,13.381372183821966,0.6979380551615532,0.4695471601018568,11.269131842444564
20513220,29.97526778780489,0.8492269308319303,0.20961231611534867,5.030695586768368
20522386,10.120907430006538,0.6569959455330009,0.6208124469700369,14.899498727280886
20531095,24.52689403995794,0.6673100239441081,0.25617533540705756,6.148208049769382
20531765,6.850393034596522,0.12636348142401144,0.9172007030031171,22.012816872074808
20533504,31.84634551205639,0.7951523902105101,0.19729690192555682,4.735125646213364
20536396,18.861183111682035,0.8226071342490242,0.3331278462212678,7.995068309310427
20538459,10.453553136699892,0.5878192581455008,0.601057384509851,14.425377228236425
20543054,10.022803659232068,0.7278523618739183,0.6268889944174557,15.045335866018938
20543255,23.81314950266185,0.6848401943725646,0.2638536035091556,6.332486484219734
20546704,22.978328962642365,0.4656639256882764,0.2734396098774042,6.562550637057701
20555400,21.51068905234428,0.4215664465411333,0.2920959571257822,7.010302971018772
20555958,38.17800087251084,0.9053649348210489,0.16457606903413435,3.9498256568192245
20557286,39.603539134602194,0.6965320424754263,0.15865211656525602,3.8076507975661444
20561543,23.111962442101987,0.9129320535975918,0.2718585807206834,6.524605937296402
20565236,10.905451465324369,0.6597714122292497,0.5761508661203052,13.827620786887325
20566163,13.603821371191302,0.7389971030492133,0.46186914218716774,11.084859412492026
20571318,35.855341745331565,0.8838986991094482,0.17523707769422303,4.205689864661353
20572234,46.75322175085386,0.5983034481556213,0.13439042427198797,3.225370182527711
20574050,16.115823454532674,0.7496591484176284,0.3898767770015749,9.357042648037798
20580050,13.605629842921372,0.7233540948908118,0.4618077501534081,11.083386003681793
20587530,38.268782316390904,0.8953500906911308,0.16418566065762785,3.9404558557830685
20590238,43.426847753491096,0.8646868668358851,0.14468435155242138,3.472424437258113
20607861,14.59838305811963,0.21983492673632365,0.43040282489949283,10.329667797587827
20621226,31.93150270953528,0.8696747516745443,0.19677073654611696,4.722497677106807
20623696,28.03278422528461,0.8246406290435259,0.2241370409976034,5.379288983942482
2063120,48.269842893955875,0.7167175787730741,0.1301679253645621,3.12403020874949
20635926,36.30562815540504,0.7201691822539145,0.17306367156862346,4.153528117646963
20642091,38.67340835450192,0.5755261503140785,0.16246784481947965,3.899228275667512
20650960,28.314326759089784,0.718172856976714,0.22190834204321977,5.325800209037275
20657355,50.050777265040836,0.7169843480042711,0.125536218426886,3.012869242245264
20658165,46.52965065659774,0.7255261975511805,0.13503615906234304,3.240867817496233
20668112,20.249516673019833,0.7648980942047304,0.3102881618676466,7.446915884823518
20671386,9.874879580568745,0.7204008683084987,0.6362796888726926,15.270712532944621
20680160,60.646455811087286,0.5858980625333858,0.10360350366972153,2.4864840880733166
20687355,25.231779788392437,0.38920325881750056,0.24901871211122756,5.976449090669462
20689235,33.69602832065102,0.7043940878942241,0.18646664370616226,4.475199448947894
20692786,18.901373309806793,0.8851172941234353,0.33241951281495596,7.978068307558943
20694840,16.09377042511597,0.6515464819684055,0.39041101874884676,9.369864449972322
20695898,26.247645031507666,0.6377153085256434,0.23938091587406232,5.745141980977496
20698217,42.39634577880133,0.789453114411318,0.14820110534906647,3.556826528377595
20703194,12.599765763546179,0.7105811861801204,0.4986747710309177,11.968194504742025
20704416,27.594644763652642,0.7204401066049013,0.22769582145357883,5.464699714885892
20706021,35.45983276837748,0.6891797474437513,0.17719162265149857,4.252598943635966
20710390,45.24617223809196,0.8100556172053383,0.13886667084491808,3.3328001002780336
20714963,10.845906752377559,0.7536403904002815,0.5793139707569617,13.90353529816708
20715071,39.50207861685537,0.7481987239181399,0.15905961223262255,3.817430693582941
20715920,51.79812800584378,0.4873871605092805,0.1213013973491615,2.911233536379876
20715997,49.29192137323311,0.5177055667174891,0.1274688657316477,3.0592527775595446
207166,13.256424549784505,0.08440204383087345,0.47397284868050826,11.375348368332197
20723078,42.89460003494526,0.8355725222876708,0.14647963384810248,3.5155112123544594
20725611,46.03189986944696,0.7530975211272157,0.13649632808985934,3.275911874156624
20726518,16.905213938292505,0.8821139314769003,0.3716714458695702,8.920114700869684
20729536,13.122677155174262,0.2189920155751747,0.4788036185666681,11.491286845600033
20731594,38.119851943869094,0.3869306966374216,0.1648271172834428,3.955850814802627
20732818,24.86378118011262,0.6427857975994216,0.25270433574299683,6.064904057831924
20743570,36.26319135172014,0.8288827933505376,0.17326619839490615,4.158388761477747
20746436,55.99599992179813,0.7938055591720776,0.11220775262437392,2.692986062984974
2075085,50.365370288367615,0.8180899612302358,0.12475209198711582,2.99405020769078
20757030,9.862058062212233,0.22511392194204904,0.6371069068488284,15.290565764371882
20757326,9.86199858525997,0.2404760406922375,0.6371107491914081,15.290657980593794
2075949,13.150208778012754,0.7085459656897324,0.477801182722294,11.467228385335055
20763122,36.67579088888398,0.7153905601711802,0.1713169683570191,4.111607240568459
20763243,45.20436723441938,0.7589218760329015,0.1389950947570274,3.3358822741686573
2076617,55.47320747106433,0.6708272841316275,0.11326522466646609,2.718365391995186
20774259,7.1348897416530175,0.29610588690292705,0.8806282275812566,21.135077461950157
20775644,60.44393115938418,0.7088998416870764,0.10395063965332597,2.4948153516798235
20777402,46.60345693236725,0.8564479765608698,0.13482230119319236,3.2357352286366163
20785317,33.79171371859225,0.8101177303818061,0.18593864044612124,4.46252737070691
20787947,59.1842273201475,0.6678792310474851,0.10616317204230297,2.547916129015271
2079147,10.175881114132656,0.7574856583467255,0.6174586000669029,14.81900640160567
20794936,20.050753460462488,0.8193896750658759,0.3133640498632244,7.520737196717386
20797457,40.22562023174083,0.6906495311912465,0.15619859360730787,3.748766246575389
20801328,40.829643101000755,0.8709609375436693,0.15388783320091237,3.693307996821897
20804126,50.31215083862596,0.7416582154680702,0.12488405290667517,2.9972172697602044
20804594,46.8274619826547,0.8483280698156973,0.13417736176918862,3.220256682460527
20813826,10.739571663116072,0.6656074087671718,0.585049898103341,14.041197554480183
20815762,8.627565519699338,0.7401175131663982,0.7282686283672,17.4784470808128
20822204,77.56399294279052,0.7519352966581668,0.08100647051285671,1.9441552923085612
20828304,13.315710463668923,0.7768324505905624,0.4718625659759471,11.32470158342273
20829724,11.268693456894425,0.7186515991632578,0.5575788649513224,13.381892758831736
20831083,18.71310954362514,0.8920881782232029,0.33576382869623256,8.058331888709581
20833846,47.81384881032547,0.7273843892822662,0.13140931892148208,3.1538236541155698
20837681,42.74587038822973,0.5361867104995748,0.14698929393913313,3.527743054539195
2084640,16.898704994666883,0.7294521594183477,0.37181460408726685,8.923550498094404
20855130,22.37501987500693,0.7971126453657791,0.280812501721974,6.739500041327375
20858337,14.096319477932393,0.6739232192299202,0.44573232871288365,10.697575889109208
20860892,20.6935816478302,0.7031453585501465,0.3036296671165381,7.287112010796914
20861579,39.52878557533932,0.8449169870652968,0.1589521462834784,3.8148515108034813
20865430,18.746126972882372,0.9208917964109079,0.3351724500889527,8.044138802134864
20865682,50.261398916919426,0.8603761957485554,0.12501015575721444,3.000243738173147
20866511,30.43555769508224,0.5264397505782444,0.2064422597452459,4.954614233885902
2086810,2.7856643949693116,0.14780013268440562,2.2555428136018536,54.13302752644449
20870476,63.420378377402976,0.6317267560897785,0.09907202492217106,2.3777285981321055
20871211,11.708611519875973,0.6776497352161234,0.5366294113109444,12.879105871462666
20875091,62.29797324455314,0.8155548488186144,0.1008569778428376,2.4205674682281026
20878762,9.84848404740277,0.6037374151176049,0.6379850215461922,15.311640517108613
20881026,39.65893159000788,0.7304030677532795,0.1584305238510924,3.802332572426218
20882943,25.667697978376587,0.7475520072304396,0.24478959166781425,5.874950200027542
20883721,34.25593023067097,0.6602386701967342,0.1834189077590411,4.402053786216986
20884921,25.51553841786435,0.7279667970489354,0.24624937182515033,5.9099849238036075
20889257,23.688501367811003,0.7344885658226625,0.26524199271286364,6.365807825108727
20890761,11.137581315205118,0.7725044530306725,0.5641427101054454,13.539425042530688
20892413,20.028063886965185,0.22217005920857896,0.3137190565518845,7.5292573572452275
20899711,60.62048472787222,0.4380884383183875,0.10364788957701439,2.4875493498483454
20900568,23.494191598371966,0.3750479659862557,0.26743568855610167,6.41845652534644
20900570,6.300854721849381,0.22262844087000774,0.9971957114629983,23.93269707511196
20916350,39.14268548808695,0.8556041225732992,0.16052003660024478,3.8524808784058746
20920965,55.29349860627718,0.6154402918733504,0.11363334687717316,2.7272003250521557
20927587,9.309072999019776,0.7084085272892764,0.6749528452340197,16.19886828561647
20937258,55.21379184006639,0.7364743737013448,0.11379738825726031,2.7311373181742473
2094414,38.8830802049287,0.5924706660575166,0.161591758524911,3.878202204597864
20945944,14.530178865025134,0.5602229697433432,0.4324231219412947,10.378154926591073
20946356,10.266153040890414,0.7204721531307822,0.612029187773985,14.688700506575639
20951738,13.940502150993153,0.7133740204598731,0.45071441753853597,10.817146020924863
20952881,7.341771343497212,0.36326838761742564,0.855813265383804,20.539518369211294
20958751,23.047719736575978,0.7086709888591797,0.2726163533309708,6.542792479943299
20961058,38.73331877007483,0.824528285939951,0.16221654912860045,3.893197179086411
20965851,33.9264896745837,0.8414311293810893,0.18519998288790498,4.44479958930972
2097592,6.298686951520508,0.7812794922983752,0.9975389085915471,23.94093380619713
20976339,36.32084131381964,0.7540154649704286,0.17299118302055713,4.151788392493371
20977329,41.81356562980849,0.7113731244046719,0.1502666709365815,3.6064001024779557
20982821,55.442874013520274,0.8024408708407212,0.11332719342159953,2.7198526421183886
20986850,36.09008722025313,0.5040415935873478,0.17409726024861397,4.178334245966735
20990672,42.28891192830453,0.7863114351032974,0.14857760629623026,3.565862551109526
2099155,27.687155741844258,0.6975516881481592,0.22693502235347557,5.446440536483413
20991661,13.656133327206181,0.7788129023493128,0.4600998801514354,11.04239712363445
20993517,39.2264646207318,0.88125893239316,0.1601772009771899,3.8442528234525577
20997988,34.943745774432784,0.5963660284162778,0.17980857998849084,4.31540591972378
2099869,28.697915767714083,0.429149198181127,0.21894221719921336,5.254613212781121
20998870,15.843146203026613,0.9234786032148062,0.39658696742817856,9.518087218276285
20999955,44.85207733010693,0.8419518542472737,0.14008682944461978,3.3620839066708745
21000037,38.960993580125404,0.5333924733525721,0.16126861072620938,3.8704466574290253
21000040,9.327133784504081,0.738069076638341,0.6736458865443046,16.16750127706331
21010291,80.0481303375325,0.76407077913044,0.07849259290236743,1.8838222296568183
21010711,12.87301546774808,0.6623878113139597,0.48808962615802126,11.71415102779251
21011352,19.270864930221606,0.8683575426403931,0.32604583810485627,7.82510011451655
21011450,13.507531296995092,0.7139626479338963,0.4651616323537488,11.16387917648997
21014331,16.302284853085794,0.9217769358843007,0.3854174653309574,9.250019167942977
21014334,48.52587117318682,0.1535983580370397,0.12948114387797713,3.107547453071451
21016556,35.823492887144766,0.7560285266996488,0.17539287212929208,4.20942893110301
2101707,10.622012439625385,0.669893415192609,0.5915249434033971,14.19659864168153
21018374,24.580136461258967,0.5122634683684233,0.2556204403943235,6.1348905694637645
21025736,11.047710313349953,0.812615483027068,0.5687319027171669,13.649565665212005
21028253,37.91268367382349,0.8797660771172805,0.16572779076353705,3.9774669783248893
21032688,10.431942650922426,0.6010056659702966,0.6023025161688371,14.455260388052091
2103445,34.10430919952105,0.6751762128560853,0.1842343520409974,4.421624448983938
21043777,8.885030436832487,0.6732536401474547,0.7071653104454126,16.971967450689903
21047116,21.155361318815334,0.7967913379939308,0.29700203236857003,7.128048776845681
21049274,37.80231550766088,0.13603955977711285,0.16621165192661966,3.9890796462388716
21049700,37.802173447629066,0.13600380058005307,0.16621227654765086,3.9890946371436207
21050373,37.802173447629066,0.12857879973725395,0.16621227654765086,3.9890946371436207
21051581,33.778159034296245,0.8370454630730471,0.18601325492014026,4.464318118083366
21051894,37.80212609477625,0.13434583824284063,0.16621248475354508,3.9890996340850817
21053033,37.802173447629066,0.12279824879792078,0.16621227654765086,3.9890946371436207
21053104,37.802173447629066,0.12842181842217337,0.16621227654765086,3.9890946371436207
21053198,37.802173447629066,0.12260530314253439,0.16621227654765086,3.9890946371436207
21053199,37.802173447629066,0.12880931839072515,0.16621227654765086,3.9890946371436207
21055211,31.25063669933022,0.3329851382572823,0.20105783340133518,4.825388001632044
21055315,11.029705475352724,0.6748093575225499,0.5696602979309068,13.671847150341762
21056450,8.250253505357534,0.767433631639933,0.7615748174403881,18.277795618569314
21062150,12.586532358300854,0.734786845244992,0.4991990747186065,11.980777793246556
21062290,38.24779639801772,0.8867510030503496,0.16427574655007385,3.9426179172017726
21064056,12.58647006814893,0.7562554666691722,0.4992015452433871,11.98083708584129
21072171,51.29888891418915,0.7136826584090029,0.12248189853955438,2.939565564949305
21073252,53.61469028554433,0.648346441498966,0.11719148751426561,2.8125957003423747
21075532,11.826905036165702,0.6954068652143919,0.5312620070902847,12.750288170166833
21080566,11.28922537265607,0.6002114588891506,0.5565647863137053,13.357554871528928
21084167,10.542771863795759,0.2361816094768255,0.5959709067362313,14.303301761669552
21085751,10.263295684885808,0.7204169644770351,0.6121995799490108,14.692789918776258
21095278,58.30977755968242,0.6641769934048759,0.10775526112663508,2.586126267039242
21097076,10.62187656801724,0.6661480343054681,0.5915325099990738,14.196780239977771
21107449,42.7189830548002,0.5426818517109144,0.1470818090196453,3.529963416471487
21110017,50.895760748262546,0.6488957151723554,0.1234520363740526,2.962848872977262
21112412,22.136929577250832,0.8980347472167091,0.28383273684154214,6.811985684197012
21115824,18.383281578582654,0.8190706802640131,0.3417880143064217,8.202912343354122
21124732,55.04228301571588,0.7630922274145445,0.11415197486240873,2.7396473966978094
21126144,11.475085896143966,0.7804840280608263,0.5475501764471287,13.141204234731088
21126187,11.311430133440645,0.7106651618546997,0.5554722288036981,13.331333491288753
21134069,11.237067139189186,0.47091237733274605,0.5591481504339353,13.419555610414447
21139760,8.619830451099192,0.7742903243884472,0.7289221456065137,17.494131494556328
21145823,11.584279012975678,0.7267423720971709,0.5423889825289706,13.017335580695296
21146742,19.571729751331432,0.9062261888382848,0.32103372502127214,7.704809400510531
21146854,12.696765785725075,0.5926413632410567,0.49486502414998845,11.876760579599722
21147974,39.73067022482513,0.8523665834358797,0.15814445796219237,3.795466991092617
21151278,55.66890265388265,0.8095303586639692,0.11286705876429493,2.708809410343078
21153161,30.393729954612773,0.0721138800138801,0.2067263648312439,4.961432755949854
21160820,10.379914317678265,0.681320425435084,0.6053215002438461,14.527716005852307
21161088,47.78799273455654,0.8901310945283346,0.131480418984748,3.155530055633952
2117028,10.626951187190793,0.6478316089403734,0.5912500393107132,14.190000943457116
2117690,23.04511086978909,0.8188331386429103,0.27264721539771397,6.543533169545135
21177419,41.3561468962589,0.8235814159123851,0.1519286920742601,3.6462886097822427
21192780,21.79455987785927,0.3201747010637771,0.2882914517380353,6.918994841712847
21199837,11.706296732537613,0.30737003067274127,0.5367355236874778,12.881652568499467
21200464,11.319608674781263,0.7088980167919873,0.5550708940299123,13.321701456717895
21203594,22.96181661450371,0.6938223657233985,0.27363624632429323,6.567269911783038
21210238,10.062118724336557,0.5531627308988685,0.6244395916322153,14.986550199173166
21215819,11.98206387122717,0.639239758875646,0.5243825583560405,12.585181400544972
21216243,7.737485882974015,0.7139499332346423,0.8120448169095144,19.489075605828344
2122319,17.481411942445636,0.6431715358277749,0.35942092823313293,8.62610227759519
21225185,11.469718219276194,0.6782698999501309,0.5478064227087953,13.147354145011088
21235085,13.518640074799043,0.7160157558488502,0.4647793914487354,11.15470539476965
21248055,11.20596092495571,0.5992860384231108,0.5607002691921683,13.45680646061204
21250276,6.283548995610499,0.10130919176065645,0.9999421205387009,23.998610892928824
2125638,10.362772994953897,0.673194668751484,0.606322777719743,14.551746665273832
21256776,12.79718399994529,0.8329091467520391,0.4909818681364938,11.78356483527585
21263476,18.26137416464424,0.9459078863084357,0.34406968777543756,8.2576725066105
2126772,45.05005705246585,0.43740328194101197,0.13947119533860103,3.3473086881264247
21281847,12.540089526659825,0.8452922625448376,0.5010478827780087,12.025149186672209
21285999,55.06922236806789,0.6784229346731188,0.1140961327760262,2.738307186624629
21286375,26.624128846843544,0.09407591932681542,0.2359959021879695,5.663901652511268
21289833,9.586900441313592,0.5583310809439979,0.6553927774302273,15.729426658325455
21291582,43.564609909871066,0.801596975965066,0.14422682356570152,3.4614437655768366
21293569,36.094272107358606,0.49021800448623565,0.17407707484697058,4.177849796327294
21298723,4.080437247997502,0.6173939110884364,1.5398313772042678,36.95595305290243
21303309,9.302490863779312,0.7690180150913428,0.6754304195711861,16.210330069708466
21303888,38.68455859101435,0.8404358155452871,0.16242101593060557,3.898104382334534
21304732,12.799908104018504,0.14604645919432424,0.49087737631545914,11.78105703157102
21312930,9.56628636360403,0.10546438145932716,0.6568050618978587,15.763321485548609
21317088,13.867601187867859,0.8269530334917,0.4530837901998842,10.874010964797222
21320462,11.470997161796973,0.6391178031228895,0.547745345810486,13.145888299451663
21322749,89.22789916911745,0.5088646269511163,0.07041727268811739,1.6900145445148174
21327599,45.70937525767025,0.5679177046445437,0.13745944397096604,3.299026655303185
21332145,51.87505529792487,0.7714343606563729,0.12112151536214226,2.906916368691414
21339858,7.858208937471369,0.11922533574984075,0.7995696420361919,19.189671408868605
2134122,6.297591857769261,0.7306856785135928,0.9977123715040533,23.94509691609728
21342238,8.691725062266224,0.7794984758609735,0.7228927816017858,17.34942675844286
21343483,11.371762960934849,0.7255095985872096,0.5525251738682969,13.260604172839127
21343608,10.183398403276554,0.770532974938871,0.6170027979223461,14.808067150136306
21348611,35.16606024750629,0.6869549803406714,0.17867185755120643,4.288124581228955
21351356,10.045297882126746,0.10975376006336246,0.6254852151631105,15.011645163914652
213616,6.75080233502958,0.1950922312568055,0.930731636827292,22.337559283855008
21374223,9.556336643417689,0.5721111041055805,0.6574889041301598,15.779733699123835
21374299,73.56991162648224,0.6635959449455935,0.08540427966095164,2.0497027118628393
21377934,9.744442144260454,0.8395731468398191,0.6447968199883487,15.475123679720369
21379220,6.38711210651546,0.36163001819297197,0.9837286714867807,23.609488115682737
21383476,10.215330036789839,0.1334183058137407,0.61507413706176,14.761779289482238
21384802,32.56732756409821,0.6120492921947658,0.19292910340319377,4.63029848167665
21390806,6.3132346032501205,0.09854465810204702,0.995240269377117,23.885766465050807
21393081,48.808187960028775,0.8081460683418117,0.12873219780921122,3.0895727474210695
21396049,8.524988020706047,0.6389456379823937,0.7370315702401664,17.688757685763996
21396226,49.35884487575895,0.700723269022379,0.12729603626249722,3.0551048702999335
21397555,22.551154517695718,0.8757216115522845,0.27861922999326794,6.6868615198384305
21401145,44.92984584744989,0.8673859663539109,0.1398443548752172,3.356264517005213
21403419,6.302131928505556,0.8011263843546043,0.9969936171535427,23.927846811685026
21406268,13.380435528317074,0.785765760495077,0.4695800292809942,11.26992070274386
21420907,50.779365011380754,0.8311652260694898,0.12373501137265873,2.9696402729438094
2142930,19.02896358701645,0.572364639707125,0.33019062117847725,7.924574908283454
21439314,10.633363380387106,0.7957753745152158,0.590893500241769,14.181444005802456
2144933,12.65593374305415,0.7813101736321887,0.4964616151398496,11.91507876335639
21452146,11.19224842320899,0.733744336032973,0.5613872270874863,13.473293450099671
2145400,11.126191488353479,0.7116175998064688,0.5647202201900454,13.55328528456109
21454119,11.607249284568404,0.694193174721317,0.541315616916486,12.991574805995665
21460667,11.75294345456219,0.6895706896312678,0.5346052528433305,12.830526068239932
21460890,21.807576036532936,0.8371929239751612,0.2881193809276987,6.914865142264768
21461642,35.45089139999272,0.802014436904301,0.17723631364544126,4.2536715274905905
21468901,9.928405596625037,0.6525079975468827,0.6328493780829653,15.188385073991167
21473837,11.834351511020655,0.6928071431652378,0.530927723528274,12.742265364678577
21474739,13.573819914602812,0.785827557356612,0.4628899857747553,11.109359658594128
21480626,6.837760268935596,0.5015520160007699,0.9188952317799908,22.05348556271978
21486032,31.44755515083824,0.7708803988046488,0.19979884849687932,4.795172363925103
2148637,23.077246554659723,0.8787986326264807,0.27226754683655685,6.534421124077364
21486794,42.4878715633433,0.8596227798834605,0.1478818560683197,3.5491645456396723
21488669,12.525327304449936,0.7083552787432913,0.5016384126702483,12.03932190408596
2149181,20.243523174254562,0.4015774875262825,0.31038002886624283,7.449120692789828
21492633,20.185111113071684,0.8958971349658394,0.31127821253907567,7.470677100937817
21493809,15.902928244814424,0.09270377800906571,0.3950961238367146,9.482306972081151
21496631,46.86621739438449,0.8685199776881012,0.13406640553697508,3.217593732887402
21500886,50.3166812816224,0.8602282864568447,0.12487280852273634,2.996947404545672
21505266,45.221514813077036,0.6493440011881444,0.13894238910728907,3.3346173385749376
21515129,40.25727188555605,0.818914713186867,0.1560757848927646,3.7458188374263504
21516768,33.076525330480585,0.7703814991565325,0.18995904933791588,4.559017184109981
21518140,27.730026560531602,0.47543646152073243,0.2265841791916096,5.43802030059863
21526640,9.147568200693863,0.7860470524422156,0.6868694684017762,16.48486724164263
21531228,44.29623912844083,0.7902064744417446,0.14184466742110857,3.4042720181066057
21548169,22.782665856110437,0.922351368474503,0.27578797612459394,6.6189114269902545
2154980,15.703551625818958,0.47680660022151994,0.4001123731047632,9.602696954514318
21549836,38.593192528638,0.8652864619443287,0.1628055337095308,3.9073328090287394
21549961,47.82710463351,0.8560453071425745,0.13137289734192442,3.152949536206186
21556651,10.219446724480546,0.7677032955909038,0.6148263674713721,14.75583281931293
215632,10.981489604519965,0.7711839615619854,0.5721614765808672,13.731875437940815
21574197,17.964454193890194,0.8414365498473607,0.34975653807041523,8.394156913689965
21574229,11.822337026654978,0.7111528236437605,0.5314672803704832,12.755214728891596
21577939,9.932249854419927,0.7552617585171882,0.6326044349743699,15.182506439384877
21580676,14.097485645824428,0.7321012986972933,0.44569545697963664,10.69669096751128
21580872,13.31925437861482,0.661559944660352,0.4717370153443249,11.321688368263796
2158320,87.22861355117739,0.826343238048094,0.07203124125655413,1.7287497901572992
21592715,11.286246129831609,0.7515538754558813,0.556711703333492,13.361080880003808
21600383,5.132312346788288,0.5421859730446222,1.2242406312451921,29.38177514988461
21619184,23.857104035376814,0.6452450380387945,0.26336747737120497,6.32081945690892
21622547,10.929482505887314,0.705454843397967,0.5748840627902614,13.797217506966273
21629752,10.366133668459476,0.7369395154791021,0.6061262094561953,14.547029026948689
21630936,3.9795306480675703,0.1186289575181012,1.5788759687604499,37.8930232502508
21640723,9.659612647207725,0.6641487274810136,0.6504593441431472,15.611024259435533
21646118,15.114501833600087,0.1561987146830216,0.41570574911121694,9.976937978669206
21648266,11.098034163386789,0.7259089355376853,0.566152997429785,13.58767193831484
21650357,23.838364904289207,0.8107335884847242,0.2635745082519926,6.325788198047822
21656045,45.218409234397086,0.809101571789379,0.13895193160399913,3.3348463584959793
21656207,11.222913934376836,0.6130567171187199,0.55985329157106,13.43647899770544
21662536,47.49280423118789,0.6817516383536174,0.13229762716461166,3.1751430519506796
21665608,43.30113217233756,0.49079344324335467,0.14510441163923027,3.4825058793415264
21666361,50.67808157102522,0.7447514622187665,0.12398230383629885,2.9755752920711727
21667022,6.292224954866266,0.09551837880488383,0.9985633622841649,23.965520694819958
21667966,15.750446713986163,0.7540614589959914,0.3989210859397538,9.57410606255409
21669734,10.782626595444189,0.666053329268695,0.5827137990509956,13.985131177223895
21676430,38.31446531384818,0.8397491050797367,0.16398989926419838,3.935757582340761
2167648,36.382066054921054,0.6777339496503091,0.17270006870128585,4.14480164883086
21684795,9.916066830406358,0.6639323245649168,0.6336368456002129,15.20728429440511
21687256,21.365126588317416,0.278479701576504,0.29408603226415103,7.058064774339625
21688272,20.613854341488594,0.8409934903592134,0.30480400235164645,7.315296056439514
21703536,51.921080187938806,0.6249950666377898,0.12101414848143242,2.904339563554378
21709825,40.40436844434655,0.8511952400867743,0.15550757378707994,3.7321817708899188
21719768,11.776192270351238,0.7125470568683285,0.5335498234857016,12.805195763656837
21738091,35.579886744424314,0.7811850633430993,0.17659374107378847,4.238249785770924
21741619,42.33984880374036,0.3958676797401884,0.1483988602865422,3.561572646877013
21742308,8.775207546600495,0.5609593489987341,0.7160155784137191,17.184373881929258
21744543,15.082422336684013,0.5939111265280806,0.416589932765468,9.998158386371232
21749428,23.241877282947982,0.189844164405577,0.2703389760942164,6.488135426261194
21749947,9.838813535422137,0.8116844564551947,0.6386120932730945,15.326690238554269
21751319,46.74845290215927,0.9026679219739688,0.13440413355132383,3.2256992052317717
21753974,11.903352091259103,0.7207643161892713,0.5278500760969231,12.668401826326155
21759081,43.87279867095563,0.6374476859424287,0.1432136881511308,3.4371285156271396
21766623,6.302208469089173,0.25850014090916634,0.9969815086246526,23.927556206991664
21771914,10.4612324978376,0.6843183516209453,0.6006161614779482,14.414787875470756
21774610,49.91235994104398,0.7049496144925451,0.12588435639190826,3.021224553405798
2177764,19.892882514966026,0.8955392619337413,0.3158509231858457,7.580422156460296
21781999,36.25535306489686,0.6495465250403198,0.17330365797107872,4.159287791305889
2178286,48.87589172226271,0.8656208978230583,0.1285538756588584,3.0852930158126015
21793262,15.837680592689596,0.7770495095558136,0.39672383026083996,9.521371926260159
21805414,18.107300146241172,0.08760510120874222,0.34699735777472546,8.327936586593411
21805462,53.69771868996758,0.524546993521492,0.11701028387177057,2.8082468129224933
21806402,10.611979639494642,0.6300584355659251,0.5920841841606475,14.210020419855539
21812840,6.307239259397106,0.04107751893693739,0.9961862946325238,23.90847107118057
21816545,57.71044703533126,0.5607501288972275,0.1088743135767588,2.612983525842211
21817156,22.065064302883513,0.888814697259334,0.2847571718319663,6.834172123967191
21817824,37.32938592406644,0.8817252422491368,0.16831740334439269,4.039617680265424
21821875,45.668293032956264,0.884379593530621,0.13758309956199505,3.301994389487881
21825990,39.526774577057886,0.8336799720549933,0.1589602332699939,3.8150455984798537
21830166,10.51713059907206,0.7075032200125049,0.5974239121585083,14.3381738918042
21837152,11.087292478786122,0.718141098693287,0.5667015025716624,13.600836061719898
21847613,18.052686209855835,0.7882835580999632,0.3480471124429832,8.353130698631597
21856428,12.589425909010652,0.09543749678151404,0.49908433891989556,11.978024134077494
21864884,10.094066249655608,0.7284624719384671,0.6224632523482752,14.939118056358604
21865224,10.545152750471734,0.21104194628264014,0.5958363483069044,14.300072359365704
21865663,17.80824561528871,0.7220352079632427,0.35282449730956966,8.467787935429673
21869616,12.1249816060714,0.614480920206791,0.5182016362015244,12.436839268836586
21874209,10.27848646692966,0.7062799581296206,0.6112947978669149,14.671075148805958
21879209,12.498311008487603,0.7618604232090174,0.502722752131282,12.065346051150769
21880646,11.559054148934907,0.5429750217751609,0.5435726164288747,13.045742794292991
21893528,11.18194738482716,0.7222663898260209,0.5619043884704082,13.485705323289798
21895776,20.08540591572749,0.7148086466318644,0.3128234168401675,7.50776200416402
21907874,11.719888774380475,0.6501271926036277,0.5361130492052576,12.866713180926183
21922323,25.194610006439756,0.3954085598336096,0.24938609113511187,5.985266187242685
21924353,10.790610371855848,0.6724235292003075,0.5822826597063905,13.97478383295337
21945058,9.312879159641874,0.4543770589394017,0.6746769929549055,16.19224783091773
21945241,13.30256661361643,0.6691920797724644,0.47232879862057253,11.335891166893742
21947560,13.07634600243703,0.761263515942142,0.4805000805277402,11.532001932665764
21948046,11.320930604628634,0.7516862282378004,0.5550060791478278,13.320145899547867
21948290,12.292827239188064,0.6783423019584757,0.5111261376186548,12.267027302847715
21948919,10.750630205410454,0.7658616817803735,0.5844480916121044,14.026754198690506
2196029,21.476189990756748,0.6994382609240736,0.2925651761268568,7.021564227044562
21960299,13.436739780229946,0.4972265952076393,0.4676123382566586,11.222696118159806
21961808,14.395929692899372,0.3260777094567311,0.4364556816555374,10.474936359732897
21966412,9.177882379324423,0.7395320361706582,0.6846007660039425,16.43041838409462
21967256,6.719777120122474,0.2691268593725773,0.9350288253407234,22.440691808177363
21967825,11.622579182243163,0.6771938354646336,0.540601634857344,12.974439236576256
2197514,9.97949242774149,0.7208440724901845,0.6296097073748235,15.110632976995763
21978719,57.21507191446006,0.830086503544202,0.10981696075770599,2.635607058184944
21979323,52.83026955128418,0.6849963728425017,0.11893153982642998,2.8543569558343194
2198127,44.93364387777245,0.673629729776681,0.13983253448732033,3.3559808276956877
21986725,10.032109399312285,0.7221452844563084,0.6263074949731218,15.031379879354922
21991284,9.98682495636241,0.6881701281877686,0.6291474352092946,15.099538445023072
21995454,54.51563216101807,0.1672816889591237,0.11525474543928042,2.76611389054273
21996907,10.134453710298974,0.787704576597193,0.6199826341694571,14.87958322006697
22000484,21.058365667031907,0.8525053766017557,0.2983700352879843,7.160880846911622
22000485,10.991809469848619,0.75288504771569,0.5716242921072139,13.718983010573133
22005161,11.045187793831525,0.6589910371045299,0.5688617907147396,13.652682977153752
22021458,7.69739825764239,0.10440934723855169,0.8162739015018877,19.590573636045306
2202528,15.976412399954452,0.35000424592454316,0.3932788632319919,9.438692717567806
22034371,11.838090761465796,0.6450087244825194,0.5307600215088738,12.738240516212972
2203890,11.41216076702733,0.4829028224004008,0.550569294934341,13.213663078424185
22042245,11.330886626920787,0.7995730776990891,0.5545184162598109,13.308441990235462
22042430,40.297944866152484,0.7576465634178379,0.15591825657732317,3.742038157855756
22042502,10.204896779954678,0.5992874141297514,0.6157029750189684,14.776871400455242
22046433,24.122082918402604,0.4427631026184409,0.2604744096284562,6.251385831082949
2204856,12.7260776111736,0.8214238851369366,0.4937252073382688,11.849404976118452
22060124,51.03690066980156,0.8520551269593015,0.12311063612248961,2.9546552669397506
22060182,10.227106364618148,0.592227880793152,0.6143658903281762,14.744781367876229
22067964,12.28311102056428,0.6921230709516737,0.5115304499536258,12.27673079888702
22070388,9.078537532181095,0.7668831787821252,0.6920922323565112,16.61021357655627
22074693,25.57352591599549,0.7271670914042229,0.24569100591833676,5.896584142040082
2208244,11.412233700990773,0.5399346110030875,0.5505657763242353,13.213578631781647
2209008,12.58067814995229,0.6273338177332921,0.4994313686661966,11.986352847988718
22090614,10.610694505186915,0.741691492637142,0.5921558955550105,14.21174149332025
22097828,20.278545215211256,0.8763770437631105,0.309843987352035,7.43625569644884
22102474,4.302134628490542,0.15751072728737453,1.4604808658403423,35.05154078016822
22106421,39.4873432108418,0.6757466820710898,0.15911896816229587,3.818855235895101
22113391,42.97346557104422,0.7850536792386034,0.1462108122695423,3.509059494469015
22117001,45.66574240852844,0.7192373574452536,0.13759078415872095,3.3021788198093027
22118462,10.313916300112647,0.7888492116589287,0.6091949095137569,14.620677828330166
22118602,10.280985296271353,0.7500000369827459,0.6111462205337784,14.667509292810681
22125812,10.674009922876115,0.6850519416015008,0.588643382625466,14.127441183011184
22129814,26.243342900728848,0.4568026573509911,0.23942015813103923,5.7460837951449415
22137788,25.955935708805473,0.7142755715688711,0.24207123093805608,5.809709542513346
22152661,10.098508745348513,0.6648400200825229,0.6221894207967777,14.932546099122666
22159524,18.88141756451821,0.15736371494208115,0.33277084655904715,7.986500317417132
22163481,37.07244590576251,0.8626568755658739,0.16948396993150466,4.0676152783561115
22164469,34.48839265118156,0.6921041213249562,0.18218260765957517,4.372382583829804
22165548,12.575938748852218,0.6461680622009106,0.4996195856753072,11.990870056207372
22167459,54.86950914683481,0.7316383097978904,0.11451141817881628,2.748274036291591
221694,13.569701930608316,0.254966273881947,0.46303045853991853,11.112731004958045
22181333,18.280689098538236,0.8502934298741854,0.3437061520663356,8.248947649592054
22186695,12.475133665199039,0.6673564084869731,0.5036567523687001,12.087762056848803
22191994,20.507143873145104,0.297307960201496,0.306390072944661,7.353361750671864
22198122,22.061351256239433,0.8524575304045316,0.2848050980287331,6.8353223526895945
22198858,9.546362524040878,0.6921570501687893,0.6581758540340847,15.796220496818034
22199578,15.551198063788565,0.5055791467758377,0.4040322347774718,9.696773634659323
22214707,42.40443477755355,0.8225400986400754,0.14817283475514076,3.556148034123378
22216834,11.276033604644994,0.6942137971524074,0.5572159083129481,13.373181799510753
22224229,40.406329242859414,0.7308418913185907,0.15550002746883887,3.732000659252133
22229962,16.53226249658266,0.3810975666322189,0.3800559849856223,9.121343639654935
2223492,21.85481748488794,0.8037569235032553,0.2874965810867216,6.8999179460813185
2224033,2.3036225481831223,0.7480541181810565,2.727523791662468,65.46057099989923
22243579,10.953103854409504,0.742453813401575,0.5736442738694657,13.767462572867178
22244059,10.566074097599554,0.6925374585314622,0.5946565629903189,14.271757511767653
22244513,10.399994590893538,0.7149715677332866,0.6041527476063574,14.499665942552578
22244704,8.732285585262971,0.23563676529588512,0.719535022741743,17.26884054580183
2224955,10.510438327252414,0.6272117689474259,0.5978043076365308,14.347303383276738
22269139,18.184448555136395,0.15136993598754606,0.34552520457953795,8.29260490990891
2227132,9.776721194358666,0.6657053975852092,0.6426679438097397,15.424030651433753
22272582,8.423566916082262,0.7570652825937223,0.7459055492494204,17.90173318198609
22276476,20.294204365845705,0.8937446183525039,0.30960490955506115,7.4305178293214675
22277591,22.910861925249982,0.5441358540347819,0.27424482447144033,6.5818757873145675
22280880,38.33747796003735,0.8264442487569168,0.16389146186739575,3.933395084817498
22283909,10.905100031325155,0.7266119572843147,0.5761694334880918,13.828066403714203
22285549,22.910869018605496,0.5730522740098011,0.2742447395634416,6.5818737495225985
22287451,19.28620229586423,0.27567460326532767,0.32578654992781886,7.818877198267653
2229607,10.923860132813255,0.7167493901347942,0.575179948368806,13.804318760851345
2230438,13.486808057214256,0.7115348184217465,0.46587637938679155,11.181033105282998
22306983,111.2974829773707,0.4270545070739343,0.05645397487072641,1.354895396897434
2230712,13.783390426346589,0.7036266648697485,0.4558519430146477,10.940446632351545
22309292,10.924041635992229,0.747358822507928,0.5751703917420016,13.804089401808039
22315266,10.163145287342754,0.7551912853557123,0.6182323610983604,14.83757666636065
22316675,14.46323809472326,0.7851803735004232,0.43442452278179194,10.426188546763006
22317507,11.401683409357714,0.7026978938169091,0.5510752299982985,13.225805519959163
22318468,25.169269270600648,0.13872401088202763,0.2496371761781244,5.991292228274985
22319996,13.103487963896589,0.6687108710847569,0.47950479479138264,11.508115074993183
22322024,19.210844916793352,0.8380642669163044,0.327064495830013,7.849547899920312
22323193,31.683318583021915,0.10671507632223157,0.19831209570788288,4.759490296989189
22323448,27.60035436643765,0.3759081733697884,0.22764871869978642,5.463569248794874
22338901,12.038015298846158,0.7194995041631567,0.5219452834373643,12.526686802496744
22342092,49.837039154792095,0.5322884109884615,0.12607461064579364,3.0257906554990477
22345256,10.301116446415179,0.4958704713714566,0.6099518765624822,14.638845037499571
22346514,10.366677684239415,0.7431957897196956,0.6060944015585619,14.546265637405485
22356134,12.203980991463492,0.6980287723558912,0.5148471889274969,12.356332534259927
22363963,10.795256436466344,0.634684750398571,0.5820320567795875,13.968769362710098
2237746,47.243457238788274,0.8316002037653917,0.13299588290970596,3.191901189832943
22378268,28.236245082174587,0.24528361540986726,0.22252198509022478,5.340527642165394
22392699,11.634617911514834,0.710428425075401,0.5400422562189249,12.961014149254197
22398360,48.596528440751996,0.524539582360612,0.1292928838495106,3.1030292123882544
22399746,11.841104480313989,0.6123028213068288,0.5306249360121326,12.73499846429118
22401029,52.18550627531141,0.7885248289196859,0.12040096485855338,2.889623156605281
2240118,5.376437607095857,0.688432814243761,1.168652138525145,28.04765132460348
2241015,9.705133960373804,0.7271492915931426,0.6474084059873794,15.537801743697106
22424347,11.063541943487223,0.743354261381843,0.5679180627030849,13.630033504874037
2242766,46.057919889398676,0.6287950143733199,0.13641921568033755,3.274061176328101
2243683,10.837290581197616,0.6879809049088675,0.579774553436883,13.914589282485192
22442519,43.549857970053026,0.7292886850091232,0.1442756784993468,3.4626162839843233
22458998,1.3827210310044056,0.700972133056318,4.544073002647175,109.0577520635322
22459620,54.16544546698171,0.8593368590439375,0.11599988245291372,2.7839971788699294
22466113,40.01533036826874,0.8019041662267432,0.15701945352829103,3.7684668846789844
22468742,54.528647870114966,0.6484918083103567,0.1152272347215702,2.765453633317685
2248787,11.149745126281433,0.7113083042952563,0.5635272587863271,13.524654210871851
2248829,11.825800503245794,0.5906655696401072,0.5313116271033879,12.751479050481308
22489941,13.788133501163788,0.7212826631859636,0.45569513137142553,10.936683152914213
224940,47.655141740027005,0.8324960888356285,0.13184695455227546,3.164326909254611
22499844,15.987898972929933,0.31821781700061164,0.39299631038562494,9.431911449254999
22508727,7.895312307299417,0.05296453378518381,0.7958121303663469,19.099491128792327
2251043,11.773166129863682,0.49351258675739695,0.5336869655853856,12.808487174049255
22515281,21.608019746108234,0.8316813134109929,0.29078024645507994,6.9787259149219185
22517148,18.531104238862607,0.8787270077926552,0.3390615705459564,8.137477693102955
22517285,9.629634568163576,0.6839711312974439,0.6524842934281591,15.659623042275818
22518150,11.111917742035725,0.6918232677799891,0.5654456281124787,13.570695074699488
22518189,8.116568111677276,0.6761680996865135,0.7741184723306875,18.5788433359365
22518636,22.1241622514756,0.8681385175151737,0.28399652993688024,6.815916718485125
2252873,8.931643045196438,0.5011015432155707,0.703474744275497,16.88339386261193
22529369,18.621253318484708,0.6281372277284336,0.33742010807309486,8.098082593754278
22530805,10.061625307826365,0.7876046243736753,0.6244702138025607,14.987285131261459
22531626,11.952089926233844,0.746852982117216,0.5256976266040734,12.616743038497761
22531805,19.8234468339871,0.7136584183334465,0.3169572557082822,7.6069741369987725
22532172,12.064910868396504,0.7361881175581432,0.5207817426681626,12.498761824035903
22542105,10.944480677287464,0.7375793380320894,0.5740962492828707,13.778309982788898
22542640,14.750035720728388,0.6346272574873743,0.425977633284627,10.223463198831048
22560414,2.089134578084973,0.7814611148639964,3.007554119820818,72.18129887569964
22571231,10.258519688400018,0.7074364634667618,0.6124845979760994,14.699630351426386
22574626,14.713610881063266,0.1995159438709943,0.42703217843460717,10.248772282430572
22577615,18.809174398464545,0.9099678019149944,0.33404896855507404,8.017175245321777
22578715,37.79519802362491,0.45800368358390786,0.1662429524314732,3.9898308583553566
22582512,17.282007272327167,0.46894625098550846,0.3635680281908308,8.725632676579938
22587580,44.746740775005776,0.729273452866269,0.14041660237943387,3.369998457106413
22587948,37.79536398641583,0.517631706004536,0.16624222244394443,3.9898133386546664
22588921,37.07965240685982,0.7557326957323287,0.16945103039901158,4.066824729576278
22592060,10.119651646924261,0.5410381763444166,0.6208894857649848,14.901347658359636
22597768,10.574950530594979,0.7574189547146388,0.5941574184201952,14.259778042084685
22598680,16.89097364466259,0.4387839800490508,0.37198479136606916,8.92763499278566
22600602,33.56593713046137,0.23200088783958436,0.18718933074201413,4.492543937808339
22601072,18.84838398115018,0.7359541943685671,0.3333540590781284,8.000497417875081
22601475,24.913062622670264,0.6893451228072912,0.2522044520316039,6.052906848758494
22603370,15.338333867344382,0.8289175497107598,0.40963936249664074,9.831344699919377
22620057,8.756088374681715,0.1527454780268052,0.717579019113998,17.22189645873595
22622841,12.960705070494727,0.12877271755171707,0.4847873069408367,11.634895366580082
22624786,10.250232484316427,0.6523548914584807,0.6129797852676316,14.71151484642316
22626646,44.79816266859344,0.8573375723609329,0.14025542417132492,3.366130180111798
22628469,37.45161019649444,0.872707508413608,0.16776809526250241,4.0264342863000575
22630236,12.60512660556363,0.7560074259548313,0.4984626893319996,11.96310454396799
22632472,9.785779812399161,0.7265007756853149,0.6420730312384936,15.409752749723847
22639551,9.502424836405568,0.7248400572737228,0.6612191535688372,15.869259685652093
2264042,9.587111508801554,0.6504814956538753,0.655378348464106,15.729080363138545
2264447,42.698097106144,0.9129785539265676,0.14715375468747702,3.531690112499448
22650442,2.9172933588767895,0.05561078940613873,2.1537721902601956,51.6905325662447
22656422,10.363348762141445,0.6937648874589435,0.6062890916238209,14.550938198971703
22656713,10.768479956041492,0.6945398397603207,0.5834793148920243,14.003503557408584
22656802,38.908706725717856,0.6118805062844489,0.16148532901574264,3.8756478963778234
22657637,15.136694219112588,0.5368321938604513,0.41509626978168207,9.96231047476037
22660510,11.518356945604863,0.716980846602653,0.5454931928965011,13.091836629516028
22671860,44.365389012600716,0.8833103298967601,0.1416235819637472,3.3989659671299326
22672526,10.776970812735312,0.6742243300007426,0.5830196087897583,13.9924706109542
22672563,21.4110500710826,0.3524174443813371,0.29345526194745347,7.042926286738883
22678238,11.09893539181193,0.706871102462967,0.5661070260680057,13.586568625632136
22682678,10.949453924154191,0.7616975383896193,0.573835494509827,13.772051868235847
22689861,22.770190880408347,0.08006807574481471,0.27593907052336963,6.622537692560871
2269066,38.97972705044609,0.8782656405085852,0.16119110580348922,3.8685865392837413
226947,6.295021095325704,0.08773017776238211,0.9981198175563055,23.954875621351334
22705180,12.887059615304969,0.7440311650564284,0.48755771252253155,11.701385100540758
22708283,22.958817031808916,0.7751982112888854,0.27367199705779166,6.568127929387
22714229,19.16728175856419,0.8559849306886624,0.3278078439250875,7.867388254202099
22717785,12.570730235010208,0.7193002142579693,0.4998265963643507,11.995838312744416
22720792,17.113307225003073,0.8254515811191429,0.3671520194530054,8.81164846687213
22721182,49.024525563122936,0.7117675502863868,0.12816412265100843,3.0759389436242026
22756115,49.5034826220713,0.8594975032905439,0.1269241066360492,3.0461785592651807
22757743,53.87824944928988,0.7477272230331576,0.11661821553971069,2.7988371729530566
22758606,15.678694560675739,0.16291324768595408,0.40074671286336905,9.617921108720857
22761613,17.86520525083656,0.4731595558966475,0.3516995869322782,8.440790086374676
2276533,10.71792703576877,0.7354002695408196,0.5862313940196467,14.069553456471521
22768799,18.32187216142162,0.6402126364400895,0.3429335851610955,8.230406043866292
22780467,10.061769632082664,0.6813347504907168,0.6244612565114993,14.987070156275983
22781073,10.489749885306864,0.5314663728243998,0.5989833290477716,14.375599897146518
22783656,10.879789651719733,0.7963169020075378,0.5775098148323505,13.860235555976413
22791802,20.05628686466025,0.7374313301207858,0.3132775946803363,7.51866227232807
22792891,9.38269233790601,0.6717029059012639,0.6696569684796722,16.07176724351213
22793705,11.191004336577027,0.7083408930902796,0.5614496356366718,13.474791255280124
22797316,9.562609046908662,0.8592847796230181,0.6570576373412206,15.769383296189293
22804366,13.645962301526364,0.7145184713417515,0.46044281585599744,11.050627580543939
2280940,11.172660996998815,0.5985860836389062,0.5623714269024512,13.496914245658829
22820342,52.44938934514458,0.6830057722195872,0.11979520420786828,2.875084900988839
22828215,10.936200809775832,0.6914011923918136,0.5745309012214799,13.788741629315517
22829618,90.02386750142288,0.8540776636833805,0.06979466092234125,1.67507186213619
22839182,10.875349355291766,0.6205535185792812,0.5777456063167563,13.865894551602151
22839233,25.1627501131653,0.37081292894122436,0.24970185209971094,5.992844450393062
22840402,19.434275521357662,0.2203366347159798,0.32330432386196034,7.759303772687048
22843222,17.36603688545359,0.8731654241745043,0.36180881963014866,8.683411671123569
22844472,19.434306931088276,0.286971356730665,0.32330380133744974,7.759291232098794
2284940,12.140108898015795,0.563033719809877,0.5175559263893031,12.421342233343275
22849777,46.86636841838628,0.8404687917311118,0.13406597351619443,3.217583364388666
2285108,10.036520618023372,0.732795521805757,0.6260322223516758,15.02477333644022
22851131,35.301277019869936,0.541391429132058,0.17798747913972027,4.271699499353287
22856184,33.59775481114202,0.7967276066618652,0.1870120590646103,4.488289417550647
22857421,12.882340339531147,0.755840775979865,0.48773632287130386,11.705671748911293
22862090,50.79411794154347,0.7028193456919875,0.12369907307792223,2.9687777538701337
22865691,7.457208264945633,0.6440387173826823,0.8425653520654882,20.221568449571716
2288347,7.770365092648804,0.6693183688670379,0.8086087632000494,19.406610316801185
22886412,57.89612570162585,0.6949410319532366,0.10852514276275901,2.604603426306216
22894803,58.75174391121444,0.598975359077564,0.10694466051381774,2.5666718523316256
22911175,11.136338268229167,0.7175143758194921,0.5642056801655235,13.540936323972565
22911398,1.6976383598583609,0.14236087867025193,3.7011329713966945,88.82719131352067
22922490,13.764324882875522,0.4706022294062231,0.4564833626527245,10.955600703665388
22924523,10.773003573639576,0.6977086776119634,0.5832343101188502,13.997623442852404
22925465,20.79773973907954,0.8843159106724413,0.3021090457908416,7.250617098980198
2292862,45.081948418824226,0.836772521311999,0.13937253218975793,3.34494077255419
2293423,20.329207325097087,0.8654095040720503,0.30907182984074266,7.417723916177824
22935887,39.65097184432135,0.6724565087475561,0.1584623280319279,3.8030958727662694
22939763,12.094163965583787,0.6204066184719746,0.5195220872694937,12.468530094467848
22941137,35.74958062369906,0.6794339751236933,0.17575549691943368,4.218131926066408
22944723,13.394808555567918,0.6892794804512105,0.4690761559684859,11.257827743243661
22944851,10.794142457549171,0.7037938035808088,0.5820921237504396,13.970210970010552
22949764,47.00843910016973,0.7911635686733043,0.1336607942627242,3.207859062305381
22952653,16.96896757895937,0.8594490057741546,0.3702750493182866,8.886601183638877
22955409,32.24779678627539,0.5466711339395458,0.1948407622642208,4.6761782943413
22959674,15.501249461841397,0.679829249890855,0.4053341198492786,9.728018876382686
22962989,17.104186632027435,0.08355289065696014,0.36734779866201756,8.816347167888422
22967575,51.314770444008055,0.776979721180469,0.12244399132673629,2.938655791841671
22969930,32.849130481063746,0.7252583906782413,0.19127402202629382,4.590576528631051
22973284,12.559476519780953,0.7043229803514719,0.5002744578791705,12.006586989100091
22980793,11.628081937356965,0.707987229455239,0.5403458060433773,12.968299345041057
22982845,48.63888924232776,0.8134558148110189,0.129180279505883,3.1003267081411923
22982985,36.362345395022366,0.0594400198545402,0.17279373040771154,4.147049529785077
22989105,19.058116309717146,0.5734439020993128,0.32968553686368174,7.912452884728362
22989158,12.757705135727818,0.5559465435046979,0.49250121713376116,11.820029211210269
22992960,11.537722479983351,0.6083388167543562,0.5445776077627283,13.06986258630548
22995417,11.072840479144174,0.6991204471886393,0.5674411474647395,13.618587539153747
22996418,22.705331854715798,0.8548410015203386,0.27672730561190173,6.6414553346856415
22998833,9.832334548006036,0.7699319281607102,0.6390329048001926,15.336789715204622
23002253,11.580257133456014,0.7172847631463557,0.5425773568556704,13.02185656453609
23002449,8.846111293067244,0.5119141013488658,0.71027653835915,17.046636920619598
23008936,104.01758979707715,0.6572672287867799,0.06040502687513859,1.449720645003326
23011736,1.1467858753583682,0.11480912217706149,5.478952472462311,131.49485933909546
2301515,11.101480701762585,0.6938251684360724,0.5659772309636141,13.583453543126737
23023144,1.8708903446920337,0.12452557210245084,3.358393144208491,80.60143546100377
23031526,16.36834506615461,0.30116840936688055,0.3838619776028271,9.21268746246785
23032545,13.078388321262866,0.7019806842131148,0.4804250457194617,11.530201097267081
23033619,17.56512103291905,0.8366670719583578,0.3577080565174688,8.58499335641925
23034632,9.086696802107529,0.11587463546335776,0.6914707779973788,16.59529867193709
23043856,7.225188043471838,0.7559260187858092,0.869622391746139,20.870937401907334
23051985,6.479294479808159,0.109218926895911,0.9697329434184971,23.27359064204393
23055332,17.253078241394178,0.7821292420557375,0.3641776394489855,8.740263346775652
230554,67.48598088582065,0.6923008053718972,0.09310356350617605,2.234485524148225
23056331,36.89772684900341,0.828243699243069,0.17028651474634926,4.086876353912382
23071423,9.531284757133314,0.6262631821033261,0.6592170381308967,15.821208915141522
23073893,11.701928286466854,0.7166755722763323,0.5369358923901472,12.886461417363531
23074578,40.40426118458548,0.7289157887388547,0.1555079866075281,3.7321916785806746
23076584,107.55285253021279,0.8216109769163721,0.058419513377523574,1.4020683210605658
23079661,3.797891030722527,0.11389850526290966,1.6543879896375664,39.70531175130159
23085525,18.796547422378076,0.7281161081102682,0.33427337297588977,8.022560951421355
23085978,48.44610130191745,0.7267100272424413,0.12969434357622714,3.1126642458294516
23086777,11.873730204982241,0.6926023790012554,0.5291669255330687,12.700006212793648
23087816,10.053766958175931,0.6443467704074317,0.6249583199330048,14.998999678392114
23091164,56.00204127196046,0.5997184266723873,0.11219564795266669,2.6926955508640007
23109894,34.073832057138084,0.5278297774108736,0.1843991393936371,4.425579345447291
23119208,18.089069741021515,0.3734382306532933,0.34734706632983364,8.336329591916007
23121563,47.910521424619276,0.8674413604468864,0.13114416458742426,3.147459950098182
2313352,8.339021678093188,0.73047165982438,0.7534679186271535,18.083230047051682
23135759,15.601390662468791,0.7196634131435689,0.4027323873309973,9.665577295943935
23140598,13.654893474207851,0.6766117130659103,0.4601416568388196,11.04339976413167
23148132,18.501948563099255,0.7760810276234469,0.3395958693621561,8.150300864691745
23148883,16.105356851446118,0.6421203676995733,0.39013015142321494,9.363123634157159
23150330,33.154680434540104,0.7042540615660118,0.18951126130094886,4.548270271222773
23157611,45.66598982489504,0.8015043817124442,0.1375900386977767,3.3021609287466407
23157974,11.268858042591267,0.5967052809633797,0.5575707213128378,13.381697311508107
23159004,4.479315391410573,0.2519761325446419,1.4027110748281022,33.665065795874455
23160643,6.297784201783292,0.7276707844304726,0.9976818998339809,23.944365596015544
23163658,10.629769430230827,0.7180711401862593,0.591093282730136,14.186238785523262
23164890,11.323881586688241,0.6857228822972926,0.554861445616472,13.316674694795328
23166739,11.563604243715039,0.7341904059105361,0.5433587292296496,13.04060950151159
23167118,19.484366362930988,0.902876595946704,0.322473165929242,7.7393559823018085
23169444,58.90025058685513,0.7431466888899231,0.10667501826523325,2.560200438365598
23178411,4.490361852184328,0.14901064473270303,1.3992603522861178,33.58224845486683
23182010,9.708664691603744,0.6897476473256516,0.647172964229923,15.532151141518153
23184808,18.54420372084342,0.8388795401277372,0.33882206007677623,8.13172944184263
23184879,22.99675205460996,0.4736863301475401,0.27322055272235934,6.557293265336624
23186851,9.818859245522468,0.791955734361631,0.6399099070541013,15.357837769298431
23193507,19.579687004193676,0.6279250351109348,0.3209032557994324,7.701678139186377
23199703,9.595011407421945,0.7053093478116143,0.6548387532212218,15.716130077309323
23202141,38.55663270395878,0.7279583969444743,0.16295990771347788,3.911037785123469
23205293,48.83523897279221,0.8677282916369325,0.1286608899503935,3.0878613588094437
23206575,10.224836205803848,0.7466691139388937,0.6145022942874242,14.748055062898182
23211310,12.623359833785573,0.608155136673263,0.4977427079566459,11.945824990959501
2321260,11.031697644866865,0.7199273639023631,0.5695574252892257,13.669378206941417
23214608,6.287593581814418,0.3814405974412813,0.9992988931969805,23.983173436727533
23214839,22.130954530729923,0.9242659476386376,0.2839093676892731,6.813824824542555
23218013,13.87390140930476,0.1720674946786275,0.4528780421465057,10.869073011516136
23223856,17.010731558252292,0.6233888047473662,0.3693659667524099,8.864783202057838
23228605,49.66591999804267,0.7628673158783807,0.12650898860681944,3.0362157265636665
23230392,10.438692537327604,0.7538167229723721,0.6019130542174332,14.445913301218397
23230522,8.790384753034578,0.5514620420506856,0.7147793280618954,17.154703873485488
23233881,16.264146627782047,0.26292943671898256,0.3863212408849531,9.271709781238876
2323566,66.54619169155579,0.549246539606948,0.09441840543336269,2.266041730400705
23241087,39.5809763183449,0.46528181046594125,0.1587425549244845,3.8098213181876277
23245985,39.554891095269326,0.49292742571723197,0.15884724071281897,3.8123337771076553
23247678,44.36416978540522,0.8558060386717483,0.141627474098402,3.399059378361648
23247863,13.892966125983165,0.14623178964049768,0.4522565771918589,10.854157852604613
23248355,11.813206342176704,0.7199010802740358,0.5318780630070536,12.765073512169288
23252474,13.911260251225118,0.7171809186981278,0.45166183319920616,10.839883996780948
23253217,48.158173153022965,0.7791188624007142,0.1304697602879311,3.1312742469103467
23260397,27.644344175124857,0.8994581442318641,0.22728646653275897,5.454875196786215
23262814,9.706418340317205,0.7093674789077717,0.6473227391283294,15.535745739079905
23266674,10.822781721093083,0.6605052785756945,0.5805517905746874,13.933242973792499
23266692,12.44723549308244,0.7092402260264412,0.5047856056609092,12.114854535861822
23267056,45.99599594414111,0.7716808908442395,0.1366028754939902,3.2784690118557647
23270181,10.077105021704217,0.7492877862458993,0.6235109481985918,14.964262756766203
23275080,10.003089126401166,0.6629094554408285,0.6281244951218486,15.074987882924368
23277068,44.14576141188076,0.7678727817410128,0.14232816710436483,3.415876010504756
23277607,2.9150504591463373,0.7454163046170147,2.155429346845542,51.730304324293
23281199,52.68714379793922,0.8317629841437516,0.11925461989885555,2.8621108775725332
23283975,1.1154856696407893,0.8062210035185875,5.6326902964185175,135.18456711404443
23287933,22.667057129444473,0.879392208589007,0.2771945767506686,6.652669842016047
23291585,10.027599300612259,0.8109152266576886,0.626589188380907,15.03814052114177
2330973,35.628401675901834,0.297930091046979,0.17635327468055847,4.232478592333403
23316035,11.983576794038472,0.7006549974707645,0.5243163552225336,12.583592525340807
2332095,12.571752495450651,0.479901249353287,0.4997859534264047,11.994862882233713
2332637,22.58925215212597,0.8357176798352006,0.278149328046181,6.6755838731083434
23327381,11.33877103105077,0.2959878547590687,0.5541328323830982,13.299187977194357
2333087,11.39343977938096,0.6811300994319772,0.5514739559645937,13.235374943150248
23331432,19.443392300968963,0.350676072211444,0.32315273023969504,7.755665525752681
23333886,13.552113758876649,0.7127684908622168,0.4636313876176027,11.127153302822464
23336660,12.585925689225952,0.13719612176538676,0.4992231372030299,11.981355292872717
23337831,10.664988963850233,0.8130549732376671,0.5891412854225079,14.139390850140188
23338752,8.6269972899193,0.750371447567465,0.7283165968443652,17.479598324264764
23341037,14.199165441474628,0.7738204901954984,0.44250384524902453,10.62009228597659
23341662,52.21404445031944,0.838053118742764,0.12033515835299646,2.888043800471915
2334384,11.314177136652273,0.6692124527682247,0.5553373640249285,13.328096736598283
23345031,7.811766433108966,0.7837224208984777,0.8043232425062372,19.30375782014969
23350171,6.296968370503639,0.49957283646213135,0.997811158876291,23.947467813030983
23350838,15.879844074260651,0.20050770067805254,0.3956704661454382,9.496091187490517
23350921,10.367746722282115,0.5558053444211257,0.6060319060144393,14.544765744346545
23352177,29.532271579980225,0.3536634772348777,0.21275658698191457,5.10615808756595
23353934,16.535091211891466,0.6723092656294243,0.379990967492271,9.119783219814504
23355528,22.0917955649645,0.5175266097464054,0.28441261321212497,6.825902717090999
23361185,4.045055992427254,0.18945757159689408,1.5532999589974361,37.27919901593847
23363752,22.91786817841251,0.7886066827816953,0.2741609847070346,6.579863632968831
23374655,25.306512586813376,0.46439213538370844,0.24828333361324567,5.958800006717896
23375937,10.18670647983522,0.6004161263956583,0.6168024296780585,14.803258312273405
23378473,17.17376723793639,0.4669572826092934,0.36585946578454837,8.78062717882916
23379106,13.595275360495727,0.7637241626468796,0.4621594738299204,11.09182737191809
23384908,12.109256346827774,0.7502278854380781,0.5188745805043242,12.452989932103781
23389584,16.944909142355282,0.8008898680947849,0.37080076702649384,8.899218408635852
23389610,11.9674295726699,0.7000543251273722,0.5250237963821854,12.60057111317245
23390502,12.35773093179105,0.746387137535505,0.5084416663431061,12.202599992234546
23399924,6.3020165320302715,0.6848926376715216,0.9970118731433066,23.92828495543936
23403983,31.770087756121335,0.36442183954643564,0.1977704737680168,4.746491370432403
2340795,10.502883073737081,0.7016663179785138,0.5982343384257001,14.357624122216802
23412027,43.57652693452656,0.8146908114250627,0.1441873813537281,3.4604971524894745
23413190,10.848386579124618,0.6882635691917605,0.5791815456936447,13.900357096647472
23413324,6.2966299920965865,0.37517433960148777,0.9978647808535874,23.9487547404861
2341370,10.834900823453134,0.736193901144532,0.5799024291555172,13.917658299732413
23425255,11.528187191800047,0.6580509096912606,0.5450280432337871,13.08067303761089
23430163,56.075066736630255,0.6251074204245185,0.11204953775070914,2.6891889060170193
23430256,17.464630873528396,0.8482906130941706,0.35976628150230056,8.634390756055213
23432391,10.008596357596522,0.7727877830104375,0.6277788695525373,15.066692869260894
23434892,13.844831348722316,0.7308049137977496,0.45382895240247445,10.891894857659388
23435891,25.59705347355176,0.6081220871349731,0.24546517878206991,5.891164290769678
23442384,12.404087472335082,0.7142478379365865,0.5065415187689555,12.156996450454931
23442649,11.598226052071476,0.6716009164001359,0.5417367517213886,13.001682041313327
23457304,1.9211113453083413,0.5787538755110652,3.2705992406552187,78.49438177572524
23458300,10.628460768802563,0.5598588060815215,0.5911660628811325,14.187985509147179
23459192,11.4552289396923,0.7415323581265356,0.5484993220352311,13.163983728845547
23459557,13.731164400494778,0.7491866554591012,0.45758576067687184,10.982058256244924
23465924,11.000983062351658,0.7226838123086933,0.5711476212232657,13.707542909358377
23482987,51.00592466425703,0.5283494532574745,0.12318540147126474,2.9564496353103538
23482997,51.00602720226753,0.5161896934934779,0.12318515383021754,2.956443691925221
23483000,51.00592466425703,0.514755275946076,0.12318540147126474,2.9564496353103538
23483008,51.00592466425703,0.5209126991544452,0.12318540147126474,2.9564496353103538
23483012,51.00592466425703,0.5257285893307289,0.12318540147126474,2.9564496353103538
23483037,51.00592466425703,0.5254718272337136,0.12318540147126474,2.9564496353103538
23483065,51.00592466425703,0.5569418037992683,0.12318540147126474,2.9564496353103538
23483071,51.00602720226753,0.4990984264581873,0.12318515383021754,2.956443691925221
23483079,51.00592466425703,0.5082195079566311,0.12318540147126474,2.9564496353103538
23483080,38.42244133176893,0.46231393382081176,0.16352904941478674,3.924697185954882
23483081,51.00592466425703,0.5317375719381058,0.12318540147126474,2.9564496353103538
23483085,51.00592466425703,0.5338986796624469,0.12318540147126474,2.9564496353103538
23483098,51.00602720226753,0.5197343882098209,0.12318515383021754,2.956443691925221
23483107,38.42236409146404,0.4468556495333809,0.16352937815649576,3.9247050757558983
23483134,51.00602720226753,0.5200955440676774,0.12318515383021754,2.956443691925221
23483141,51.00592466425703,0.5404587656502037,0.12318540147126474,2.9564496353103538
23483192,51.00592466425703,0.5333538677881356,0.12318540147126474,2.9564496353103538
23483198,51.00592466425703,0.5218588053200791,0.12318540147126474,2.9564496353103538
23483217,51.00592466425703,0.5184261890142333,0.12318540147126474,2.9564496353103538
23483219,38.42251857207383,0.4708135582983617,0.16352872067439947,3.924689296185587
23483228,51.00592466425703,0.5112390024730189,0.12318540147126474,2.9564496353103538
23483233,51.00592466425703,0.5189240539240555,0.12318540147126474,2.9564496353103538
23483234,51.00592466425703,0.5204826744206363,0.12318540147126474,2.9564496353103538
23483238,51.00592466425703,0.5190654224866145,0.12318540147126474,2.9564496353103538
23483240,38.42264471688226,0.41092928546081087,0.16352818379570996,3.924676411097039
23483244,51.00592466425703,0.5311095668448683,0.12318540147126474,2.9564496353103538
23483258,51.00592466425703,0.5196429724315925,0.12318540147126474,2.9564496353103538
23483261,51.00592466425703,0.5275909803405545,0.12318540147126474,2.9564496353103538
23483271,51.00602720226753,0.5200584740519731,0.12318515383021754,2.956443691925221
23483279,51.00612974027804,0.5550370637905762,0.12318490619016599,2.956437748563984
23483298,51.00592466425703,0.5169653155722919,0.12318540147126474,2.9564496353103538
23483303,51.00592466425703,0.529962157458297,0.12318540147126474,2.9564496353103538
23483320,51.005890737164265,0.4984523949454505,0.12318548340930136,2.9564516018232325
23483325,51.00602720226753,0.5182600012088824,0.12318515383021754,2.956443691925221
23483330,51.00592466425703,0.5197964760683101,0.12318540147126474,2.9564496353103538
23483350,51.00602720226753,0.5339835057632689,0.12318515383021754,2.956443691925221
23483365,51.00592466425703,0.521270327254582,0.12318540147126474,2.9564496353103538
23483381,51.00592466425703,0.5087492681053054,0.12318540147126474,2.9564496353103538
23488126,10.63019562287505,0.6114310849961262,0.5910695842378328,14.185670021707988
23495682,6.2865503181225995,0.24892051818257308,0.9994647285438386,23.987153485052126
23500879,17.70739196106854,0.6894000010063681,0.3548340332101866,8.516016797044479
23501055,24.180312513792895,0.777350152882401,0.25984715059391983,6.236331614254076
23508801,12.54346416270093,0.7072723885891177,0.5009130831547459,12.021913995713902
23509389,22.542883755336664,0.6550176264176596,0.27872145264876075,6.689314863570258
23510796,19.12397209977808,0.9150194487123807,0.328550223478547,7.885205363485128
23510864,17.517279149996316,0.8690357443555841,0.3586850020130499,8.608440048313199
23515007,21.636009871012305,0.7869553313967514,0.29040406917163275,6.969697660119186
23520772,9.882048072105905,0.7961312106823977,0.6358181281181132,15.259635074834717
23523587,6.302914118275069,0.7534840299526842,0.9968698905418558,23.92487737300454
23526938,12.156010410269486,0.7181426441268686,0.5168789014750683,12.40509363540164
23537879,19.810165312066975,0.8424084280277979,0.3171697564458135,7.612074154699524
23541336,38.88616288603065,0.763900385799656,0.16157894841912365,3.8778947620589674
23541639,11.968352002735186,0.7362558664865347,0.5249833315182959,12.599599956439102
23541883,6.287508715077487,0.3068120153445832,0.9993123814067195,23.98349715376127
23555046,12.215545308549684,0.6556958103391093,0.5143597889798642,12.34463493551674
23575695,3.3945554415879666,0.22549097536822912,1.8509596956944454,44.42303269666669
2357763,12.050254128767884,0.8019318798724095,0.5214151701730153,12.513964084152366
23580243,39.58104550632505,0.40880328397123655,0.1587422774412448,3.8098146585898753
23580474,39.58104550632505,0.6650518981323041,0.1587422774412448,3.8098146585898753
23581289,39.58115506512424,0.27365260379339423,0.15874183804999234,3.8098041131998164
23582036,46.49172693188079,0.7677842518615836,0.13514630928607246,3.243511422865739
23582798,45.34814526769081,0.7730572947314259,0.13855440547986791,3.32530573151683
23589682,18.496547010315133,0.9360261447053888,0.3396950416569961,8.152680999767906
23593788,48.26710065447189,0.6571936214068993,0.1301753207046518,3.1242076969116432
23594389,16.033018083286024,0.815827973763637,0.3918903649045112,9.405368757708269
23594608,43.039934768233756,0.8868758577895014,0.14598500999162717,3.503640239799052
23596342,23.00630553509553,0.5818171453273009,0.2731070965564092,6.554570317353821
23598918,12.20996630020525,0.7384314109447271,0.5145948115412871,12.35027547699089
23603002,14.936868035594879,0.8833737968156613,0.42064944888089123,10.09558677314139
23604060,13.394722304251648,0.7176843804348915,0.4690791764443841,11.257900234665218
23614288,5.673628098891725,0.1781168427771962,1.107436934121031,26.578486418904745
23614798,52.081295583415965,0.9451879531055746,0.12064187798700451,2.895405071688108
23616106,48.33919136006465,0.7837602201672099,0.1299811835985827,3.1195484063659853
23620712,29.01760966816598,0.6731102874925204,0.21653007877049946,5.196721890491987
23623155,43.86803510158156,0.8373645142995758,0.14322923952782787,3.437501748667869
23624228,17.24002824251534,0.6293497963182101,0.3644533070824519,8.746879369978846
23625382,12.117803415530366,0.06355648246691317,0.5185086019077482,12.444206445785955
23625796,23.137785845886782,0.6925744921968839,0.2715551673366599,6.517324016079838
2362884,15.204113398830664,0.6694305006751297,0.4132556198681615,9.918134876835875
23630974,45.66548431874354,0.5516544258540744,0.1375915617870855,3.302197482890052
23631134,10.28757884765316,0.2699765088403756,0.6107545225388896,14.658108540933352
23634524,9.047995511731846,0.7031604962374713,0.6944284288196937,16.666282291672648
23637760,8.024794294587213,0.1457043423548138,0.782971510113056,18.791316242713343
23639331,35.90415297556695,0.5279558823163618,0.1749988451602059,4.199972283844941
23640732,28.682679074275352,0.4760649001905276,0.21905852277288804,5.257404546549313
23653133,13.635690364636687,0.09898444909409615,0.460789673214833,11.058952157155993
23653629,14.21374901676129,0.6709018009447321,0.44204982793563197,10.609195870455167
23654120,12.436994035916381,0.7780064886569162,0.5052012800709387,12.124830721702528
23663191,9.676743434137924,0.7150856234024658,0.6493078327377747,15.583387985706594
23664166,6.287653130780654,0.27657005918351885,0.9992894290591198,23.982946297418874
23672122,3.2931355686978994,0.06083109991986639,1.907964362871325,45.7911447089118
23675270,23.88449052633484,0.6434164481705655,0.2630654943320561,6.313571863969347
23677497,11.338987630908704,0.3679753674757363,0.5541222472147677,13.298933933154423
23680200,11.338708881127538,0.21670326339790633,0.5541358697053679,13.29926087292883
23681376,5.039176585036908,0.2558726083715975,1.2468674596235778,29.924819030965867
23682494,11.339011648134116,0.33061318233369263,0.5541210735252672,13.298905764606413
23682925,5.03877116373518,0.3243635890765723,1.2469677830183377,29.927226792440102
23683047,110.90575862422506,0.5681148692786763,0.05665337296387381,1.3596809511329715
23684949,5.038811678234378,0.3241148333303655,1.2469577567902363,29.926986162965672
23686677,47.70457294166311,0.6403627493993782,0.13171033550312164,3.1610480520749196
23697007,23.54506098370447,0.6024928070511459,0.26685789055837134,6.404589373400912
2370027,52.379559477449945,0.8357201103582137,0.11995490931695552,2.8789178236069324
23706912,26.580341429842083,0.7477820017680438,0.23638467262596466,5.673232143023152
23707868,10.007038266348362,0.7072749659170108,0.6278766144333296,15.069038746399912
23708638,7.4235623679856255,0.4926782728530219,0.8463841206852446,20.31321889644587
23711274,19.28135375057051,0.3331954698333142,0.3258684731612102,7.8208433558690444
23713423,13.241031575028448,0.5996468185927287,0.4745238519806254,11.38857244753501
23720916,37.86518732740414,0.8253074756101564,0.1659356720686883,3.9824561296485195
23723507,9.266193211214837,0.6799841749940615,0.6780762243954801,16.273829385491524
2372562,16.35275306558644,0.4691307253747085,0.3842279817948354,9.22147156307605
23729154,48.88930690037827,0.7857945882565297,0.12851860060079867,3.084446414419168
23732479,19.952705422067048,0.5997999082897275,0.3149039277766606,7.557694266639855
23733053,13.037012043572025,0.5044794304190562,0.48194979694580764,11.566795126699382
23733880,6.908478279020797,0.435466695968118,0.9094890442458133,21.82773706189952
23734166,47.917085548318546,0.8121077837319642,0.131126199251909,3.147028782045816
23736089,21.77861833735598,0.921205378420539,0.28850247567828,6.924059416278721
23743120,13.240685485371525,0.19826547023608682,0.4745362552506309,11.388870126015142
23744822,18.380432762410155,0.8694872612789588,0.3418409886425164,8.204183727420393
2374717,10.532327559433156,0.49332251325912096,0.5965618968574639,14.317485524579133
23751075,15.023642721109097,0.22058498004317997,0.4182198301581908,10.03727592379658
23751553,9.923351336678593,0.7627973417417208,0.6331717072190862,15.196120973258068
23753803,10.454362674905514,0.7415361063185563,0.6010108413649781,14.424260192759473
23756018,6.304622419336871,0.2901520337909685,0.9965997785860204,23.91839468606449
23763356,12.580728731916519,0.27668086094004535,0.4994293606569498,11.986304655766796
23767174,17.03421862095894,0.8177636380368591,0.3688566788410677,8.852560292185625
23769590,23.137000706362386,0.692782043778126,0.2715643823899694,6.517545177359265
23780863,42.14209592910301,0.6164970752153064,0.14909522577495882,3.5782854185990116
23782681,38.30199427656815,0.7339521457810413,0.16404329398125944,3.9370390555502266
23784991,19.97176346297496,0.19738385869982505,0.31460343093026266,7.550482342326304
23787710,9.645467536605452,0.7546816978570925,0.6514132449603205,15.633917879047692
23791415,12.52562020517627,0.7269869136112024,0.5016266822925887,12.039040375022129
23795703,110.09354720689407,0.43656872227019916,0.057071331304929855,1.3697119513183165
23796115,24.223784535582393,0.3887985835272765,0.25938082870371454,6.225139888889149
23799135,49.270377411108846,0.8260443845947979,0.1275246027598509,3.0605904662364214
23799835,14.544096378030433,0.6463107778863831,0.4320093283121146,10.368223879490749
23800630,9.643693647466892,0.6918153102814127,0.6515330678126622,15.636793627503891
23802328,3.8049925224722956,0.2214325185951082,1.6513003035015386,39.631207284036925
23805638,13.578157691785433,0.7187911403606778,0.46274210756742146,11.105810581618115
23809413,40.44117139866051,0.12986790066979442,0.15536605617184712,3.728785348124331
23823321,24.261788626398832,0.7310819499471956,0.2589745300287944,6.215388720691065
23835292,40.82894520544664,0.7665526229203203,0.15389046362974376,3.69337112711385
23836065,18.521853574358452,0.7141561353118925,0.3392309134695888,8.14154192327013
2383627,10.128768724759965,0.5570489720703149,0.6203306125274854,14.88793470065965
23837192,51.19315999555402,0.4807946906912538,0.12273485965166564,2.9456366316399754
23837913,6.862074312930515,0.21356118578098585,0.9156393563590383,21.975344552616917
23840147,38.11624376685519,0.812479056345883,0.16484272022216592,3.956225285331982
23842791,117.44055084718076,0.5503367674146227,0.0535009863446193,1.2840236722708631
23842835,12.58785057514837,0.5271081725340245,0.49914679791196426,11.979523149887143
23843389,6.287540167839434,0.41528156869254684,0.9993073824510701,23.983377178825684
23845414,6.287516139265003,0.4893502026169391,0.9993112014363874,23.9834688344733
23846316,10.680791062610338,0.6506233410281934,0.5882696581505831,14.118471795613994
23846775,31.973669808060592,0.8255474660136635,0.19651123392772354,4.716269614265365
23846829,93.04359231365868,0.7175365664505046,0.06752947893497468,1.6207074944393924
23847927,17.894808314485207,0.5807480892731558,0.3511177765505078,8.426826637212187
23849325,20.276069638693016,0.8262815388449021,0.3098818172921109,7.437163615010661
23849616,36.97837975163508,0.8074465188159681,0.16991510578290714,4.077962538789771
23852287,11.09777754139051,0.715455803730124,0.5661660889980614,13.587986135953475
23854876,17.31118325498485,0.7645540951582669,0.36295527663427096,8.710926639222503
238576,40.75009218252805,0.8122109273105255,0.15418824769857958,3.70051794476591
23857672,9.352303414334152,0.7125935240150295,0.6718329195296884,16.123990068712523
23862379,10.22778729993234,0.3686887978164224,0.614324987695154,14.743799704683695
23864050,2.356242772648487,0.19006151061565804,2.6666120232242023,63.99868855738086
23864723,42.61081394003027,0.8218795943814522,0.14745518158893736,3.538924358134497
23867624,20.581854578062174,0.9316013617724662,0.3052778982257857,7.326669557418857
23876082,10.653289987363385,0.6968095815284385,0.5897882545798071,14.154918109915371
23878046,6.288116741553097,0.28809282023516763,0.9992157533684255,23.981178080842213
23884266,44.07198007084582,0.8682620225153896,0.14256644010728245,3.4215945625747786
23896086,11.499328871410142,0.8738094568270972,0.5463958268730765,13.113499844953836
23896347,6.930525567270311,0.3577392763606723,0.9065957907798774,21.758298978717058
23898397,11.159795693503748,0.6221693010680613,0.5630197433486264,13.512473840367033
23900947,8.633445532783616,0.7791061006297114,0.727772623724858,17.466542969396592
2390130,12.493632857232798,0.7393165488342127,0.5029109930617285,12.069863833481485
23906277,6.298270531123521,0.8402147388912296,0.9976048624984606,23.942516699963054
23914993,41.91395616923827,0.8096022332685993,0.14990675854623758,3.597762205109702
23922488,39.61078226207195,0.7020878029100263,0.15862310584044817,3.8069545401707563
2392422,10.043893366268014,0.49390380056358724,0.6255726816337372,15.013744359209694
23924859,42.11460296561118,0.6394490117930849,0.14919255708786194,3.5806213701086866
23928707,2.950879262234867,0.8183788867179983,2.1292586882802436,51.102208518725845
23931282,17.260839381614055,0.6600956321401484,0.3640138911131011,8.736333386714428
23936387,10.935384455574013,0.7420978462376274,0.5745737914113211,13.789770993871707
23939214,12.53330766681468,0.7489824713955887,0.5013190032680692,12.031656078433661
23950108,11.573332158745977,0.699345709392107,0.5429020113651001,13.029648272762401
23950894,42.01997482833326,0.8289771961412017,0.149528535722562,3.5886848573414882
23954222,34.5833246068933,0.8615563374052071,0.18168251255771964,4.3603803013852716
23956577,10.99586112345497,0.6477838455047499,0.5714136652542015,13.713927966100835
23957009,18.402173649681142,0.23686858706856034,0.34143712730851533,8.194491055404368
2395704,33.32764505681862,0.7383285823839172,0.18852773115135202,4.524665547632448
23958504,3.3754593346906647,0.5623144275602792,1.8614311962242591,44.674348709382215
23959372,11.162308511759509,0.7410008013694422,0.5628929983936782,13.509431961448279
23966564,6.298907472249937,0.5357055074274375,0.9975039853911786,23.940095649388287
23968149,16.60186637475715,0.47746019925453936,0.3784625875999737,9.08310210239937
2397296,12.85397570738582,0.7431590143059698,0.4888126016582795,11.731502439798708
23973528,44.291759609586926,0.6441390472581768,0.1418590131113146,3.4046163146715505
23976465,11.547961968943897,0.7372143761939955,0.5440947349910789,13.058273639785892
23978324,13.473978447739233,0.6417358909758959,0.46631997605976777,11.191679425434426
23985254,42.994645286642395,0.08379814337445289,0.14613878694172297,3.507330886601351
23997591,41.195893662890434,0.7053728998979973,0.1525196991378664,3.6604727793087934
24010683,10.676480182819926,0.6957974248670157,0.5885071858504625,14.1241724604111
24011670,11.933143460855394,0.5834800729966452,0.5265322861315197,12.636774867156472
24019356,12.14205813041683,0.6756079173684694,0.517472840246062,12.419348165905488
24020106,11.584219579995759,0.6219851569895751,0.5423917652622644,13.017402366294345
24028630,10.214636077457243,0.32507230707755186,0.6151159238111278,14.762782171467066
24030775,12.44190441237862,0.06982041348560782,0.5050018951221293,12.120045482931104
24036222,37.050322632079435,0.48601546252104894,0.1695851712162795,4.070044109190708
24036370,6.298497912558981,0.7636410306945608,0.9975688480663204,23.94165235359169
24037860,24.466272137750323,0.2393190507763987,0.2568100800891903,6.163441922140567
24039662,11.49527709999885,0.17965721121264083,0.5465884164880388,13.118121995712931
24047958,9.835766657163026,0.7380545823204833,0.6388099195708119,15.331438069699486
24050838,17.92683070661221,0.5714431117719473,0.3504905808510853,8.411773940426048
24050914,10.226179923722945,0.6280294499519854,0.614421548813521,14.746117171524503
2405301,10.275814961298378,0.768887437384098,0.6114537222443025,14.674889333863259
24056365,9.479465183706475,0.6561613171148656,0.6628206534245488,15.907695682189171
24056740,48.94244525371383,0.8044208813142608,0.12837906391084553,3.0810975338602926
24061070,11.167500602316185,0.6836865940927312,0.5626312933331231,13.503151039994954
24062105,23.82719805761701,0.3986337557010404,0.26369803499287214,6.328752839828931
24062437,10.6724255090091,0.7065154290786487,0.5887307718264843,14.129538523835622
24066534,10.870918310732508,0.5822478017122062,0.5779810985219528,13.871546364526868
24066588,5.041972055876779,0.8670534736739097,1.246176146465565,29.908227515173557
24068138,39.919138175109666,0.6553979230072513,0.15739781955255913,3.777547669261419
24069138,23.626359864950523,0.1196385417449065,0.2659396260403462,6.3825510249683095
24071693,16.872613454424364,0.7394307310978487,0.37238957225870656,8.937349734208958
24072963,7.467767870414238,0.6949384489961178,0.8413739441570319,20.192974659768765
2407483,9.134090783473388,0.7098764599255478,0.6878829492857637,16.509190782858326
24074845,6.301689180159453,0.4710743651745767,0.9970636646062891,23.92952795055094
24075705,6.2868592203686795,0.5279571216098171,0.999415620254834,23.985974886116015
24079864,10.589907324979256,0.10817329300740705,0.5933182524042432,14.239638057701836
24080151,6.276725655732396,0.5159003248595524,1.0010291435059442,24.024699444142662
2408399,12.005888539749963,0.7129874840148784,0.5233419656010267,12.560207174424642
24085173,56.80040492298055,0.7123980627628221,0.110618671041155,2.65484810498772
24088003,21.928633675202374,0.23380399630672724,0.28652880978557366,6.876691434853768
24088670,18.908961110431544,0.3054241781252354,0.33228611928940555,7.974866862945733
24089371,48.4766621206097,0.8416659699771256,0.12961258123645253,3.1107019496748607
24092990,10.864922963876236,0.7435485309869558,0.5783000328736762,13.879200788968227
24093133,10.675157839396068,0.6248686825881867,0.5885800848762952,14.125922037031085
24095807,12.408246763481841,0.7417312355470992,0.5063717241400574,12.152921379361377
24096912,19.04011923147986,0.8033981321621578,0.3299971618240353,7.919931883776847
24105592,17.56134046543194,0.7943868668703107,0.3577850631361269,8.586841515267047
24107664,9.649857619222239,0.6421257046063663,0.6511168926123492,15.62680542269638
24111769,18.11229669661794,0.7866049111691219,0.3469016333170397,8.325639199608954
24113271,39.34616705552378,0.8786858594952,0.1596898955446664,3.8325574930719934
24113462,2.294230043074706,0.4622258079823257,2.738690187649587,65.72856450359009
24114625,10.28918273236808,0.19633358973889936,0.6106593177137108,14.65582362512906
24116401,10.877012569805554,0.7887891266594876,0.5776572626772196,13.86377430425327
24119124,12.922671515516415,0.7685119528965043,0.48621411599260156,11.669138783822437
24124752,6.298714346407069,0.6209865654611904,0.9975345700132694,23.940829680318465
24126131,17.803918422170614,0.8944245077731914,0.35291025032755424,8.469846007861301
24136426,17.81733877299979,0.6992726995621268,0.3526444317655934,8.463466362374241
24136755,11.034569481601585,0.47278358915133967,0.5694091933224774,13.665820639739458
24136761,6.069694909253742,0.4595441952862496,1.0351731678639005,24.84415602873361
24139748,31.021198018523247,0.661853526476357,0.20254489537856651,4.861077489085597
2414841,11.227895717154567,0.6855674199551978,0.5596048863884447,13.430517273322675
24151584,6.2882997772347,0.6388823103410934,0.9991866688554465,23.980480052530716
24153038,10.19872533738419,0.6687232928518863,0.6160755485931267,14.785813166235041
24153314,12.581097010224529,0.5949707389448106,0.4994147411845967,11.985953788430322
24160323,6.297722594714872,0.43370379131360437,0.9976916595933447,23.94459983024027
24163451,38.78320793594388,0.7101443347229311,0.16200788025470153,3.8881891261128367
24164684,9.855256109535741,0.6665917821708051,0.6375466286563681,15.301119087752834
24166005,6.787138580106505,0.3728479128845899,0.9257487869182406,22.217970886037776
24168237,21.455266228284454,0.645764863878877,0.29285049368888605,7.028411848533265
24170603,11.924567533260978,0.670946244443479,0.5269109583768142,12.64586300104354
24185328,10.793168168541426,0.6111721994656506,0.5821446686518817,13.971472047645161
24191273,1420.2570149994729,0.37838499388913077,0.004423977660960131,0.10617546386304315
24192071,8.749274011325804,0.6021940348578029,0.7181379048188566,17.23530971565256
24192279,13.360985059973103,0.753272540743006,0.4702636279418334,11.286327070604003
2419376,10.548107183933501,0.6720624779150559,0.5956694597064683,14.29606703295524
24198561,6.304579037039379,0.46393286721687615,0.9966066362664177,23.918559270394024
24199965,21.393314009977974,0.8837139172608344,0.29369855012874907,7.048765203089978
24203529,12.579394544339317,0.18339836804601958,0.49948233080955373,11.98757593942929
24205854,6.2979668292661035,0.17700828111394207,0.997652969206216,23.943671260949184
24209652,8.429585499545922,0.3682757330144517,0.7453729851269726,17.888951643047342
24215207,8.232901613182861,0.1915202946842723,0.7631799336844608,18.31631840842706
24216004,16.444722341950904,0.5084549966429757,0.3820791361828604,9.169899268388649
24224853,9.946645099995695,0.6636681508190765,0.63168890053012,15.16053361272288
24225732,4.750502013544026,0.6279673789008707,1.3226360686230147,31.743265646952352
24231910,10.536622414566278,0.7681620584380873,0.5963187309904397,14.311649543770553
24236445,10.048113480475823,0.7810665834182323,0.6253099469256839,15.007438726216414
24237469,12.353226721648223,0.7414393410385125,0.5086270533810178,12.207049281144426
24243490,17.8368806356211,0.834823003884309,0.35225807895085454,8.45419389482051
24245797,10.480379803523938,0.7887927528159235,0.5995188557066338,14.38845253695921
24248209,10.694019318990366,0.7298118707988505,0.5875419820891804,14.101007570140329
24249206,3.61687417662909,0.6655760155176376,1.7371865871860341,41.69247809246482
24249215,13.847773740160253,0.7288139737167834,0.4537325222867827,10.889580534882784
24249490,16.334718730573186,0.6636628929848905,0.3846521884346587,9.231652522431808
24251229,2.0550264728222394,0.7841635380258399,3.0574717115690824,73.37932107765798
24257481,21.573874947763674,0.5661581618353367,0.2912404620121753,6.989771088292207
24262387,18.027645331535098,0.8939215564080141,0.34853055912901953,8.364733419096469
24262890,10.464056624492391,0.6911938703215673,0.6004540621916199,14.410897492598878
24264172,9.643401540118889,0.9006799490535551,0.6515528033381179,15.63726728011483
24265735,36.94872116529271,0.7149968124897824,0.17005149593869065,4.081235902528576
24280633,9.532022579103177,0.7812980893449184,0.6591660117291436,15.819984281499446
24284881,11.336851633739185,0.7442639600337285,0.5542266504115155,13.301439609876372
24291857,39.87155934915424,0.8683685114108372,0.1575856427424343,3.7820554258184234
2429249,45.882432238308596,0.7840390390664116,0.1369409815622976,3.286583557495142
24294382,9.522050080837266,0.8125993325036228,0.6598563601155846,15.83655264277403
243018,33.58279431516815,0.561032892561652,0.18709536937912566,4.490288865099016
24306684,13.080029541445263,0.6862226302132718,0.48036476425918934,11.528754342220545
24309132,14.475004878038584,0.3134678447656387,0.43407137753109903,10.417713060746376
24309339,10.474920567988974,0.7310484825095946,0.5998313081610186,14.395951395864447
24310497,10.341331818416919,0.7223519862727098,0.6075798956561704,14.58191749574809
24312472,11.032972240409366,0.7287899000417078,0.5694916265779035,13.667799037869685
2431279,6.296852344248436,0.6788912038979016,0.9978295446166315,23.947909070799156
24317957,45.559732576156705,0.8437729410671895,0.13791093476408678,3.3098624343380827
24320768,15.261773870039304,0.6075409064460742,0.4116942998031332,9.880663195275197
24322850,36.564302515935275,0.8617792487536079,0.17183933166621404,4.124143959989137
24329477,17.323562606285634,0.6392637214201579,0.3626959101876546,8.704701844503711
24329998,31.63311184425055,0.8794674708798517,0.19862684828845195,4.767044358922847
24334447,10.498339730752338,0.6871806868761274,0.5984932349611929,14.36383763906863
24335228,53.28481474920605,0.7531669871196546,0.11791699636664696,2.830007912799527
24340520,30.20970111056684,0.8957395303715672,0.20798568261841674,4.9916563828420015
24340712,22.948302527009304,0.7431897490874807,0.27379738870814124,6.571137328995389
24349620,46.27582488461233,0.8253872372093066,0.13577684077694044,3.2586441786465707
24366796,15.004879385372679,0.9259791947311795,0.4187428066435957,10.049827359446297
24367354,18.964442432648262,0.9550352573893518,0.3313140014263093,7.951536034231423
2436939,9.965519441042332,0.7325146357549303,0.6304925041140057,15.131820098736137
24374257,32.3637749218457,0.8859943402976374,0.19414253505200366,4.659420841248088
24377487,9.449068715952425,0.8124302627629613,0.6649528642512649,15.958868742030358
24380510,18.473515404065488,0.944531972313326,0.3401185518700376,8.162845244880902
24380608,10.73757678233449,0.6317717797281325,0.5851585916029687,14.043806198471248
24386819,64.92486377358115,0.7505998309404942,0.09677625707604956,2.3226301698251897
24388325,55.39155872162023,0.5747019941184587,0.11343218086273417,2.72237234070562
24395674,11.966668434241003,0.7096607294377516,0.5250571904542037,12.601372570900889
24397834,29.847902007710122,0.751301696339512,0.21050676545227712,5.052162370854651
24401166,8.685832706205558,0.6109315480103357,0.7233831826729279,17.36119638415027
24407468,9.093173243717011,0.7118721950538611,0.6909782909416132,16.583478982598717
24409583,17.259251925406577,0.7788505383622389,0.3640473720608011,8.737136929459227
24410357,33.7202434978519,0.8103108909058256,0.1863327383024339,4.471985719258414
24413842,17.701357002738106,0.4255001277883911,0.35495500747245995,8.51892017933904
24417900,10.801389379283332,0.7808521662535876,0.581701583615762,13.960838006778287
24417993,9.471843151403775,0.7964668479106483,0.6633540280117906,15.920496672282972
24420077,17.141028865935994,0.8270509182433393,0.3665582361666766,8.797397668000238
24429765,20.24964972466622,0.9034041823948277,0.3102861230990085,7.446866954376204
24430709,45.70307943474726,0.7308629750084301,0.13747837968228,3.29948111237472
24443359,19.397143884587727,0.2858092539723788,0.32392322006602114,7.7741572815845075
24444518,11.527381896229619,0.08272585261567285,0.5450661185463712,13.08158684511291
24444773,17.437327809575958,0.9038855455758927,0.36032959727516767,8.647910334604024
24445187,57.285719022716634,0.784475151383902,0.10968152995841758,2.632356719002022
24445471,10.99915359834603,0.6926640741675568,0.5712426188979127,13.709822853549905
24446551,12.26648145377115,0.6812959798948645,0.5122239275263334,12.293374260632001
24448275,11.899050698329193,0.7087957782635897,0.5280408888468591,12.672981332324618
24452136,6.708800430852371,0.5938771522583277,0.936558684662094,22.477408431890257
24452180,12.304111846004737,0.8030887799125751,0.5106573628245907,12.255776707790178
2445331,10.545246264983502,0.49494999980757776,0.5958310644715338,14.29994554731681
24458959,14.852439591030974,0.30616024321708024,0.42304062364097067,10.152974967383296
24461338,18.208755602794835,0.6395985699242585,0.3450639595720198,8.281535029728476
24464705,46.35480455247331,0.8543874857696417,0.13554550316498618,3.2530920759596684
24466906,14.380176334730052,0.7413840886972832,0.4369338150607272,10.486411561457453
24471754,11.576160598140987,0.7659013666694624,0.5427693624247578,13.026464698194188
24485041,28.485720932985664,0.7306059684000638,0.22057315389563598,5.293755693495264
24488071,39.23511135229999,0.8335379670073254,0.16014190072666282,3.843405617439908
24489150,11.711863208842345,0.6665659714948854,0.5364804211883077,12.875530108519385
24496302,10.496042028061094,0.7686092226668548,0.5986242519210132,14.366982046104317
24502621,47.411504565908785,0.8358366987532233,0.13252448671914763,3.180587681259543
24506153,14.435919626212014,0.156112626326789,0.43524662576888384,10.445919018453212
24506662,39.060750175149394,0.5176599558330891,0.16085674952492268,3.8605619885981444
24508418,9.968962661293611,0.6741440460717855,0.6302747357631547,15.126593658315713
24513104,11.047610310489933,0.7182906000519863,0.568737050872764,13.649689220946337
24515781,11.188909470530835,0.6276155660926331,0.5615547541722574,13.477314100134178
24519007,12.048849495957237,0.7449970589412743,0.52147595579875,12.515422939169998
24527015,9.71131139216532,0.7658767166390328,0.6469965850594183,15.527918041426037
24528198,20.046309719101057,0.6143136460268007,0.313433514458408,7.5224043470017925
24531940,43.571544641578605,0.6309555955756674,0.14420386880624358,3.460892851349846
24532353,44.34556191455381,0.8418127271584274,0.14168690249739516,3.400485659937484
2453514,10.662494163040586,0.7671454380949225,0.5892791321714386,14.142699172114526
24535293,10.453139327550865,0.7149680768572333,0.6010811786100736,14.425948286641766
24536095,19.36272943918296,0.7692705774556824,0.324498946644617,7.7879747194708075
24536447,57.77344017499977,0.6370995772187527,0.10875560271549316,2.6101344651718357
24540416,37.2443331741747,0.7462090467684441,0.16870178015527904,4.048842723726697
24545304,17.357512667412582,0.8171748064567397,0.36198650276521427,8.687676066365142
24548286,72.00720403435832,0.546097253014903,0.08725773193723169,2.0941855664935605
24549493,23.145885712790097,0.7010910542657586,0.2714601370258899,6.515043288621357
24549516,8.822793879280555,0.7386133370782707,0.7121537001941092,17.09168880465862
24550705,14.241070428855108,0.7622936132591442,0.44120175787128063,10.588842188910736
24550782,36.44511558211647,0.6135729719251432,0.1724013000596088,4.137631201430612
2455568,10.575566108653737,0.7462356213547037,0.5941228339576264,14.258948014983034
24561643,15.937894419243772,0.8377799786654511,0.3942293217599137,9.461503722237929
24565352,48.16173928387859,0.6183337227349938,0.13046009966842678,3.131042392042243
24566884,15.80016220511079,0.8290161241225236,0.3976658736545881,9.543980967710114
24570600,20.821552315126958,0.8683530663546235,0.3017635386682876,7.242324928038903
24571055,15.799713483986977,0.8962807566044292,0.3976771675984884,9.544252022363722
24574364,16.41472679923849,0.2846311817774612,0.38277733062673175,9.186655935041562
24580970,32.83398287321911,0.8228024523455633,0.19136226425653766,4.5926943421569035
24581583,17.240712651457923,0.6868555022328939,0.36443883928709075,8.746532142890178
24586721,11.394763105204929,0.7763728870343792,0.5514099107781835,13.233837858676402
2458783,11.740128427159622,0.7563542878589309,0.535188805315286,12.844531327566864
24590959,48.67257251742566,0.5699238726795608,0.1290908818293936,3.0981811639054464
24591744,4.491153392338975,0.18944741768634155,1.399013740634525,33.5763297752286
24599692,9.909781217268904,0.4041000772352859,0.63403875115128,15.216930027630719
24599943,51.596862386262714,0.8307268925193178,0.1217745617968514,2.9225894831244332
24609955,9.308851470115073,0.7078916256794847,0.6749689075339727,16.199253780815344
24613514,11.371421118151511,0.6645220878221194,0.5525417836430415,13.261002807432996
24621999,17.205920800771594,0.5751293037048079,0.36517576594318735,8.764218382636496
24623365,11.979856968846672,0.2885590903043517,0.5244791589347734,12.587499814434562
2462460,9.210652170950187,0.7165529477552236,0.6821650834884803,16.371962003723525
24626555,10.625795227933734,0.704898735992346,0.5913143602336668,14.191544645608003
24629691,43.31660618745243,0.8583015980416991,0.14505257591024395,3.481261821845855
24637582,31.688167888173716,0.46193284053956857,0.1982817476022185,4.758761942453244
2464031,10.608030849343729,0.7557129032664571,0.5923045847447077,14.215310033872985
24642429,18.554782964518036,0.8242999066909344,0.33862887640317885,8.127093033676292
24645017,23.842594870245456,0.31180002922318895,0.2635277469324756,6.3246659263794145
24646159,11.136021855199148,0.7676473794832288,0.5642217112070513,13.541321068969232
24657503,11.097238095587006,0.7875178764950594,0.5661936107938601,13.588646659052642
24660193,45.37140771296114,0.3982217282256248,0.13848336703435993,3.3236008088246383
24663282,48.44762106585372,0.8305970526216953,0.1296902751662254,3.1125666039894093
24667102,18.972759060089473,0.7049331220173309,0.3311687713568611,7.9480505125646665
24669793,9.951635596968215,0.822133190889292,0.6313721243062569,15.152930983350165
24672604,11.851109779014552,0.6936563949683775,0.530176955942606,12.724246942622546
24674162,11.064611251996862,0.5960105822051025,0.5678631778450998,13.628716268282394
24675865,11.522453530405844,0.09539572877639563,0.5452992533750995,13.087182081002389
24675876,17.92570755124096,0.8985966012515811,0.3505125412326954,8.41230098958469
24682043,41.04898944545593,0.8923402449218499,0.15306552955532324,3.6735727093277575
24683789,36.475755065435045,0.8868390583025777,0.17225648368095398,4.134155608342896
24684274,12.433246618910296,0.539535704591457,0.5053535492188501,12.128485181252403
24685952,15.894883746011496,0.7994381920764277,0.3952960844244127,9.487106026185906
24686540,44.5588172763799,0.7796061358084477,0.14100879895908341,3.384211175018002
24687337,20.82924154268203,0.7970123557739777,0.3016521410203276,7.239651384487862
246959,12.58687968953576,0.2525664973788524,0.49918529946728424,11.980447187214821
2470752,18.507227502673746,0.24694057950444206,0.33949900417400997,8.147976100176239
24710483,17.994594730979934,0.8124653261835115,0.34917070382042564,8.380096891690215
24711318,12.358949005685941,0.8111948961231441,0.5083915553247207,12.201397327793297
24718485,20.117393026516446,0.8412133971180953,0.3123260205185538,7.495824492445291
24730625,47.135746955046514,0.795536365041341,0.13329979289756194,3.1991950295414866
24732024,25.088443410691955,0.7756789664127745,0.25044141656480284,6.010593997555269
24737701,13.505808050065705,0.8005101609089293,0.465220983734403,11.165303609625672
24739516,10.094611614907576,0.7619988021654218,0.6224296235330807,14.938310964793938
24753228,8.284695326340515,0.7572943851371549,0.7584087355877421,18.201809654105812
2475488,11.3476512299444,0.6871739286759687,0.5536991911241858,13.288780586980458
2475766,7.886585977391944,0.6032030216555235,0.796692678579966,19.120624285919185
24770128,44.487576073296836,0.8454813969061973,0.14123460664225754,3.389630559414181
24770181,23.36842352039785,0.5304728415996555,0.26887501853495227,6.453000444838855
24776891,11.443406168503573,0.7491503325993738,0.5490660048817636,13.177584117162326
24790990,11.702081271579361,0.7353378004389095,0.536928872852682,12.886292948464368
24794490,39.09839977899681,0.804465702282695,0.1607018533417022,3.856844480200853
24796756,13.389278672270942,0.6993779871444529,0.4692698883168365,11.262477319604077
24802462,10.024139904083544,0.6580517024365569,0.6268054284258342,15.04333028222002
24810052,26.08926279729777,0.7006925597502482,0.24083414529560318,5.780019487094476
24810840,22.739734670310703,0.37099605662930135,0.2763086464409365,6.631407514582476
24815070,16.994041096787967,0.592582904411673,0.3697287344072133,8.87348962577312
24815579,22.222544464478116,0.7543908957393664,0.28273923884922436,6.785741732381385
24815892,18.364962014172857,0.6691223586321722,0.3421289574315831,8.211094978357995
24821042,8.783692267761085,0.7791449017739097,0.7153239339042937,17.16777441370305
24825104,16.165049760953178,0.13153515245331932,0.3886895122560449,9.328548294145078
24827687,111.12569796055513,0.6956121708921605,0.05654124493697082,1.3569898784872996
24830025,13.386027354247762,0.690169856638018,0.4693838687835757,11.265212850805817
24831238,17.90806643410486,0.9104915871529236,0.35085782880577376,8.42058789133857
24834880,32.082130990383845,0.5719119803986955,0.19584688152613303,4.700325156627192
248379,3.0071704523308926,0.4767000518140594,2.0894011186859784,50.14562684846348
24843959,9.961325109596592,0.7807365850858781,0.6307579802938527,15.138191527052463
24846965,27.052963713153584,0.46323979526963915,0.23225497116697055,5.574119308007293
24851183,18.74809667774263,0.8185557521254351,0.33513723633817505,8.043293672116201
24858973,43.783322606124045,0.8478000759781751,0.14350636117097124,3.4441526681033094
24860724,8.19366214764664,0.29090749896740475,0.7668348040179109,18.40403529642986
24866808,49.11875617129987,0.8120103278998122,0.1279182495026382,3.0700379880633166
24870003,14.529951170016941,0.857058996215284,0.4324298983292633,10.37831755990232
24883607,12.60930070653582,0.6415244810966868,0.49829768148227305,11.959144355574553
24884875,10.694425835679612,0.7148039881923081,0.5875196484337769,14.100471562410647
24892688,10.461071711302989,0.6557757567051182,0.6006253929404503,14.415009430570805
24906918,11.01912218216908,0.6834935072941042,0.5702074269896843,13.684978247752422
24907195,18.14468300425295,0.24243745403847358,0.3462824512121189,8.310778829090854
24907671,39.474118210850094,0.7644585426994231,0.159172277734441,3.8201346656265844
24910181,39.391805007900615,0.7066394316238546,0.15950488447836803,3.8281172274808326
24911684,9.388988391920288,0.7224708684509356,0.6692079108955544,16.060989861493304
24917899,42.08607030388673,0.8521534764633406,0.14929370363664773,3.5830488872795456
24926463,39.918958816806615,0.7987135042426645,0.15739852675050858,3.777564642012206
24929490,19.672486243671603,0.31610886335527205,0.31938948790475374,7.66534770971409
24930840,3.7400079940669153,0.6284583609422776,1.6799924805367057,40.319819532880935
24934202,42.30948802006132,0.8692327700530293,0.14850534953768224,3.564128388904374
24937668,6.313174257786775,0.10706155963976263,0.9952497825368594,23.885994780884623
24938562,6.302454933240964,0.159286853582299,0.9969425206105411,23.926620494652987
24940655,15.391138316321262,0.16203631260568496,0.40823395762200987,9.797614982928238
24940839,9.790494132442154,0.677293501397264,0.6417638601466891,15.402332643520538
24945085,11.306960034846014,0.6772693533441794,0.5556918294409763,13.33660390658343
24946835,9.707377491205595,0.7154800538576811,0.6472587795078375,15.5342107081881
24949815,23.904600775682322,0.11505917701472405,0.262844184939133,6.308260438539191
24953047,9.943989110864601,0.7891339147037968,0.6318576214363213,15.164582914471712
24953534,10.578744064059723,0.04331768469016811,0.5939443538034076,14.254664491281783
24953869,10.966076003103902,0.7341186300784049,0.5729656903163134,13.751176567591521
2495418,11.554853463879626,0.6829323498136289,0.5437702283997603,13.050485481594247
24956264,12.58278425970805,0.09247599341369536,0.4993477737116801,11.984346569080323
24958317,8.50994127815622,0.7965995318478124,0.7383347430736812,17.720033833768348
24962256,43.31022508338513,0.489470581073775,0.14507394720490546,3.481774732917731
24966431,11.168601320609937,0.6764518846202348,0.562575843367686,13.501820240824463
24968501,10.039012580896365,0.721300177962686,0.6258768236963971,15.021043768713529
24972178,29.02415008375762,0.25975991886008776,0.21648128503496672,5.195550840839202
24974740,137.2648403071933,0.4477839280738936,0.045774178537767315,1.0985802849064155
24979532,12.77499752377057,0.11223386769831681,0.49183456164969097,11.804029479592582
24984343,10.343899853159991,0.7486929357809375,0.6074290544547486,14.578297306913967
24987522,32.31587259318827,0.3558439779085058,0.19443031559989482,4.666327574397476
2499018,53.76982210809308,0.818270889811416,0.11685337724474046,2.8044810538737712
24995481,48.724088223669135,0.8014644999426194,0.12895439476130305,3.094905474271273
24996940,11.304559203802032,0.5877583578302435,0.5558098457360796,13.33943629766591
25003681,59.920204649236275,0.6377527144111768,0.10485920974336442,2.516621033840746
25006378,40.4704104387329,0.8411782667285261,0.15525380738827785,3.726091377318668
25010474,36.50934343713945,0.411837644434292,0.17209800877404882,4.130352210577172
25011715,15.481722391373324,0.6619231532499527,0.40584536709434105,9.740288810264186
25019409,18.578545195644967,0.6159668679598302,0.3381957651157982,8.116698362779157
25024748,10.878544987109517,0.1481503136773698,0.5775758903993887,13.861821369585329
25026035,13.223966546094765,0.6681244682155297,0.47513620707359583,11.4032689697663
25028310,6.301966453368843,0.1991869161263982,0.9970197959116052,23.928475101878526
25029966,12.647841800481592,0.1250410977805803,0.49677924552632696,11.922701892631848
25031252,10.41175657784293,0.645631837098228,0.6034702463704078,14.483285912889787
25031337,114.70364240978455,0.5782364647006663,0.05477755697358406,1.3146613673660175
2503403,6.349856748831066,0.5384000472799029,0.9895003235051321,23.74800776412317
25035043,49.773778843701855,0.49727891927179557,0.1262348460001371,3.02963630400329
25035906,12.576023901740932,0.05519603414097198,0.4996162027260292,11.990788865424701
25037473,2.4849100964884316,0.04487871605297704,2.5285362702090164,60.68487048501639
25043035,28.038993918447474,0.7289826761881635,0.2240874021890543,5.378097652537303
25046367,11.922250971470932,0.7617794701217928,0.5270133402001673,12.648320164804016
25048546,6.3232705980437505,0.0554700271347537,0.9936606712866969,23.847856110880727
25049973,48.05767265440378,0.7990126331202316,0.13074260487734676,3.137822517056322
25052006,18.831247904510068,0.6394091150563656,0.33365740491764057,8.007777718023373
2505387,19.0382523292888,0.7941944564762703,0.3300295215392969,7.920708516943125
25055242,9.88768461481265,0.7752232948427533,0.6354556756155838,15.250936214774011
25060071,42.249992767282656,0.8227018072886099,0.1487144705985637,3.5691472943655294
25060834,18.88617485460057,0.16333597690970447,0.33268702400311817,7.9844885760748365
2506109,2.9295592446238943,0.2496586219982796,2.1447544775583607,51.474107461400656
25072782,10.690706412331954,0.6254082672415524,0.5877240534761856,14.105377283428455
25072957,3.6604401544264835,0.11971534332655105,1.7165108681210044,41.19626083490411
25078580,16.410344146725905,0.3771133252041523,0.3828795576132491,9.189109382717978
25079451,28.965611374431393,0.2763108613113668,0.21691878779834411,5.206050907160259
25079583,4.071746584677776,0.055487789435256896,1.5431179658438434,37.03483118025224
25080062,24.97803208564668,0.7782019030169126,0.25154845208122467,6.037162849949392
25080890,42.11656129280824,0.8822448310794397,0.1491856199630546,3.5804548791133106
25081026,10.167105222198458,0.7038730661495527,0.6179915688746022,14.831797652990453
25095475,7.234366354830085,0.2410165289112976,0.8685190933114088,20.84445823947381
25097259,52.30131692509614,0.6096485274033178,0.12013436136183939,2.883224672684145
25100023,9.867202960112829,0.7172369057496835,0.6367747103792968,15.282593049103124
25103710,60.624557438090434,0.8465590972583498,0.10364092659308814,2.4873822382341153
25106303,10.803312086088189,0.7186536974060422,0.5815980559582897,13.958353342998954
2510665,10.133876720006308,0.6078959043510732,0.6200179339832818,14.880430415598763
2510767,3.5076093919660143,0.6312310379513962,1.7913013123898218,42.99123149735573
25109955,50.9134720286906,0.8132875987395385,0.1234090910876969,2.9618181861047255
25111184,6.89505658045007,0.05728475186168334,0.9112594267891354,21.87022624293925
2512872,11.547168180819797,0.7171276449152423,0.5441321377492493,13.059171305981984
25129206,43.17584361096345,0.7636125266067275,0.14552547864019327,3.4926114873646386
25129324,43.06687232422678,0.7874032569420771,0.14589369898693694,3.5014487756864865
25129903,23.318156383610674,0.8497808391886384,0.2694546345694708,6.466911229667298
25130617,50.769223090822,0.808001317870469,0.12375972931355439,2.9702335035253054
25135011,48.646183042410875,0.6917874034348264,0.12916091076871866,3.099861858449248
25140656,8.769446929348744,0.08646164721853598,0.7164859263988045,17.19566223357131
25147793,8.542799225312814,0.3169604823758412,0.735494905295461,17.651877727091065
25151859,41.34866064636928,0.8137428381363795,0.1519561990390926,3.6469487769382223
25154736,9.86370000054572,0.6683405183147227,0.6370008523000459,15.288020455201101
25162945,4.5087784587515305,0.11826145835883209,1.3935449179109556,33.445078029862934
251676,43.93419088799421,0.8289412276846616,0.1430135659763926,3.432325583433422
25170427,21.792710231255796,0.3506731408466573,0.2883159203469811,6.919582088327546
25176284,12.237684106467313,0.6656536281027653,0.5134292773466083,12.322302656318598
25177786,10.556312151611964,0.8236648910226086,0.5952064714399464,14.284955314558715
25181303,5.937037415855076,0.22733402355815577,1.0583031345566578,25.399275229359787
2518221,6.264576886430967,0.6824754636470471,1.0029704194051676,24.07129006572402
25191297,15.835033640833418,0.7943762834788823,0.39679014580539246,9.52296349932942
25195319,15.24361465000225,0.5381869206038363,0.412184737770097,9.89243370648233
25201059,66.84083660297935,0.6161495921471193,0.09400219426486832,2.2560526623568395
2520161,47.5691328070951,0.7586501082848651,0.13208534476883352,3.1700482744520047
25203552,12.931687606024232,0.8339493205973998,0.4858751230777151,11.661002953865161
25210767,64.70086757481968,0.40657995394708935,0.0971112991632415,2.330671179917796
25210792,37.60684339201486,0.8481979997116644,0.16707558360278937,4.009814006466945
25211411,52.117505343695946,0.5463829600475745,0.1205580594417225,2.89339342660134
25211441,48.95662513274783,0.613508173946012,0.12834187998340327,3.080205119601678
25211606,45.81670128107759,0.45326351687056743,0.13713744402141315,3.2912986565139155
25212272,52.11760598894075,0.46386091919354533,0.12055782662988905,2.893387839117337
25212414,52.117500401900315,0.4213357399225161,0.12055807087307065,2.8933937009536956
25212433,52.11750542462309,0.4772181649746152,0.12055805925452208,2.89339342210853
25212624,52.117505343695946,0.4270737350547304,0.1205580594417225,2.89339342660134
25212996,52.117505343695946,0.4179163944976334,0.1205580594417225,2.89339342660134
25213155,52.117467746371624,0.25936318349996823,0.12055814641180483,2.893395513883316
25213750,64.70103933104059,0.4536296435750793,0.09711104137032313,2.330664992887755
25213890,64.70111814110152,0.4869939155303552,0.09711092308292242,2.330662153990138
25216987,52.117610115702654,0.5180602996556715,0.12055781708391322,2.8933876100139173
25217501,52.11746989300496,0.5236583501802303,0.12055814144621198,2.8933953947090876
25218284,52.11754483063314,0.49685964955633044,0.12055796810072521,2.893391234417405
2522484,38.35444821486313,0.3369143757811567,0.16381894668333993,3.931654720400158
25225822,33.413159673859326,0.7979990204497818,0.18804523033765091,4.5130855281036215
252284,27.06212288135043,0.5414298555372746,0.23217636453456414,5.572232748829539
25230620,47.59082796194886,0.7986420362359322,0.13202513123333962,3.168603149600151
2523263,43.81368883102499,0.8540732235171679,0.14340690032769823,3.441765607864758
25232809,64.07521261057194,0.7023765466699272,0.09805953115390688,2.353428747693765
25233604,44.562722735044765,0.7204112713050103,0.14099644100602496,3.3839145841445992
25238493,36.34767146826758,0.5276156180621845,0.17286348900410206,4.148723736098449
25243340,25.13489191196668,0.3497299167109895,0.2499786085886517,5.999486606127641
25245396,22.11546369284231,0.3435895159736222,0.28410823279338,6.81859758704112
25250069,26.267435603605136,0.8275020887119422,0.23920056003933768,5.7408134409441045
25254930,27.373434404534304,0.4788802960426515,0.22953587826519864,5.508861078364768
25256857,52.60880059504963,0.7759880500288615,0.11943220974649667,2.86637303391592
25267684,11.015831113515837,0.6980502379067407,0.5703777810709583,13.689066745702998
2526967,17.667927719316168,0.7692735804307292,0.3556266137714749,8.535038730515398
25272893,45.14114317916728,0.7683172211294089,0.13918976934725233,3.3405544643340557
25274685,40.65763372668855,0.7527913669877215,0.154538883138572,3.708933195325728
25276237,47.15999534501987,0.769874665476295,0.1332312537609929,3.19755009026383
25278645,45.214903052570975,0.852493405723278,0.13896270660746926,3.3351049585792625
25280016,39.87791815916873,0.827251996446341,0.15756051462117154,3.781452350908117
25282580,38.11432782212326,0.49558526754779575,0.16485100659528212,3.956424158286771
25284109,4.419065119833316,0.1339973006940365,1.4218358717955673,34.124060923093616
25286374,28.54604405664789,0.8597293559630166,0.22010704161707964,5.282568998809912
25287715,41.62397252591235,0.8879107698803694,0.15095112085392828,3.622826900494279
25288349,27.621220028205514,0.77046256791718,0.22747674797722503,5.4594419514534005
25295492,14.17450625577698,0.4495084718344222,0.443273662856426,10.638567908554224
25296979,5.130620905410296,0.25144626894144845,1.2246442337132917,29.391461609119
25302112,12.636693314685845,0.8326721593669925,0.49721751970331723,11.933220472879613
25305517,13.655213986671036,0.7469735832164445,0.46013085648549,11.04314055565176
25308072,7.05482740093835,0.1567277781211919,0.890622115906602,21.374930781758447
25310945,43.16406522689402,0.5441090595063889,0.14556518887068945,3.4935645328965466
25320424,11.84184513455066,0.6977767025129789,0.5305917478051871,12.734201947324491
2532058,9.933940705158694,0.7400894365977044,0.6324967597115543,15.179922233077303
2532118,18.56842624514405,0.8082193933992321,0.33838006647562513,8.121121595415003
25327408,11.348523339594616,0.6850113378917472,0.5536566405302938,13.287759372727052
25329762,38.41453184573025,0.7663902980357415,0.16356271976481102,3.9255052743554644
25334712,17.468709856716245,0.8759103009529727,0.3596822752633831,8.632374606321195
2533488,32.488120589321476,0.5505552471035822,0.19339947012031244,4.641587282887499
25335957,10.333382164746062,0.6956433484349835,0.6080473176164575,14.593135622794978
25339372,9.947850864271327,0.7987470373482665,0.6316123344536916,15.158696026888599
25341706,37.78584392411275,0.8610282924683769,0.1662841068151986,3.9908185635647664
2534282,50.140243503583854,0.8243197186533768,0.12531222164348854,3.007493319443725
2537648,25.158551644506122,0.3030428450178941,0.24974352243968093,5.9938445385523424
2542844,34.61455134320601,0.9062765792474727,0.18151861177922857,4.356446682701486
2552794,9.080513922111301,0.5485753696532446,0.6919415972569413,16.60659833416659
2554750,22.314535349294868,0.8842903842987436,0.2815736563108912,6.7577677514613885
255658,6.687988010946765,0.22164135714642857,0.9394731714374179,22.54735611449803
255857,40.38335067608307,0.5383737978626599,0.15558850867966204,3.734124208311889
2564971,10.698863068297099,0.7565754845573669,0.5872759812954275,14.094623551090258
2565858,12.011952811859265,0.12580932853644508,0.5230777547657587,12.55386611437821
2566499,11.004760656076792,0.6513764988322186,0.5709515639224768,13.702837534139444
2568913,11.673334442657215,0.6630999956976004,0.5382511173687694,12.918026816850466
2569778,44.626904179646985,0.9004890725895826,0.14079366298604154,3.3790479116649967
2574370,11.496940293945666,0.6641019080288242,0.5465093447939654,13.11622427505517
257977,45.22018318933581,0.644065069114165,0.1389464806206565,3.3347155348957562
2581524,49.75348157212996,0.8349667972538856,0.1262863443650784,3.0308722647618818
2584911,16.546191757808533,0.8632811006194777,0.3797360383070869,9.113664919370086
258499,15.649029833560144,0.8272116305734015,0.4015063792456306,9.636153101895134
2587263,9.244960603463621,0.6684091150835509,0.6796335405502532,16.311204973206074
2590360,15.693933488825449,0.6193449908386459,0.4003575847733395,9.608582034560147
2593243,9.527554016788775,0.5310829456490915,0.6594751702386369,15.827404085727284
2595739,24.45778713795492,0.6351634074772073,0.25689917373714477,6.1655801696914745
2602707,62.918510001200566,0.6027847057717457,0.09986227116725578,2.396694508014139
2602711,18.745955676605327,0.9193554225887112,0.335175512818528,8.04421230764467
260620,10.626587895486532,0.24825735389464715,0.5912702524060678,14.190486057745627
2609351,44.85834698243617,0.8427689687106034,0.14006725012938404,3.361614003105217
2612592,10.993106576753043,0.8187698529800167,0.571556844583545,13.717364270005081
2616340,35.52726886279566,0.7612027122969156,0.1768552863279443,4.244526871870663
2623858,10.533661637310805,0.7613076613615507,0.5964863428804472,14.315672229130733
2630745,3.2853476298495354,0.19456460103373105,1.912487205339469,45.89969292814726
2631092,11.928488581210333,0.6939058235519129,0.5267377559531569,12.641706142875766
2634422,12.566090015895488,0.8038110371180833,0.5000111649074346,12.00026795777843
2634740,111.1597616891294,0.6582379070322502,0.056523918472866204,1.356574043348789
2634978,42.29419139122669,0.7747984006544066,0.14855905977866599,3.5654174346879834
263541,11.25593133081477,0.5686015463893346,0.5582110553551833,13.3970653285244
2639856,2.7423561857203245,0.9779843441383049,2.291163102698567,54.98791446476561
2642429,13.286740383333193,0.7096035477382688,0.47289140345220987,11.349393682853037
2651227,17.41629714134105,0.4019873255879383,0.3607647053899416,8.658352929358598
2653935,84.22126286377048,0.4273857415836986,0.07460331386080923,1.7904795326594216
2653982,10.34975246724565,0.7140532807031392,0.6070855633566387,14.570053520559327
2654344,10.270149354788842,0.2267135682045014,0.6117910353708552,14.682984848900524
2657618,13.372122169095089,0.7188532770480969,0.4698719640552595,11.276927137326227
2660232,10.227449641354802,0.7180482861435856,0.6143452695942359,14.74428647026166
2660916,4.832632200170811,0.39164351186546087,1.3001579774594691,31.203791459027258
266435,51.241012078069126,0.8517176814147278,0.12262024211400686,2.942885810736165
2667036,11.222415589052515,0.6781191886593532,0.5598781525529,13.4370756612696
2669011,10.628500888174422,0.7589635797455847,0.5911638314082883,14.18793195379892
2672050,11.289770133971757,0.7074628932992678,0.5565379305884196,13.35691033412207
2672279,28.753320010544922,0.5602816092110658,0.2185203414727519,5.244488195346046
2681145,18.61719767218227,0.8462440960708506,0.3374936130461725,8.099846713108139
2683009,10.364021389543131,0.571867400726559,0.606249743320586,14.549993839694064
2686501,14.263363843945728,0.6919643225778102,0.440512166409228,10.572291993821473
2686769,10.570063720115565,0.6982174891436898,0.5944321125730064,14.266370701752155
2686860,3.094248591294822,0.6091308979834917,2.030601330758082,48.73443193819397
2692532,47.22964241508818,0.514149137237897,0.133034784637123,3.192834831290952
2697597,114.07614641777336,0.76119446370328,0.05507887060077487,1.3218928944185968
2698843,12.140591550607946,0.5421996680390921,0.5175353508095701,12.420848419429683
269954,39.13771046641289,0.9029999774346249,0.16054044123433525,3.852970589624046
2703868,39.310089029705054,0.46255096427385917,0.15983645578700256,3.8360749388880615
2711101,28.373373945127813,0.44578807143180565,0.22144653361742744,5.314716806818259
2714034,10.285683250195625,0.6711448047746125,0.6108670813929726,14.660809953431343
271720,39.72129630353441,0.6481359718201125,0.15818177884140472,3.7963626921937133
2717240,6.237694571737306,0.6619421359921736,1.0072928763855153,24.17502903325237
2719627,12.948774635231583,0.7465708555124136,0.48523396878682445,11.645615250883786
2723487,13.436928063631074,0.719506795599029,0.4676057858928267,11.222538861427841
2730508,10.332199669065854,0.6317426692055251,0.6081169071859077,14.594805772461786
2732738,11.285392391796075,0.6000564763064913,0.5567538184801756,13.362091643524213
2742032,9.978548744695201,0.6601589879308165,0.6296692503025407,15.112062007260977
2742544,10.350722774720065,0.7092961914256449,0.6070286533540663,14.568687680497591
2747063,51.95320893919213,0.755289544705823,0.12093931126629057,2.902543470390974
2747213,34.59188384730376,0.7764520425639564,0.18163755795766887,4.359301390984053
2751585,12.055520615960184,0.7076495541101857,0.5211873885281519,12.508497324675647
2752114,6.302949955592361,0.7076486047985546,0.996864222538331,23.924741340919944
2757192,2.1701966406025384,0.2524742950609774,2.8952147421236023,69.48515381096645
2766464,11.012389724782132,0.6869828035112265,0.5705560250051804,13.69334460012433
2766997,21.675093253916398,0.620369365410517,0.2898804278982421,6.95713026955781
2769694,12.297675110619982,0.565078972610221,0.5109246463791823,12.262191513100376
2779320,4.884529389555967,0.7176186016726644,1.2863440479269521,30.872257150246853
2780833,10.779897300335502,0.6826804456091481,0.582861332731253,13.98867198555007
278822,12.777620625890144,0.0941900495315922,0.49173359353372353,11.801606244809365
2789285,50.86131201244963,0.8463561505952786,0.12353565133438975,2.964855632025354
2792252,11.652895261071677,0.7521154796200713,0.5391952099809523,12.940685039542855
2795340,13.237060134641105,0.22867389417550332,0.47466622069175496,11.39198929660212
2803474,6.303073394973422,0.690188341535566,0.9968446999507103,23.92427279881705
2805114,9.284721863137905,0.1373077453709887,0.6767230510291338,16.24135322469921
2807982,10.334960808762435,0.6995620932499972,0.6079544396387478,14.590906551329947
2812086,9.72602862762124,0.6714439300797018,0.6460175625368592,15.50442150088462
2814584,9.759968638319794,0.7177368863502943,0.6437710550124528,15.450505320298866
2818566,12.559191778578217,0.34663202346182426,0.5002858000700809,12.006859201681943
2819824,8.509293899455825,0.6740937518846075,0.7383909148538635,17.721381956492724
2820204,12.73754505222031,0.6524269401640976,0.493280713153148,11.838737115675551
2820851,6.324812178894205,0.3638376012578837,0.9934184809703082,23.842043543287396
2821630,6.324708781482463,0.3368571143834084,0.993434721544105,23.842433317058518
2823121,10.631553923219885,0.6600675167146993,0.5909940684641378,14.183857643139309
2823738,51.423234602276565,0.7607124707465684,0.12218572705073326,2.932457449217598
2826769,10.267663443071754,0.7692879614889067,0.6119391565584721,14.686539757403331
283417,12.237158955145038,0.4413572877935558,0.5134513108974416,12.322831461538598
2837569,35.48613064827765,0.4246850439032229,0.17706031039156267,4.249447449397504
2839032,18.636439275248893,0.9388981874988627,0.3371451603163434,8.091483847592242
2839153,6.297042481367079,0.7383874985022327,0.9977994154829833,23.9471859715916
2840198,11.921170144901996,0.6356793035511201,0.5270611215851613,12.64946691804387
2840300,10.44531255713392,0.7121863656741523,0.6015315743604348,14.436757784650435
284356,45.12159819398177,0.7965968026812283,0.1392500611385176,3.3420014673244225
284560,48.8420264357817,0.7320002961929388,0.1286430102453022,3.0874322458872525
2846194,34.943916429574934,0.5148011275818479,0.1798077018597087,4.315384844633009
2851826,12.040497609020512,0.7286047170048932,0.5218376774122976,12.524104257895143
2853142,13.477046986565693,0.3356209908533215,0.4662138013945374,11.189131233468897
2853685,10.61130881434734,0.5792891425113245,0.5921216145066116,14.21091874815868
2855337,12.35133260960414,0.7182417099890614,0.5087050527887097,12.208921266929032
2855554,6.297993496305826,0.6740826216502108,0.9976487449320287,23.943569878368688
2855834,14.126923412413248,0.7461347838328177,0.4447667141494224,10.674401139586138
2857355,10.022914793185219,0.5086725856262795,0.6268820434801711,15.045169043524105
2860293,18.928910389810593,0.8424250840011305,0.3319359211802184,7.966462108325242
2863244,3.590527604173983,0.2404457809299269,1.749933714442243,41.99840914661384
2871803,45.10717649388874,0.7590141023607019,0.13929458227186647,3.3430699745247954
2873728,10.15293994475702,0.6773452507752279,0.6188537843587093,14.852490824609024
28800,25.178907949151764,0.5576056344338495,0.24954161315766105,5.988998715783865
2881376,19.005037974723617,0.7838721132784694,0.33060630110479744,7.934551226515138
2881791,39.082529023383806,0.8144536532313768,0.16076711165288815,3.8584106796693156
2887662,20.406267543336067,0.7227831365852001,0.3079046814335943,7.389712354406263
2889542,11.005507387194749,0.7408222238132083,0.570912824472797,13.701907787347128
2892940,11.638536068371511,0.7785410151126702,0.5398604489661338,12.956650775187212
2893479,8.985490777487462,0.5023385717684158,0.6992590012914689,16.782216030995254
2895745,4.168116601930469,0.7389201422720454,1.50743990805572,36.178557793337276
2898747,9.998219150180883,0.6603474923752458,0.6284304447423433,15.08233067381624
2902575,16.572775437548653,0.8155577014850941,0.37912691998130144,9.099046079551234
2913030,15.422561310557809,0.7054519007017133,0.4074021934915773,9.777652643797856
2914946,13.647165709346172,0.7576184672507668,0.4604022139832733,11.04965313559856
2915710,43.595428436520905,0.862839957800013,0.1441248665861491,3.458996798067578
291777,6.77737874053678,0.5167849184208717,0.927081921746334,22.249966121912017
292741,3.3889140145914576,0.09355418280583887,1.8540409346848066,44.49698243243536
292893,45.92839263708933,0.7549199454587624,0.13680394515059993,3.2832946836143986
2936953,19.112612447827363,0.6922018618625464,0.32874549851994883,7.889891964478772
2937427,18.036286864251558,0.9120414319238034,0.3483635714196275,8.360725714071059
2939499,11.75283398850021,0.658266909777925,0.534610232164216,12.830645571941183
2941388,52.9643527349785,0.8157236217263429,0.11863045582033652,2.8471309396880766
2948537,21.99363329379133,0.6865715570814077,0.2856820072995075,6.85636817518818
2955287,12.58552097605021,0.7699307524832943,0.49923919074436884,11.981740577864851
2967526,4.239152092918621,0.6443676420863892,1.4821797306294962,35.57231353510791
2969097,18.464186467283234,0.11886583023105764,0.3402903950473414,8.166969481136192
2969333,10.493846450927396,0.6906194730595587,0.598749499200487,14.36998798081169
2974808,41.88895693974924,0.8470238537973063,0.14999622254182582,3.5999093410038197
2978038,12.92062471955415,0.6619758495395331,0.4862911386684404,11.670987328042571
2979506,9.674934447012781,0.6560854649141027,0.6494292381608409,15.58630171586018
29848,11.28009071015353,0.6567940486321544,0.5570154947002255,13.368371872805412
2986804,12.586204690068916,0.7317062796676463,0.49921207082682384,11.981089699843771
2989064,10.493487319725158,0.6564831548787156,0.5987699909227272,14.370479782145452
2992494,11.421618336809086,0.7245118193139413,0.5501134009118843,13.202721621885225
2997346,10.065065252264594,0.7730018252482749,0.6242567881778907,14.982162916269376
3001254,42.272477688351806,0.8766138976771148,0.14863536870257596,3.567248848861823
3011464,65.05765812066721,0.7025104008090564,0.09657871938036412,2.317889265128739
3012669,10.537778092264709,0.6410285884992213,0.5962533327392593,14.310079985742224
301278,40.89113672729305,0.8453124813319758,0.1536564109010409,3.687753861624982
3014133,27.92940006229192,0.7494065561353617,0.22496671225181988,5.399201094043677
3015249,33.63590919197374,0.717156261547651,0.18679992478630222,4.483198194871253
3016980,31.66588341332654,0.33541644251833047,0.1984212859362489,4.7621108624699735
3026086,15.78240254299519,0.7735719402323398,0.39811336012135207,9.55472064291245
3036295,16.27829387041202,0.6512033909879855,0.38598549437666296,9.263651865039911
303860,12.766989935205704,0.7088545117323205,0.4921430453903112,11.811433089367469
3044799,11.259622568532077,0.7642208186232964,0.5580280572405304,13.39267337377273
3045044,10.778609195157186,0.8092885626807759,0.5829309879796563,13.99034371151175
3047651,10.658337649840279,0.6500567575185956,0.5895089378477086,14.148214508345006
3048546,9.573890510255515,0.6359931943764878,0.6562833887069277,15.750801328966265
3051376,12.587461923583405,0.36799888686462884,0.499162209611744,11.979893030681856
3056354,58.84723401658225,0.7038717533019081,0.10677112377803655,2.562506970672877
3056979,21.564820694840783,0.8960722059659612,0.2913627428714392,6.992705828914541
3062621,9.888194643733685,0.5619127158117715,0.6354228990790899,15.250149577898156
3065024,49.74833120573265,0.7991271209611576,0.12629941859146335,3.0311860461951206
3069079,10.078817179662273,0.6462558354710717,0.6234050281076858,14.961720674584459
3074040,10.59301569969214,0.586983692291219,0.5931441513262546,14.23545963183011
3086623,18.616851050533377,0.8777766020365705,0.33749989674003283,8.099997521760788
3090362,10.872879185497226,0.716222865066781,0.5778768622353869,13.869044693649286
309249,10.717150493010745,0.08498775401872807,0.5862738711448723,14.070572907476935
3094018,10.371379709121182,0.7526414771119737,0.6058196193177456,14.539670863625895
309626,10.545183749504705,0.7649355896269663,0.5958345967631622,14.300030322315893
3100547,10.175098006122152,0.7563449127559246,0.6175061216510268,14.820146919624644
3104968,11.379820043078723,0.7014860791078762,0.5521339778128617,13.251215467508679
3110897,12.170613180016735,0.645088325162368,0.5162587302911016,12.390209526986439
3111737,16.742608051161977,0.6849996868571299,0.37528115619618285,9.006747748708388
3111772,6.713366539160209,0.8011715822715181,0.9359216825907982,22.462120382179158
3113704,44.688095992150416,0.7560708746092982,0.1406008729546957,3.374420950912697
3116998,32.96443943081111,0.40655009002041476,0.19060494932326488,4.574518783758357
3117883,11.395456692035925,0.737855151930898,0.5513763490997942,13.233032378395059
3118906,9.11724634313961,0.7414100612496548,0.6891538377601752,16.539692106244207
3121776,37.87227604750487,0.7717831296148605,0.16590461316078045,3.981710715858731
3125292,6.33166346996937,0.48205231139364296,0.9923435345198443,23.81624482847626
3128933,36.73963842960585,0.3260990971519776,0.17101924721492132,4.104461933158111
3132943,9.353230840439199,0.7756363290686812,0.6717663034695878,16.122391283270105
3133386,18.002747524706656,0.8444212669819757,0.34901257702784827,8.376301848668358
3139572,17.149856320353116,0.6030923254485683,0.36636955959350076,8.792869430244018
3140124,42.669155381500076,0.7637062951052599,0.14725356644635543,3.53408559471253
3140139,20.628367827672605,0.7015292396511044,0.3045895516149756,7.310149238759414
3140682,13.582138168835957,0.7546765178932923,0.4626064931069745,11.102555834567388
3142907,11.492537971447813,0.6807562211409823,0.5467186902309655,13.121248565543173
3149365,8.500029659345946,0.7018346014456139,0.7391956921316272,17.740696611159052
3151678,35.261682239491854,0.693964025528899,0.1781873384402131,4.276496122565114
3158696,10.699384968156766,0.6358370449450628,0.5872473348589139,14.093936036613933
3159412,13.547417238633992,0.7594251150427034,0.4637921159807085,11.131010783537004
3160442,10.581188106024983,0.6754930179752875,0.5938071645850345,14.251371950040827
3162203,9.627004188840946,0.7603008479216584,0.652662571235056,15.663901709641344
3163597,11.009876136409193,0.619476881136425,0.5706862846895578,13.696470832549387
3163945,6.264855009945602,0.7615967300094143,1.0029258932896108,24.07022143895066
3169928,45.145789183918694,0.8196463431612221,0.13917544516904157,3.3402106840569976
3170992,11.918280776388862,0.5959792853414765,0.5271888978842583,12.652533549222198
3173279,19.982848250865235,0.717114735327733,0.3144289156530792,7.5462939756739
3173902,20.776143777738376,0.8166637165451102,0.30242307592769047,7.258153822264571
3176620,10.65661469588202,0.7789733658425508,0.5896042492375712,14.150501981701709
3180880,17.824953808408573,0.7484437507401684,0.35249377780803093,8.459850667392743
3182815,9.65592774041909,0.7780194564645474,0.6507075732224651,15.616981757339161
3183285,17.969793682027948,0.8269768196023294,0.34965261250960056,8.391662700230412
3185905,13.746168410413238,0.7418443587098882,0.45708630358550223,10.970071286052054
3186870,9.122577365235113,0.6910368594630061,0.6887511122814853,16.530026694755648
3194508,40.34930549560607,0.8666026789569762,0.15571978823436772,3.737274917624825
3196582,23.443306179895007,0.8262336172760028,0.26801617736699823,6.432388256807958
3196780,12.46306042032655,0.7408988763633843,0.5041446559090788,12.09947174181789
32086,11.037566545884992,0.6776214104012207,0.5692545798985079,13.662109917564191
3210786,12.386922813861892,0.7301014361031327,0.5072434374216196,12.17384249811887
3211928,13.41604221029333,0.7892210986179036,0.46833374617432794,11.24000990818387
3218931,9.053552184692633,0.6682722163756104,0.6940022191292975,16.65605325910314
3219035,19.230447223904783,0.5504808951569791,0.3267311068756191,7.841546565014859
3219476,9.417567882232223,0.7204635379384591,0.6671770658572942,16.01224958057506
3221817,10.072427352578872,0.6354688178614017,0.623800508779136,14.971212210699264
3227383,12.61921754064324,0.22948359432585633,0.49790609338043895,11.949746241130535
3242671,9.988814853785465,0.6898412749901471,0.6290221011352959,15.096530427247101
3246187,1.3566993707013029,0.5933188350124721,4.631228880080996,111.14949312194389
3254178,11.258568138617505,0.5913768866911434,0.5580803197902153,13.393927674965168
3265838,20.743779312594093,0.7880795739119604,0.3028949167119658,7.269478001087179
3279505,102.0138057918503,0.7422769017490198,0.061591519485115986,1.4781964676427837
3280045,18.1748796557252,0.9399446303844549,0.34570712027797906,8.296970886671497
3286795,5.8073236630211245,0.7308090990031012,1.081941643306119,25.966599439346858
3293042,6.897507915246919,0.43830404141298385,0.9109355704095135,21.86245368982832
3294319,11.311609941931392,0.5554496015101568,0.5554633990594241,13.331121577426178
329479,7.49303170355696,0.6304797697297521,0.8385371309982504,20.12489114395801
3305492,11.270628833066569,0.7691779089291063,0.5574831183106246,13.37959483945499
330723,43.078373993956994,0.893023030564277,0.14585474623673092,3.5005139096815423
3310237,36.53806220315168,0.6932017664191635,0.17196274044981003,4.12710577079544
3310970,9.098375549604178,0.7244936795437767,0.6905832005860578,16.57399681406539
3315947,10.8835400695999,0.7506811532791997,0.5773108076047694,13.855459382514464
3322107,33.433639057295274,0.41338016593879046,0.18793004543753322,4.510321090500797
3329934,18.526008715209667,0.7966894153017662,0.33915482842352085,8.1397158821645
3332343,9.898753684535828,0.8233215361290375,0.6347450908891079,15.23388218133859
333594,6.280921023398294,0.5279410127600497,1.00036050187112,24.008652044906878
334185,40.34708727948567,0.7469098800176348,0.15572834945074832,3.7374803868179596
3341965,12.933772549384528,0.4175000114181762,0.4857967992856485,11.659123182855565
3343188,11.17462796254881,0.7457957127647776,0.5622724379046317,13.494538509711159
3346862,12.933873950605395,0.6321698269353923,0.48579299065192216,11.659031775646131
3351006,32.50858170394609,0.8905941561764016,0.19327774322485727,4.638665837396575
3351542,19.967596008975285,0.8811742885304422,0.31466909208075633,7.552058209938152
3353370,9.820305963781188,0.6450590850203548,0.6398156361271174,15.355575267050819
3356801,18.607300139874226,0.7546467208419848,0.3376731315100965,8.104155156242316
3357735,18.613939087608593,0.7343321337699393,0.3375526951929449,8.101264684630678
3358748,21.199097583957094,0.8366787119217898,0.29638928177464174,7.113342762591402
3367265,37.4265819434889,0.8641788810463614,0.16788028670816604,4.029126880995985
3369073,6.301656035550943,0.6926586645238849,0.9970689088285438,23.929653811885053
3372764,17.387926723216207,0.443370885908578,0.3613533348280294,8.672480035872706
3374690,12.504762294414979,0.6843549291731162,0.50246339428506,12.059121462841441
3375750,39.92013245556901,0.6900088360390393,0.15739389928559863,3.777453582854367
3377349,10.755169038341512,0.7311305388893127,0.5842014462794978,14.020834710707947
3388158,36.992829220329504,0.5188855237525706,0.16984873662289787,4.076369678949549
3389834,8.659645576924344,0.7238241781762871,0.7255707235781804,17.41369736587633
3391290,9.62607483319479,0.7582868096823477,0.6527255829668493,15.665413991204385
339269,12.58062756798806,0.7575527800033175,0.49943337669159027,11.986401040598167
3392977,22.96089368123717,0.6909959913334318,0.2736472453732924,6.567533888959018
3393080,8.7609599320033,0.6962513540419507,0.717180007207596,17.212320172982302
3405178,10.847361705355683,0.6659329156695715,0.5792362675688578,13.901670421652588
3412007,6.298836512468252,0.6165965866960658,0.9975152228101674,23.940365347444015
3415245,47.83037742783124,0.66353902332948,0.1313639081493755,3.1527337955850125
341905,6.273940377533831,0.1370079055596852,1.0014735443898797,24.035365065357112
3420024,11.332632486838374,0.6964324927602954,0.5544329893761953,13.306391745028687
3421441,33.1672914574267,0.2919533754372747,0.18943920444166018,4.546540906599844
342534,3.8512961757369317,0.17910621037805666,1.6314469260410285,39.154726224984685
3430551,17.85567247513424,0.21573969102986518,0.3518873520966254,8.44529645031901
3437725,11.582896556062298,0.7598058791917398,0.5424537184432567,13.018889242638162
343860,11.902104329141364,0.08546926783400818,0.5279054134818582,12.669729923564596
3440695,12.644389115603675,0.730084014345934,0.4969148963808689,11.925957513140853
3441938,13.004528668098693,0.7215477069562223,0.48315363574789283,11.595687257949429
3442109,10.633452059632175,0.6951032312001859,0.59088857239809,14.181325737554161
344450,43.828722640535304,0.6030784380566938,0.14335770993628133,3.440585038470752
3449168,39.07194296803821,0.8638572546014441,0.16081066949548384,3.859456067891612
3451968,6.2684751831772285,0.7417582772059063,1.0023466829767207,24.056320391441297
3453897,11.392142611014645,0.7820278530777071,0.5515367496457255,13.236881991497413
346021,1.1522430447728276,0.4654281181680655,5.453003457632811,130.87208298318745
3463199,18.771751333936862,0.8103750080319869,0.3347149232592066,8.033158158220958
3463496,33.07867297901183,0.662081369493864,0.18994671615654657,4.558721187757118
3466279,12.88017033526535,0.7281940864559086,0.48781849491357243,11.707643877925738
346722,46.76203374482633,0.7755083890930633,0.13436509929114762,3.224762382987543
3469698,11.755862269427256,0.6958341453479437,0.5344725178960184,12.82734042950444
3471762,16.037469688202904,0.8013546670409211,0.3917815858321759,9.402758059972221
3481248,11.29476477867152,0.751516895121345,0.5562918246021772,13.351003790452253
3481748,36.44755326903681,0.6548476798834739,0.17238976950799392,4.137354468191854
3483392,6.302015120487718,0.6854260386005521,0.9970120964567482,23.928290314961956
3485975,6.257907271242361,0.5946081330073345,1.0040393752801975,24.096945006724738
3486269,4.605167239630891,0.4028375004363082,1.3643772267613001,32.7450534422712
3489379,9.587689667007414,0.6303605620878673,0.6553388277470963,15.728131865930312
3490533,20.346579149418435,0.8217581576916226,0.30880794560294317,7.4113906944706365
3491287,12.797049808198235,0.7739139790026391,0.49098701664459876,11.783688399470371
3492005,6.283555299077026,0.2123029100456471,0.99994111742798,23.99858681827152
3493955,10.629243816262855,0.7152488071129738,0.5911225121740312,14.18694029217675
3497192,19.836690711159985,0.7549149156701735,0.3167456406246587,7.601895374991809
3497759,36.891298933612724,0.435214964568924,0.17031618535542525,4.087588448530206
3498187,10.076608004671067,0.7558845468428842,0.6235417021548304,14.96500085171593
3502136,17.13725913264176,0.6279200175753685,0.3666388690599799,8.799332857439516
350603,44.95262438320211,0.7390247388687652,0.1397734925021972,3.354563820052733
3506385,55.9385174894834,0.8623190803192857,0.11232305733452523,2.6957533760286054
3507643,7.842728033015081,0.7145182183419398,0.8011479271918678,19.22755025260483
3508270,48.418082418258734,0.7640726434411562,0.12976939592325037,3.114465502158009
3511281,11.47367182267693,0.694343675689828,0.5476176593060034,13.14282382334408
3512757,12.086852318168798,0.6139055911421651,0.5198363595238757,12.476072628573018
3513885,12.971760780620777,0.6940756210886673,0.4843741272631531,11.624979054315673
351485,13.88288743937932,0.17042339114241306,0.45258490603021817,10.862037744725235
3520413,17.52622323926146,0.8799577135341874,0.35850195569255766,8.604046936621383
3522846,17.73096703584384,0.947653684713485,0.35436224625977153,8.504693910234517
3522874,12.257350748766168,0.7738582409203189,0.5126054916729911,12.302531800151787
3526221,9.332376051848081,0.7379803373970634,0.6732674800363765,16.158419520873036
353010,38.59307668155505,0.7176510713777489,0.16280602241237055,3.9073445378968934
3531461,11.976804851681504,0.747413556591239,0.5246128149359842,12.59070755846362
3533792,27.080215706465662,0.5514776374148801,0.23202124293564674,5.568509830455522
353953,36.15582232908477,0.7860183577850156,0.17378073301696734,4.170737592407216
3540363,35.61076816755473,0.8207799345936491,0.17644060014701532,4.2345744035283674
3540655,10.696756555440368,0.794893195647089,0.5873916335867212,14.09739920608131
3541085,11.911885915714414,0.7453682939038725,0.5274719176827134,12.659326024385122
3541889,20.426403790684038,0.7951110387917331,0.3076011505287674,7.382427612690417
3545171,9.594263623235722,0.7618642703348909,0.6548897918504917,15.7173550044118
3545983,36.128580168747945,0.7431870669305872,0.17391176951411688,4.173882468338805
3549697,31.477583380788676,0.44593984799457687,0.19960824918390416,4.7905979804136996
3549974,16.927750369016138,0.8752104863258083,0.3711766283297792,8.9082390799147
3550230,31.477678474862337,0.5058801904028368,0.19960764616733906,4.790583508016137
3551306,57.11584084607536,0.5863264247696621,0.11000775291240988,2.640186069897837
3553016,31.477735368320335,0.4398318579530944,0.19960728539268038,4.790574849424329
3553152,10.268009962368724,0.7659571053586504,0.6119185051637912,14.686044123930989
3553623,44.06137481480254,0.5394659055822171,0.1426007548241262,3.422418115779029
3554106,44.06137481480254,0.45915770402720807,0.1426007548241262,3.422418115779029
355767,12.051493216733771,0.7464506848690605,0.5213615602799528,12.512677446718868
3558911,12.024071783874778,0.7645393294929348,0.5225505486091517,12.541213166619642
3563952,10.241992115688312,0.8270965601578689,0.6134729685600159,14.72335124544038
3564769,13.362346962875687,0.7090025182090084,0.4702156982329542,11.285176757590902
3570588,41.53079574943758,0.7974934791891458,0.15128978854840927,3.6309549251618227
3572241,9.776425155312703,0.5754888073679968,0.6426874043796242,15.424497705110982
3574728,9.464049633382121,0.7290482585076246,0.6639002911625892,15.933606987902142
3575833,6.317926175250522,0.15053119314547198,0.994501222852678,23.86802934846427
3577682,6.318275980564543,0.6442808795572222,0.9944461632424892,23.866707917819742
358301,17.513784113901103,0.36483473866808436,0.3587565808917602,8.610157941402246
3584675,12.332526729994504,0.7601620078052002,0.5094807775196597,12.227538660471833
3584800,19.100647377089754,0.17111198641835432,0.32895143201878824,7.894834368450917
3585227,1.8333239177453535,0.7828873888386912,3.427209587112534,82.25303009070082
3589854,10.251712474954909,0.650789445958714,0.6128912923113582,14.709391015472598
3591037,11.247277697613518,0.6070881326701505,0.5586405418364279,13.40737300407427
3592837,10.94977367671713,0.7121655845010375,0.5738187375086786,13.771649700208286
3593893,37.592479309327764,0.8481013485654013,0.1671394231670309,4.011346156008742
3597960,9.452652071339823,0.5000250143627649,0.6647007908214487,15.95281897971477
3600403,12.61149454978339,0.6499876335097792,0.4982109996857988,11.95706399245917
3605112,10.840312856843818,0.7560167841376818,0.579612912482763,13.910709899586312
3605747,9.955793912484223,0.7393487172822609,0.631108414096508,15.146601938316191
3605763,17.189521202430353,0.5711619821126673,0.36552416051537456,8.77257985236899
3606435,13.844805384390055,0.7409526610809025,0.4538298035062193,10.891915284149263
3610810,40.26201471666523,0.6532359514673024,0.15605739929797538,3.7453775831514093
3611303,43.09086694702108,0.6884277518441592,0.14581245986312072,3.499499036714897
361795,34.02998908400522,0.6976005209888307,0.18463671239121288,4.431281097389109
3619023,59.64580508534177,0.5206511880982566,0.10534161284585809,2.5281987083005943
3621142,9.933977443469393,0.7744817526301129,0.632494420581774,15.179866093962575
3621579,11.779487694329903,0.7189213938514337,0.5334005578361459,12.801613388067501
3623749,6.304945474445409,0.38588245657197623,0.9965487144410655,23.91716914658557
3625305,37.870709744109725,0.8318065925091431,0.16591147484783675,3.981875396348082
3630417,10.082007592997464,0.7649543616160407,0.6232077539342086,14.956986094421005
3632428,8.848047918722719,0.8422443265729795,0.710121075845915,17.04290582030196
3635248,10.756440788360655,0.7148456303951487,0.5841323752721722,14.019177006532132
3636597,50.05097919310547,0.8226495830773007,0.12553571195756139,3.012857086981473
363751,2.5377258829993945,0.2934150564912947,2.4759117402204804,59.42188176529153
3638758,10.584892085589287,0.7098535660102472,0.5935993731796072,14.246384956310573
3639805,9.679448766770872,0.7442243306021565,0.6491263561153905,15.579032546769373
3639968,10.023973092526097,0.6776469023219663,0.6268158592588748,15.043580622212996
3641143,19.234509858502065,0.3983318626591869,0.32666209606595636,7.839890305582953
3642289,61.32940066616837,0.790144900233844,0.10244980774197636,2.4587953858074325
3642730,10.400311032938383,0.7880629436108417,0.604134365528144,14.499224772675458
3646407,12.933772404465145,0.305042719408144,0.4857968047288688,11.659123313492852
3646963,12.93365680001614,0.4525334649131659,0.485801146909337,11.659227525824088
3649421,10.994023841411588,0.7869701178007473,0.5715091578674302,13.716219788818325
3650526,147.54302231766556,0.5717445086276264,0.042585445305923425,1.0220506873421622
3663284,21.1894978003589,0.5873038744860916,0.29652355928289925,7.1165654227895825
3663882,18.418841651504593,0.6187773577107009,0.34112814617016524,8.187075508083966
3666049,11.884306689522779,0.7205988151916808,0.5286959913882777,12.688703793318666
3668485,10.54115640113898,0.702700859047027,0.5960622409985951,14.30549378396628
3672628,10.249717029051661,0.7338540311594425,0.6130106118413425,14.71225468419222
3674294,44.6824528719753,0.8436514994626717,0.14061862998395017,3.374847119614804
3675771,8.617390369339574,0.6972582680215378,0.7291285456366208,17.4990850952789
3677748,9.152341807104007,0.6243041970553815,0.6865112164301607,16.476269194323855
3678737,9.63378760835318,0.681634814434773,0.6522030132501175,15.65287231800282
3680768,6.278365743524225,0.7653756373183948,1.0007676462079853,24.018423508991646
3685402,18.113823666703723,0.6810494630300206,0.3468723899929061,8.324937359829747
3687991,37.059972854903606,0.7922055646500248,0.1695410121259229,4.06898429102215
3688536,11.175358231224644,0.5028052478668074,0.562235695462896,13.493656691109503
3691007,10.796098998425217,0.717945372160885,0.5819866331437021,13.967679195448852
3693914,40.5228670597713,0.7066096091728097,0.15505283221722385,3.721267973213372
3696853,18.527599780644582,0.6764834030656088,0.33912570335977926,8.139016880634703
3698797,12.267702816051221,0.7094829772952809,0.5121729309385116,12.292150342524277
3701954,19.823112794135653,0.1899375912607341,0.316962596764236,7.607102322341664
370327,46.791126728311866,0.6875833827807957,0.13428155606643738,3.222757345594497
370495,42.76124902564355,0.6330228048560192,0.14693643077197335,3.5264743385273603
3719046,48.639938259382724,0.7879542986717134,0.1291774934761055,3.1002598434265316
3722102,37.550427093836134,0.8890458674103523,0.16732660034673652,4.0158384083216765
3723161,6.246490797454709,0.2751067967964624,1.005874419880652,24.140986077135647
3726649,9.124305221831914,0.6115370370190651,0.6886206844709314,16.526896427302354
3729253,10.981384960341325,0.6643482613536439,0.5721669288410313,13.73200629218475
3729427,48.28934012981682,0.6451403351123877,0.13011536894661271,3.1227688547187054
3740859,40.1472469790729,0.7145670293063469,0.1565035159311111,3.756084382346666
3743465,18.9092612375205,0.7716366589521337,0.332280845256516,7.9747402861563845
374379,38.11113930789623,0.7981260583898191,0.1648647986201183,3.9567551668828393
3745506,16.919585649543123,0.20978207909352325,0.37135574341616634,8.912537841987993
3749370,10.237036381029155,0.671459226232604,0.6137699499459942,14.73047879870386
3751606,11.008672000830224,0.6282317262774556,0.5707487067200964,13.697968961282314
375186,57.69913392779423,0.47207289971693706,0.10889566063578149,2.6134958552587557
3752096,8.290211541122218,0.778802628781621,0.7579040988294313,18.189698371906353
3753903,6.296381019415728,0.5915885649878987,0.9979042386101713,23.94970172664411
3753972,96.95108551511268,0.6808036799041157,0.06480778707939445,1.555386889905467
3762974,35.77930604536277,0.4079264243326454,0.17560947937932203,4.214627505103729
3767967,9.030247678141906,0.7158237893640327,0.6957932419050145,16.699037805720348
377162,21.910994927251593,0.21067845605051208,0.2867594706694461,6.8822272960667075
3771707,11.867399309344947,0.6943338712989273,0.5294492199509889,12.706781278823733
3773911,61.21115962741296,0.6382793780151326,0.10264770910116378,2.4635450184279306
3787533,18.283125958797356,0.7958136193286542,0.3436603413081166,8.247848191394798
379033,35.86021832934565,0.8659918883798493,0.17521324743407488,4.205117938417797
3793026,12.359170062114034,0.6584156117099272,0.5083824622205133,12.20117909329232
379731,55.90933961289447,0.658157082396839,0.11238167631174245,2.697160231481819
3797767,10.246038804237267,0.7169667959527882,0.6132306764816432,14.717536235559436
3798134,15.069084686682311,0.7169355906759076,0.41695865660191767,10.007007758446024
3802689,55.45422911355995,0.849992785969711,0.11330398794856189,2.7192957107654854
3808897,9.655736164546521,0.6300402032818262,0.6507204836695819,15.617291608069966
3815329,10.691623951117153,0.5833807436801385,0.587673615898459,14.104166781563016
3823587,11.562467221464159,0.7954465846214721,0.5434121616808306,13.041891880339936
3844867,114.98796134631735,0.7169612843531512,0.05464211412754831,1.3114107390611593
3845748,12.856856202790464,0.7252414588237267,0.48870308635915816,11.728874072619796
3847643,10.17860259238967,0.6871435955857601,0.6172935086273428,14.815044207056227
3849347,8.233592867529605,0.1486862680769579,0.7631158606297209,18.314780655113303
3862210,16.497484175927905,0.9152873018676695,0.3808571804146729,9.14057232995215
386501,13.730811083787486,0.7341055048473228,0.4575975351229173,10.982340842950014
3879617,40.265553627879804,0.8312550461149576,0.1560436835228094,3.7450484045474255
3879717,18.36352276705328,0.5086331658550196,0.3421557719008303,8.211738525619927
3887254,46.013871564740064,0.7951645674557223,0.13654980755834342,3.277195381400242
3891987,37.628045627148204,0.6087178880425986,0.16698144170013285,4.007554600803188
3898889,19.834915056579792,0.8028658929950062,0.3167739962211373,7.602575909307294
389895,49.208824563619096,0.7879992427723207,0.12768411688144346,3.0644188051546433
3902565,10.148883419204811,0.7861149689537824,0.6191011412437615,14.858427389850275
3904626,6.730661325881702,0.2608143283861522,0.9335167828187378,22.40440278764971
3915086,10.668316313227175,0.7016450389451375,0.5889575376940541,14.134980904657299
3916678,48.55793663108511,0.8165456892313266,0.12939564040613102,3.1054953697471444
3917944,30.436809149961686,0.6912440477837379,0.2064337715633209,4.954410517519702
3920198,31.20532658046259,0.5389077169757833,0.2013497692766798,4.832394462640315
3923365,22.85883687351059,0.6701957610505174,0.274868985764569,6.596855658349655
3930712,11.89755749418591,0.6616437859240045,0.5281071606714276,12.674571856114262
393084,11.85456331641288,0.7190253716977107,0.5300225018394723,12.720540044147334
3937413,8.790479882947373,0.7127049426227012,0.7147715927737142,17.154518226569138
3941776,11.805395859243074,0.6967957868920845,0.5322299550218086,12.773518920523406
3941994,18.627882302528775,0.44379121707262853,0.3373000325606862,8.09520078145647
3942646,110.43464445078371,0.7130342501612771,0.05689505624278756,1.3654813498269014
3942817,12.803999563235129,0.19291499400804665,0.4907205187058006,11.777292448939214
3943373,11.847581654305142,0.7913421100224356,0.5303348388315534,12.728036131957282
3945426,38.58140499611309,0.8169077584788516,0.16285527465400987,3.908526591696237
3946968,12.766117994078288,0.7655056688000362,0.4921766593489199,11.812239824374078
3955613,31.624972819427594,0.8351742078182463,0.1986779670311606,4.768271208747855
3957691,10.540496313196604,0.3472780267090912,0.5960995687947916,14.306389651075
3960704,9.728133839613585,0.62910182638861,0.6458777614257374,15.501066274217697
3960961,16.841008009240674,0.2896302232276412,0.3730884341205703,8.954122418893688
3964412,37.825898560313206,0.8538049723541324,0.16610802509188458,3.9865926022052296
3973244,43.69622004117406,0.5801953720730066,0.1437924218904763,3.4510181253714314
3973779,11.812323246605507,0.8070219216597663,0.5319178264940538,12.766027835857292
3975651,13.207201492947874,0.7009736426011918,0.47573933891555753,11.41774413397338
3981681,12.082266014293719,0.7293180123736285,0.5200336840578059,12.480808417387342
3982249,46.62166798372877,0.7424704489685502,0.1347696377867144,3.234471306881146
3991291,21.1010272675575,0.7558907620751738,0.29776679720422355,7.146403132901366
3992818,10.768462247762383,0.6559382255849031,0.5834802743989924,14.003526585575818
3994498,44.42770750964677,0.8219855664652163,0.14142492735676923,3.3941982565624613
3995865,10.113236622515403,0.6777043418504162,0.6212833281475034,14.910799875540082
4000406,10.843114612730535,0.6460907675432063,0.5794631461151126,13.907115506762704
400425,9.24732175760376,0.6995525582090933,0.6794600071110465,16.307040170665115
4012679,51.730544163641746,0.7780753827549373,0.1214598726683346,2.9150369440400308
4015174,10.993316912472537,0.6989890793424424,0.5715459089559184,13.71710181494204
4016456,16.2340615714951,0.848576092079909,0.38703717363078394,9.288892167138815
4017030,13.512864558417917,0.7486486078985266,0.46497804222165756,11.159473013319781
4018935,13.513425905415469,0.21276724978654646,0.46495872705837066,11.159009449400896
4019844,12.751156005925887,0.7191937789010956,0.4927541710147363,11.82610010435367
4026380,18.482466934494177,0.9011130155612198,0.3399538237751779,8.15889177060427
4027162,24.05822846756814,0.8398097606126828,0.2611657510713924,6.2679780257134174
4027414,10.965813225987064,0.7396528675928334,0.5729794204673788,13.751506091217092
4027652,39.709376177178356,0.6798971090134197,0.15822926250829994,3.7975023001991985
4029486,124.4440030596658,0.7230956085987025,0.050490061012960635,1.2117614643110552
4035425,9.570318350019306,0.7460113869449696,0.6565283491501525,15.756680379603658
4037691,9.696626007220315,0.7484626043499671,0.6479764510357512,15.551434824858028
403779,55.151400212009236,0.46996604796854213,0.11392612486765877,2.7342269968238107
4038510,17.832475270448796,0.874995263506248,0.35234510138880204,8.45628243333125
4039586,18.842823857945035,0.9241572025839435,0.33345242488854954,8.002858197325189
4052762,8.695450423059553,0.6478827875907751,0.722583075227149,17.341993805451576
4056588,22.11918162713082,0.14960420647151706,0.28406047805461265,6.817451473310704
4060156,18.586283154897213,0.6502422476592016,0.3380549653104827,8.113319167451584
4065540,48.403012370109025,0.7634363718763877,0.12980979900870235,3.115435176208856
4071513,36.46954323145768,0.6939071376999718,0.17228582401766618,4.134859776423989
407281,15.186097554092864,0.2934620231595612,0.41374588071747115,9.929901137219307
4073552,12.008151304441709,0.6486714416414315,0.5232433492785431,12.557840382685034
407450,3.2958627816394945,0.18016013625713415,1.9063855880717453,45.75325411372189
4074683,23.083398215111743,0.653500436313723,0.27219498830402905,6.532679719296697
4075154,52.36879701349404,0.7584446687887846,0.11997956159964067,2.879509478391376
4077006,10.278742681550547,0.7754123874618432,0.6112795603354639,14.670709448051134
4080898,8.944072639438419,0.6675885967732555,0.7024971241260062,16.85993097902415
4101289,16.56850907594542,0.8303264907366692,0.37922454448853654,9.101389067724877
4104973,20.70912322782496,0.8814417423627545,0.3034018020974178,7.281643250338027
4106551,44.9191430167402,0.8635642535513315,0.13987767542310425,3.357064210154502
4108970,45.00531733486588,0.5292691366066874,0.1396098434420318,3.3506362426087635
4110858,13.097594222935655,0.7828878398329192,0.4797205654895676,11.513293571749623
4112202,33.94089574368982,0.8701649825167369,0.18512137554141408,4.442913012993938
4115285,53.679245606941095,0.828706361461482,0.11705055158910667,2.80921323813856
4116853,15.746985133307025,0.7994018361056074,0.39900877875916646,9.576210690219995
4118255,10.025844900273468,0.739888028736835,0.6266988338317706,15.040772011962495
4129542,10.625803481456018,0.7434816605378356,0.5913139009341647,14.191533622419954
4136438,12.146103864003408,0.6803095852254071,0.5173004757353212,12.41521141764771
4138379,26.541513796704486,0.2732082762834373,0.23673048023205576,5.681531525569338
4139829,10.755173546666548,0.733847746253581,0.5842012013954896,14.02082883349175
4141002,17.391278629675767,0.6348271304741748,0.3612836894268496,8.67080854624439
4141758,46.36011128014473,0.7290788799803437,0.1355299876053268,3.2527197025278434
4163254,11.607179048760882,0.3798490310031968,0.5413188924530585,12.991653418873405
4171129,10.439295097138883,0.717408520175812,0.6018783115827073,14.445079477984976
4172772,16.922501691526744,0.7194891025799252,0.3712917523492189,8.911002056381253
4173123,47.05293511810293,0.7798100638078594,0.13353439676842227,3.2048255224421345
4174192,21.26452047918642,0.8335973048449948,0.29547740393814803,7.091457694515553
4175137,32.60443635382553,0.5769817508493116,0.19270952084538553,4.625028500289253
4182729,9.220160517296636,0.6479693822986563,0.6814615966167393,16.355078318801745
4183906,34.632664852643885,0.8077629334886993,0.18142367426571054,4.3541681823770535
4187804,8.531345745512652,0.7971934826783138,0.7364823199768264,17.675575679443835
418785,8.97428149962985,0.5549969283717149,0.7001324069719387,16.803177767326527
418879,52.91957766157973,0.8303641205575739,0.11873082864267182,2.8495398874241236
4192709,9.309771547406351,0.3221415248964395,0.674902200895579,16.197652821493897
41937,48.04784234746325,0.7774218673542174,0.13076935404803489,3.138464497152837
420220,34.121769787585855,0.8949127298833065,0.18414007673967508,4.4193618417522025
420327,11.739358654647994,0.6797490095439443,0.5352238986830741,12.845373568393779
4208422,11.319959846418765,0.7032050517850128,0.5550536744321901,13.321288186372563
4210518,10.501610093189647,0.6827754448998624,0.5983068549892427,14.359364519741826
4219639,61.500492870250355,0.5972442080413024,0.1021647959868457,2.451955103684297
4222611,8.441975939115617,0.7106581246238016,0.7442789878216372,17.86269570771929
4224216,18.244371417039044,0.962167337256306,0.3443903417418648,8.265368201804755
4226399,6.7801090273731015,0.5908341290711344,0.9267085944802211,22.241006267525307
4229429,54.34927004837568,0.6592004564667788,0.11560753808812875,2.77458091411509
4229566,10.54118544790539,0.6369663775007183,0.5960605985191259,14.30545436445902
4234952,11.094331082309314,0.647065545610504,0.5663419687554272,13.592207250130253
4252841,13.189612134902914,0.8591660795379195,0.47637377376342654,11.432970570322237
4256365,13.028338934397404,0.7693448461142132,0.4822706362505452,11.574495270013085
4267513,22.9188897519951,0.4894923470803811,0.27414876441092145,6.579570345862114
4274712,46.866864598574246,0.6608804262325101,0.13406455415775198,3.2175492997860475
4278157,10.302038009537728,0.610934918716503,0.6098973136541092,14.63753552769862
4281883,23.465064218469763,0.8139198438818711,0.26776765870659675,6.426423808958322
4282396,16.019053446568602,0.7332334042395039,0.3922319959875963,9.413567903702312
4290839,9.986471007700466,0.7162480221664279,0.629169733966552,15.100073615197246
4292213,12.564847945617236,0.754104156029788,0.5000605924062324,12.001454217749576
4297735,92.7009903121635,0.6277045817399322,0.06777905269427478,1.6266972646625948
4301063,8.368517193383015,0.24100765509785085,0.7508122600438343,18.019494241052023
4305964,12.402433968893845,0.6607049522834308,0.5066090513312344,12.158617231949624
4306725,46.67074487769331,0.7774974169102872,0.13462791998810994,3.2310700797146383
4309358,13.177505643370173,0.7390426264384977,0.47681142981264923,11.443474315503583
4310040,52.441842141305955,0.8565675814349737,0.11981244461720804,2.875498670812993
4310768,12.652445752259025,0.7412938805520544,0.496598478286916,11.918363478885984
4315569,12.177237655930382,0.6456145306179731,0.5159778830562316,12.383469193349558
4319202,18.213360115258713,0.8559536536138661,0.3449767240870445,8.279441378089068
4320377,9.628767153813591,0.6446881328263756,0.6525430729406572,15.661033750575772
4320492,17.404676058614204,0.7969429367379037,0.3610055875800004,8.664134101920009
4320508,43.74917994519973,0.8072565596703041,0.14361835616233062,3.4468405478959347
4325364,10.794427124596655,0.7348623414828267,0.582076773010255,13.969842552246119
4327168,18.985634613445644,0.8952063268277022,0.3309441814881357,7.942660355715256
4329665,10.725027824704606,0.6010682976107189,0.5858432639873026,14.060238335695262
4331112,19.048109147729043,0.9570695287501884,0.32985874127714565,7.916609790651496
433281,43.95425182770077,0.8588396709555192,0.14294829387176164,3.430759052922279
4333766,8.716267233866262,0.5529507332061171,0.7208573508126096,17.30057641950263
4343459,10.969357759957841,0.7469131634621758,0.5727942733452915,13.747062560286997
4343535,5.327060281387615,0.35992511679622446,1.1794845515701422,28.307629237683415
4343791,31.45100514276403,0.4488786998841152,0.19977693172789318,4.794646361469436
4346704,19.057557505898604,0.5947630733985784,0.3296952038704249,7.912684892890198
4346789,13.35990896791281,0.8584490299820172,0.470301505966114,11.287236143186735
4347489,21.085234135941075,0.8074662495915527,0.2979898286483578,7.151755887560588
4351390,26.9490368149017,0.15502126887775136,0.23315064469039745,5.595615472569539
4354685,9.964854961312435,0.7756858099838648,0.6305345468221497,15.132829123731593
4354765,44.239914228569056,0.8270879420810133,0.14202525969460533,3.408606232670528
4354965,9.738337643471706,0.735479227822922,0.6452010124532546,15.48482429887811
4355908,19.897629403375035,0.6440416650871089,0.3157755720444684,7.578613729067241
4359545,12.216842464096274,0.6133785732989,0.5143051754694438,12.343324211266651
4361485,17.589482550469654,0.6284046200925936,0.3572126291464907,8.573103099515777
4363105,13.094764731096515,0.6990322194917337,0.4798242225962812,11.51578134231075
4367103,19.22148954865819,0.8272430385220649,0.3268833714095899,7.8452009138301575
4367166,17.02701923540123,0.6853674086736937,0.3690126392831039,8.856303342794494
437483,8.98577081973076,0.7455304855283743,0.6992372088305552,16.781693011933324
4379469,11.947615474985371,0.6927334490712506,0.5258945034123874,12.621468081897298
4381499,18.01839307507294,0.6448069801858266,0.3487095259272532,8.369028622254076
4383859,11.457535131298705,0.6415930689087677,0.5483889191852201,13.161334060445284
4389853,11.064202859442378,0.782023841674209,0.5678841383333286,13.629219319999887
4393288,10.670457688497592,0.672317885847832,0.5888393441597783,14.13214425983468
439441,8.85897609874611,0.6738243213318096,0.7092450907581636,17.021882178195924
4398228,16.76779339338762,0.6700990356546773,0.3747174812910899,8.993219550986158
4401049,17.824307674882053,0.7010315275639823,0.352506555754411,8.460157338105864
4404024,11.110351532050506,0.7159028286713098,0.5655253381546221,13.572608115710931
4405300,18.240487772984835,0.8134462449033935,0.3444636670563892,8.26712800935334
4406662,53.23604823431878,0.8005892583845495,0.11802501341805291,2.8326003220332696
440750,26.626244641086977,0.4123540178641626,0.23597714930794253,5.6634515833906205
4408405,38.11500741021439,0.540449441183312,0.16484806731260832,3.9563536155025996
440879,38.58407192468802,0.720864059265598,0.1628440181078786,3.9082564345890862
4412848,17.61751633734027,0.7259861154391314,0.3566442162941206,8.559461191058894
4413945,19.629728828995436,0.8751747240698653,0.32008518110034084,7.68204434640818
4418095,5.631557673403261,0.7595345946929786,1.115710016937913,26.77704040650991
4419432,7.907052211748446,0.2262195554083554,0.7946305574970041,19.0711333799281
4422971,1.3275874357832913,0.381341528178896,4.732784551755295,113.5868292421271
4424279,38.96165759479501,0.8951441525176721,0.161265862261953,3.870380694286872
4425201,9.70116678804429,0.7284463516694848,0.6476731556582429,15.54415573579783
4428479,17.24417026618332,0.7310721998199006,0.3643657659482304,8.744778382757529
4428517,16.005013500146767,0.6787132633490588,0.39257607043705206,9.42182569048925
4435791,16.345667342216988,0.5812350562413301,0.3843945417237023,9.225469001368856
4436368,39.649536705715136,0.6159860638171617,0.15846806367031066,3.803233528087456
4444957,15.297537621111308,0.935084807466635,0.41073180944549537,9.85756342669189
4445155,18.358975093358698,0.8700256497834844,0.34224052678477185,8.213772642834524
4449849,44.790647026276304,0.8423714169710977,0.14027895831675694,3.3666949996021662
4450046,17.75613630090256,0.7679362894728212,0.3538599389361641,8.492638534467938
4451210,32.08401772333335,0.7156005933279993,0.1958353645531772,4.700048749276253
4459872,48.354628472072626,0.7810737072817975,0.12993968738294537,3.118552497190689
4478943,44.19112307605595,0.7736586081878911,0.14218206892741317,3.4123696542579163
4481053,12.997090131359148,0.7366158851544407,0.4834301558023075,11.60232373925538
4487159,1.8434773932776654,0.8968260468418673,3.408333256535471,81.7999981568513
4493533,11.13447124838719,0.7101219945517873,0.5643002857535507,13.543206858085217
4495086,11.636358109846318,0.6363509414569649,0.539961493782402,12.959075850777648
4496463,10.095080412134012,0.7900428867287602,0.6224007190301692,14.937617256724062
4509428,10.402137504927582,0.7073338283681873,0.6040282878594123,14.496678908625896
4509495,33.083734922955855,0.9003328814937713,0.1899176535482354,4.558023685157649
4511293,11.31512306826399,0.7781429141863174,0.5552909384434629,13.32698252264311
4512465,11.787275755073127,0.6820501003292958,0.5330481306908736,12.793155136580967
4513705,18.856273572338726,0.9096631161802453,0.3332145815065351,7.997149956156843
4516764,40.84928120103429,0.6622317436420283,0.15381385234804323,3.6915324563530376
4520420,11.590349552663076,0.7779122928550216,0.5421049018953807,13.010517645489138
4523704,19.946386152549184,0.800964354383485,0.31500369335708384,7.560088640570012
452441,27.42602807582603,0.7889103996725978,0.22909570754497036,5.498296981079289
4527825,19.10064390909556,0.8250237184585159,0.32895149174461014,7.894835801870643
4531882,20.741463277494557,0.5118750420261272,0.30292873859083663,7.27028972618008
4536644,8.513869534202605,0.6768910637011932,0.7379940791831806,17.711857900396335
4539263,42.257756417722746,0.7573317938338164,0.1486871485809512,3.5684915659428285
4539471,10.660412319148474,0.7640040955422754,0.5893942109437537,14.145461062650089
4541566,15.528709303399058,0.2604482715435235,0.4046173564343991,9.710816554425579
4544582,10.808711830601192,0.7351007732082422,0.5813075050618783,13.95138012148508
4545362,18.352748351937198,0.6315895769995893,0.3423566425415719,8.216559420997726
4546177,5.414501010092043,0.525999722358944,1.1604366303503149,27.850479128407557
4547090,10.261855660200423,0.7451702651513582,0.6122854886322646,14.69485172717435
4551971,11.802710329215166,0.7213123010285389,0.5323510559796475,12.77642534351154
4558251,11.112452646693852,0.6513787861338532,0.5654184100437039,13.570041841048893
4559208,6.171090983650862,0.6410793687182503,1.018164425678652,24.435946216287647
4561381,68.44560427339864,0.7793434656599669,0.09179822976041054,2.203157514249853
4564726,38.156830859213095,0.9189496449851391,0.16466737844037932,3.9520170825691037
4573801,49.533116920967366,0.7450455222231612,0.12684817144062893,3.0443561145750944
458198,39.22575586386072,0.8639684590037874,0.16018009516467674,3.8443222839522417
4583938,18.52843905650219,0.8133758929761749,0.33911034210810254,8.13864821059446
4586691,10.110321315019066,0.7221549187273902,0.6214624749705828,14.915099399293988
4587625,58.74817749898835,0.5633246891715086,0.10695115277895699,2.5668276666949676
4588605,14.794048804245453,0.7730800092864573,0.42471032712670914,10.193047851041019
4589162,96.02469788596316,0.5874934874877309,0.06543301302172656,1.5703923125214376
4591998,43.97727154028372,0.785965538680792,0.14287346820559596,3.428963236934303
4594482,21.105265754441056,0.7410198255888483,0.29770699787835897,7.144967949080615
4595090,46.37561562639041,0.8426871029839151,0.13548467707249345,3.251632249739843
4598268,10.666273749061856,0.6922526550233427,0.5890703215574435,14.137687717378645
4598709,11.74522922472893,0.6928315396518359,0.5349563799019509,12.83895311764682
4600029,47.633054044886975,0.7756358123522781,0.13190809267150141,3.165794224116034
4600514,54.57102737254329,0.6395508197432667,0.11513775000580051,2.7633060001392122
4600749,12.238288443846367,0.70695014202438,0.5134039237601795,12.321694170244308
4601692,53.235168603381005,0.684945574483855,0.1180269636035404,2.8326471264849697
4602472,49.77458750645582,0.8513642260297332,0.12623279512591942,3.029587083022066
4620408,7.816203563986411,0.7397501488463083,0.8038666413615057,19.292799392676137
4628138,7.81142817522257,0.29844308252676205,0.8043580720756688,19.30459372981605
4630301,17.216413780947025,0.9431622993640012,0.36495320030778017,8.758876807386724
4632819,54.95888117303414,0.8007958328760751,0.11432520409935971,2.7438048983846333
4635162,45.628449200035696,0.8100298160066611,0.13770324035414885,3.3048777684995727
4635950,38.207870362051885,0.7985687780904175,0.16444740959496282,3.9467378302791074
4636407,36.03551928763925,0.8312560710278032,0.17436089256898313,4.184661421655595
4637684,58.947134647677345,0.612609444723883,0.10659017346192855,2.558164163086285
463861,42.10465460824283,0.3841732524705057,0.14922780784311496,3.581467388234759
4639532,6.367069056315939,0.18295739394134924,0.9868253746905504,23.683808992573212
4645153,19.11480121013509,0.5261298191284737,0.3287078551383575,7.888988523320579
465267,11.435875716828873,0.3445119043315584,0.5494275613657937,13.18626147277905
4670587,17.56567156457272,0.6000891280519695,0.3576968454682833,8.5847242912388
4672469,11.420502379285095,0.6553735222193064,0.5501671553938159,13.204011729451581
4673486,18.964837140930776,0.8869441147495325,0.33130710590806656,7.951370541793597
4678343,32.41749765002332,0.7806548290165896,0.1938207993415268,4.651699184196643
468106,34.649576056380944,0.5846626317182344,0.18133512793795054,4.352043070510813
4685468,54.664568367849185,0.6806295619615016,0.11494072842391681,2.7585774821740037
4686368,22.159358145033906,0.9034172740918166,0.2835454558771911,6.805090941052587
4689389,34.10045866508057,0.6832194992821563,0.1842551553012884,4.422123727230922
4700766,40.3670140911696,0.6806854437686016,0.1556514755584573,3.7356354134029752
4704692,23.865992120878403,0.2920068120149895,0.26326939501848495,6.318465480443638
4705315,40.80267974952651,0.750257596882503,0.1539895258289377,3.695748619894505
4712274,16.074249973098986,0.5450010634080693,0.3908851310446704,9.381243145072089
4712625,58.263823432383155,0.6440389328644528,0.10784025038232178,2.5881660091757226
4716383,13.310111247555929,0.48160317960669774,0.47206106623138383,11.329465589553212
4731249,52.65380033827707,0.43387208421890466,0.11933013888480862,2.863923333235407
4733799,47.166479890999206,0.716340316919359,0.13321293685049004,3.197110484411761
4750024,42.63111853627943,0.7885140564962414,0.1473849507803213,3.537238818727711
4760335,42.305971690484014,0.8350935082737926,0.14851769280110586,3.5644246272265407
477364,36.49359696541018,0.650503709464183,0.17217226663447274,4.132134399227346
4775413,60.58070707731434,0.6687624896234765,0.1037159453943127,2.4891826894635045
4775916,49.86414887091451,0.7583361254956558,0.12600606747435197,3.0241456193844476
4778367,10.85334100307862,0.6652825658982652,0.578917156053359,13.894011745280617
4787449,50.610159672403206,0.7947864335974896,0.12414869559492206,2.9795686942781296
4791589,66.68806283835897,0.5826244829188683,0.09421754118737871,2.2612209884970893
4797842,42.80549134903063,0.8149110052558887,0.14678456219430536,3.5228294926633286
4797994,44.142726442918764,0.8907991436815883,0.14233795267051327,3.4161108640923183
4801356,11.49425419587113,0.1239468128088832,0.5466370588390658,13.11928941213758
4801721,49.66573407191192,0.6102230191999662,0.12650946219947234,3.0362270927873363
4803693,58.759453684431804,0.6363969615146954,0.10693062840446904,2.566335081707257
4804945,11.296978689781495,0.6469403070110787,0.5561828060154652,13.348387344371165
4806531,23.22314635387144,0.8629950106254444,0.2705570214921434,6.493368515811442
4807090,48.26825794247352,0.8445161228669624,0.13017219959891518,3.1241327903739644
4808718,31.363986814123283,0.2947331868913772,0.20033120611918673,4.807948946860481
4809909,18.329274108086075,0.7057819411701779,0.34279509761969895,8.227082342872775
4815083,9.477167715513978,0.6170658091337015,0.6629813353301861,15.911552047924467
4824998,42.76055427216981,0.7437701860787965,0.1469388181263338,3.5265316350320113
4826100,11.390724917171653,0.3555386568156893,0.5516053941139084,13.238529458733801
4830870,12.292606746693997,0.7116830028581193,0.5111353056884701,12.267247336523283
4831762,31.298748016796296,0.8157896848395649,0.20074877448157832,4.8179705875578795
4835022,11.995051253861908,0.7024874675880594,0.523814794468399,12.571555067241576
4837436,29.128199886770652,0.6233749884903788,0.21570798510048889,5.176991642411734
4837778,55.29133392630546,0.5944319788452886,0.11363779567253832,2.72730709614092
4838790,47.2062137696918,0.6903523875168769,0.13310081036860516,3.194419448846524
4841915,35.45684912017474,0.8906672849633483,0.17720653309841033,4.2529567943618485
4852402,11.685624539705048,0.6501096828205444,0.5376850236656823,12.904440567976375
4860319,102.2235296292787,0.7384861888761091,0.06146515709216879,1.475163770212051
4862473,12.32766841341795,0.7620493645098039,0.5096815631689692,12.23235751605526
4865480,6.287493176000015,0.17304260122505424,0.9993148511338553,23.983556427212527
4874456,12.586738514288339,0.21237247544481802,0.49919089842431996,11.98058156218368
4879810,12.590781723396898,0.15787582072493653,0.4990305959719577,11.976734303326985
4885717,11.927113956101767,0.7351895229996593,0.526798463593549,12.643163126245176
4888119,18.46624656100622,0.8607790546051521,0.3402524322645683,8.166058374349639
4893913,40.915963776483274,0.8725921302351766,0.15356317503611852,3.6855162008668447
4895826,10.986109116419847,0.7332012742465019,0.5719208903349351,13.726101368038442
4908383,5.091455804286467,0.1528962872005492,1.2340645875566296,29.61755010135911
4908484,46.68772640545186,0.7338442737423964,0.13457895234851017,3.2298948563642442
4912051,10.992824866499388,0.6105377247305354,0.5715714917216211,13.717715801318906
4912349,41.70428137985281,0.582774675749136,0.1506604381922037,3.615850516612889
491604,31.468552568994152,0.12588398103503787,0.19966553254725752,4.791972781134181
4916255,42.49587254917434,0.8408568954667247,0.14785401334938972,3.548496320385353
4918573,6.286820910562595,0.4326355280533349,0.9994217103628799,23.986121048709116
491901,51.093337011684085,0.8178026156185517,0.12297465138639779,2.951391633273547
4919865,37.92844148828799,0.3236713759878332,0.16565893721522373,3.9758144931653696
4934114,50.99194314621575,0.8318521364811635,0.12321917776624047,2.9572602663897714
4938180,6.296826168277455,0.2509006463660692,0.9978336926042853,23.948008622502847
4942802,62.07895901209879,0.6584887992915475,0.10121280071650418,2.4291072171961003
4946334,52.005223906698575,0.5778422043915178,0.12081834929606515,2.8996403831055635
4952200,40.2314654868551,0.8241489972391011,0.15617589941466345,3.7482215859519226
4954142,19.551642866461563,0.7921910348815808,0.32136354730361905,7.712725135286857
4956156,11.641001350166217,0.07975142917713066,0.5397461196145185,12.953906870748444
4958189,41.23129061881454,0.8280809247273213,0.15238876137222981,3.6573302729335158
4959086,36.12329613049499,0.5907960386988848,0.17393720895462172,4.174493014910921
4965557,10.252822753075506,0.7566125004100267,0.6128249223166214,14.707798135598914
4971182,4.612230181818909,0.31775369885592464,1.362287886660008,32.694909279840196
4977423,16.72445134101079,0.37368520233877317,0.3756885759099493,9.016525821838783
4978341,26.761981972025847,0.4990793327166926,0.23478026828309523,5.634726438794285
4978435,21.660880305711746,0.7001103582084576,0.29007063510354086,6.96169524248498
4993440,54.86685103441141,0.6458353988333589,0.11451696586776769,2.7484071808264243
4993776,44.71396521248566,0.7482416312650417,0.14051952845875335,3.37246868301008
5003874,12.604580613133642,0.07906192160812121,0.49848428123286165,11.96362274958868
5004248,12.587705334461576,0.4092456812713862,0.49915255721612756,11.979661373187062
5011499,11.367516147025757,0.6889886918648693,0.5527315928927485,13.265558229425965
5013159,50.97047773848812,0.7954941813648964,0.12327106956729805,2.9585056696151533
5018209,6.296853736773568,0.24273974496070003,0.9978293239504424,23.94790377481062
5023483,19.32488140151407,0.7017569070708615,0.3251344821545611,7.803227571709466
5025418,21.596075630394864,0.2353799534821498,0.29094106793812446,6.982585630514987
5027964,22.304092199073352,0.6470449066432361,0.28170549382147136,6.760931851715313
5030686,6.544166300863066,0.8283701046573769,0.9601200547655612,23.042881314373467
5032915,44.49829101019222,0.5749745243277999,0.1412005981474758,3.3888143555394192
5036648,10.527927469672077,0.2132290118351396,0.5968112266426256,14.323469439423015
5037095,7.694179794640727,0.21440597819873133,0.8166153475586899,19.598768341408558
5037484,10.085146385078003,0.7302607309461111,0.6230137934810938,14.95233104354625
5037547,9.67537991349789,0.6897971354659853,0.6493993376336639,15.585584103207932
5037593,28.948308937653334,0.7443412408097421,0.21704844040153892,5.209162569636934
50402,9.767099585295602,0.710339791064888,0.6433010385845702,15.439224926029684
5042578,32.33770400265921,0.7071379310991663,0.19429905433802303,4.663177304112553
5050342,44.197870569919736,0.8631823901998448,0.14216036261837028,3.411848702840887
5051151,9.980541807271761,0.19097496183527524,0.6295435086100933,15.10904420664224
5051584,59.89217315249196,0.5297016679298613,0.10490828728458251,2.5177988948299803
5051853,6.713700336109457,0.07636698682745915,0.9358751497122448,22.461003593093878
505485,38.094261431529375,0.8797769143457231,0.16493784289460456,3.9585082294705094
5056817,2.7946276575725317,0.17665237480542648,2.2483085681035893,53.959405634486146
5071049,49.296061829428965,0.7098067429131786,0.12745815941484853,3.058995825956365
5083974,8.705310848058973,0.698578134116704,0.7217646120678793,17.322350689629104
5084794,40.82766672125741,0.7973911262657795,0.15389528258072538,3.693486781937409
5088156,13.390396730112542,0.6846404434117601,0.469230705692973,11.261536936631352
5095929,22.38528949427314,0.6458114771961415,0.2806836743740581,6.736408184977394
5099623,36.62767235325956,0.8093937964126218,0.17154203102454132,4.117008744588992
5099625,37.17824973301153,0.568144934306358,0.16900164349589009,4.056039443901362
5106418,30.17084541259351,0.7129013447837086,0.20825353818414857,4.9980849164195655
5112744,27.866639444003898,0.15072090218091955,0.22547337721885038,5.411361053252409
5115185,13.735145107724293,0.7386342294894254,0.4574531435890025,10.97887544613606
5122878,11.358754583630683,0.6393660844734396,0.5531579418252776,13.275790603806662
5124778,12.6101849529034,0.38681090078280245,0.4982627400506866,11.95830576121648
5127059,55.6676154112753,0.7817045678614888,0.11286966867107706,2.7088720481058495
5128080,17.81878370370576,0.089809977861142,0.35261583571907196,8.462780057257728
5128984,38.90871925823157,0.8688292863282496,0.1614852770012549,3.8756466480301173
5131462,36.70255523374915,0.6208575756494501,0.17119204009539912,4.108608962289579
5140312,12.589496237423313,0.14132945559354962,0.4990815508965562,11.977957221517348
514207,29.48715393652241,0.2050188695737372,0.21308212114012515,5.1139709073630035
5144133,26.96913346383266,0.7451313295206482,0.232976907307969,5.591445775391255
5145669,36.33725566170293,0.7498212709347668,0.17291303904938668,4.14991293718528
5147724,15.142233156580941,0.1308558954476463,0.41494443007231474,9.958666321735553
5148766,11.018595296088147,0.7124259371696596,0.5702346931110411,13.685632634664987
514883,11.265435578499481,0.5505508395340347,0.5577401125235928,13.385762700566227
51570,19.971668032784283,0.5376181133926895,0.31460493419305235,7.5505184206332565
5161049,48.619290038808245,0.6690630456903606,0.12923235411632514,3.101576498791803
5168861,10.517273814773914,0.7261306840548057,0.5974157769243791,14.337978646185098
516954,21.11500524944292,0.719086568310117,0.297569677722214,7.141672265333136
5180002,13.910610719365039,0.6046071729264642,0.4516829227657653,10.840390146378368
518233,37.65415981912096,0.7698060538193174,0.1668656354931854,4.004775251836449
5184349,29.19074817324434,0.3750881499830146,0.21524577821333915,5.16589867712014
5185192,11.13434311356333,0.7396456465693598,0.5643067797619518,13.543362714286843
5192334,31.88094892962686,0.78021797387465,0.1970827568855908,4.729986165254179
51934,57.626454711561756,0.631762438923908,0.1090330012253725,2.61679202940894
5193640,7.259628102024124,0.1383677638092847,0.865496857260183,20.77192457424439
5196663,12.5876736216677,0.6258889364749076,0.49915381475764287,11.979691554183429
519732,36.59002320700012,0.6244070705496287,0.1717185384560657,4.121244922945577
5197992,46.39002333566097,0.25184143716128427,0.13544259854574317,3.2506223650978363
5202649,46.77127882057225,0.8200553923853634,0.13433853992497508,3.224124958199402
5202971,33.20140349106983,0.7789771488583678,0.1892445694010969,4.541869665626326
5203142,6.296334620061289,0.523615885265233,0.9979115924303313,23.949878218327953
5207635,9.660166207577271,0.7247862914181231,0.6504220706110794,15.610129694665904
5217658,47.99608637207609,0.8369852317389682,0.13091036753436452,3.1418488208247486
5220419,37.27795377182565,0.900486382842577,0.16854962977952836,4.045191114708681
5222353,18.50696546674719,0.6253636552964696,0.3395038110634097,8.148091465521833
5224341,34.293204556335404,0.7972209764678325,0.1832195441769765,4.397269060247436
5230123,18.506755889942475,0.47800100072564305,0.33950765572015745,8.148183737283778
5238090,11.941027205992771,0.17829917039719245,0.5261846572149406,12.628431773158574
523832,16.87315777080088,0.8765089463657143,0.37237755922917304,8.937061421500154
5241794,6.287069146148596,0.22522332775743545,0.9993822496812542,23.985173992350102
5241993,6.295939153693825,0.06755401989443809,0.9979742741784986,23.951382580283965
5244248,11.841398938599017,0.7268313228783315,0.5306117410417188,12.734681785001252
5253415,10.089278600771703,0.6372121235872303,0.6227586288180209,14.946207091632502
525739,35.72835259269304,0.6021786495687405,0.1758599221970449,4.220638132729078
5259059,14.640596592710285,0.19209224625769009,0.4291618355435088,10.299884053044211
5267038,22.650305365132315,0.9245321269522402,0.27739958494563466,6.657590038695232
5272753,12.93307225552419,0.754719416666685,0.4858231039802478,11.659754495525947
5278136,27.66419152918401,0.6176749276526048,0.22712340248769658,5.450961659704718
5283387,46.63506790389095,0.7997222318832591,0.1347309136576888,3.233541927784531
5291858,45.34085785489508,0.6723715906099201,0.1385766746471305,3.3258401915311318
5292538,40.65782329968269,0.9018877869091839,0.1545381625786303,3.708915901887127
5294696,10.924294127036555,0.7207840657485107,0.5751570979427696,13.80377035062647
5302684,41.70813944895963,0.8350784801253857,0.1506465018625115,3.615516044700276
5305589,35.83425348008617,0.3756648762135012,0.17534020377098916,4.20816489050374
5307666,25.602265405810062,0.2668719878273308,0.24541520867734262,5.8899650082562225
5308085,25.477035669769705,0.4638001725392082,0.2466215217744122,5.918916522585893
5308380,4.01394783357855,0.5815171213341207,1.5653380581127148,37.56811339470515
5308437,13.57999810007426,0.7016401520992928,0.4626793951572959,11.104305483775102
531331,40.57934536064187,0.8377435625919807,0.15483702980762432,3.7160887153829836
5313348,39.008760705361,0.784780889419256,0.1610711336009217,3.8657072064221207
5316376,10.545829727067721,0.056693915690554104,0.5957980993238199,14.299154383771677
5323578,26.488167532364262,0.8696305578300298,0.23720724733043722,5.692973935930493
5325419,34.693022074567374,0.7239718318810255,0.18110804223612562,4.346593013667015
5327549,54.76043444214921,0.6316716585160287,0.11473950802595179,2.753748192622843
533976,10.07143202224041,0.17140961780491676,0.6238621571693713,14.972691772064913
5341713,7.6962964637722715,0.35241951617911504,0.8163907584323926,19.593378202377423
5350318,29.684029264905387,0.6913881911021783,0.21166888265428385,5.0800531837028124
5353858,10.199933258652557,0.7482219307090234,0.6160025901982829,14.784062164758788
5354706,52.39080900616698,0.8029048403159897,0.11992915219995906,2.8782996527990177
5357820,28.26885435950996,0.12103298212570802,0.2222652968978862,5.334367125549269
5364504,10.76257011243451,0.6740777026201574,0.5837997096920486,14.011193032609167
5370012,42.36999902675373,0.6891601190043631,0.1482932605972492,3.5590382543339807
5374444,17.363000872785648,0.7161387328957808,0.3618720838186273,8.684930011647054
538267,29.752315864912415,0.5850158837157733,0.2111830667470659,5.068393601929582
5390545,12.345576584875115,0.7104899174629898,0.5089422323844541,12.214613577226899
5392375,15.44765183757555,0.24678698245519815,0.40674047895720233,9.761771494972855
5398724,47.49911079874574,0.6694016604643639,0.13228006170055503,3.1747214808133206
5398864,11.337459319892549,0.737649102690888,0.554196943944504,13.300726654668097
5403552,18.636573231170193,0.1739829632145134,0.3371427369850795,8.091425687641909
5405675,11.714813399835474,0.17133541786424392,0.5363453170553983,12.872287609329561
5408382,19.049571312264934,0.8216170607335582,0.32983342271509286,7.916002145162229
5409348,5.624131417840475,0.6646258977488013,1.1171832306849208,26.812397536438098
5415049,34.206797461963895,0.7434729965070507,0.18368236062338628,4.408376654961271
5415201,19.727031880953596,0.23466122265669617,0.31850636958953704,7.644152870148889
5416042,7.931607169647758,0.671915747268891,0.7921705113213041,19.0120922717113
5418740,6.070597646881574,0.3080804643602947,1.0350192308342518,24.840461540022044
5421989,11.755134217237261,0.7531127705991272,0.534505620358309,12.828134888599415
5423183,12.635869787785902,0.7710974972377949,0.4972499252289736,11.933998205495367
5424357,12.146594006498372,0.670127613425657,0.5172796014930696,12.41471043583367
5427503,11.602063460077456,0.7436630976891528,0.5415575710993085,12.997381706383404
5439121,2.7760895361033566,0.18171901318833167,2.2633222831850537,54.31973479644129
5444152,25.864537634161888,0.6748956472490356,0.24292664326930605,5.830239438463345
5447374,12.391275925629452,0.7213940911397896,0.5070652404877678,12.169565771706427
5452145,7.764406777207789,0.20628800835365857,0.809229280158751,19.421502723810022
5454943,20.875167483535062,0.40433771138397345,0.30098849803889444,7.223723952933467
5458442,44.15345923478519,0.576912902813268,0.14230335326092722,3.415280478262253
5461623,10.058090730555701,0.17034310246231926,0.6246896628295224,14.992551907908538
5461950,45.111674266343606,0.8265464281569551,0.13928069417426328,3.342736660182319
5463647,47.167369910976916,0.8176633214675089,0.1332104232022771,3.1970501568546505
547201,20.526861342127198,0.31999712507914113,0.30609576410420963,7.346298338501031
5473273,48.267956625779455,0.7999041730768497,0.13017301220959077,3.1241522930301784
5479023,10.00587024533253,0.3365227559085035,0.6279499087158885,15.070797809181325
548881,40.77588152129939,0.6757698342677692,0.15409072894960094,3.6981774947904222
5491372,49.916150308440095,0.5720260573842003,0.12587479740233876,3.02099513765613
549204,12.584600756322173,0.16997154534360137,0.4992756964517193,11.982616714841264
5498510,11.329295100153075,0.7849613584300321,0.5545963143898239,13.310311545355773
5505936,33.26471225099983,0.932436118451298,0.18888440278002808,4.533225666720674
5507324,45.77431171287596,0.843072593194051,0.13726444095088763,3.294346582821303
5512298,7.335738827111579,0.20362245494014275,0.8565170401048162,20.55640896251559
5514063,15.694209628364561,0.7024562335762251,0.4003505404836583,9.6084129716078
5518726,36.34682418339384,0.6689225190572595,0.1728675186441805,4.1488204474603325
5524072,42.6174576067349,0.8737623942343388,0.14743219469259575,3.538372672622298
5524751,54.5280210639374,0.556045935987531,0.11522855927252837,2.7654854225406806
5530643,12.813759839373725,0.8750493927284737,0.4903467355360297,11.768321652864714
5533483,6.287649459220193,0.48006188995480376,0.9992900125763118,23.982960301831483
5535277,36.565648174994,0.16083597645156827,0.17183300777576377,4.123992186618331
5540818,12.579556221448728,0.14826038601460062,0.49947591127789254,11.98742187066942
5543919,67.31242242298393,0.7662095653234923,0.09334362189042514,2.2402469253702035
5544521,6.287654857404957,0.37284974723546954,0.9992891546487946,23.98293971157107
5545638,6.286659070444928,0.2529369617287214,0.9994474388977648,23.986738533546355
5547191,11.26010303023944,0.34582615190862487,0.5580042465247298,13.392101916593514
5549773,16.75887105016952,0.8968728029522599,0.3749169790954403,8.998007498290567
5551760,23.219707891707,0.7667559141608401,0.27059708659916637,6.494330078379993
5551935,6.29600535521822,0.1648584095960443,0.997963780633063,23.951130735193512
5553496,11.213924151621537,0.7212428124394065,0.5603021049746476,13.447250519391542
5555515,11.260144094837388,0.3365037906910129,0.5580022115401112,13.392053076962668
5556154,42.510392081230584,0.8756710587671922,0.1478035134367479,3.54728432248195
5564002,19.659673681808087,0.8742660007467061,0.3195976397611156,7.670343354266775
5582985,6.296604715138775,0.32277867923525894,0.9978687866610199,23.948850879864477
558961,10.462927560798219,0.7222816982124387,0.6005188577163618,14.412452585192684
5591577,6.286936108688142,0.24935982567028284,0.9994033975463227,23.985681541111745
5592156,36.96734600876383,0.8116465018231577,0.16996582080006592,4.079179699201582
5592590,18.110052114833145,0.9242937693660688,0.34694462872546383,8.326671089411132
5596566,42.36327552401887,0.8719908645638097,0.1483167963161202,3.5596031115868847
5597135,3.160827434615392,0.06867541192959623,1.9878292748190227,47.70790259565655
5597568,6.305132851163147,0.2633381756909041,0.9965190988831406,23.916458373195375
5598232,50.16876911824707,0.6241942709922264,0.12524096998214584,3.0057832795715003
5598929,6.304160750380642,0.19041496052119278,0.9966727620009073,23.920146288021776
5598952,6.287103475289739,0.2690064646565754,0.9993767928068064,23.985043027363353
5599364,5.989643104618617,0.7740674047672269,1.0490082960593459,25.176199105424303
560275,47.33635335659792,0.8601659769949965,0.13273488263547897,3.1856371832514956
5614462,6.287326667594901,0.2770676234951863,0.9993413161691344,23.984191588059225
5622533,50.32180023769513,0.8713567972107286,0.12486010590839253,2.9966425418014206
5624948,4.156538169692735,0.5797689030711352,1.5116390252333616,36.279336605600676
5627751,43.38349329951739,0.8294526251082311,0.14482893905755354,3.4758945373812846
5633101,19.73377495450417,0.7779210656302131,0.31839753527469256,7.641540846592621
5633348,10.14806406567373,0.666917436909774,0.6191511273990411,14.859627057576986
56340,38.6894443977674,0.8260521505894782,0.16240050496931305,3.8976121192635134
5637742,18.799170462890633,0.6985358338440729,0.33422673194982344,8.021441566795762
5642558,55.675051086015166,0.684477877492098,0.11285459437607663,2.708510265025839
5645718,3.4473333958344137,0.3691249047222077,1.8226218893629131,43.74292534470992
5646132,8.496964571435715,0.7319057986374526,0.7394623402693474,17.74709616646434
5648149,10.979333847213717,0.6892659691221431,0.5722738186683433,13.734571648040237
5649548,45.25806822895732,0.8125618859042176,0.13883017002390385,3.3319240805736925
5652736,17.333339353987768,0.7880306909997455,0.3624913341198766,8.699792018877039
565638,72.75135534673652,0.6484093466638493,0.08636519934554646,2.072764784293115
565920,50.341543248075304,0.5653461688552327,0.12481113811344688,2.995467314722725
5663644,42.38959639372103,0.7382411103417729,0.14822470232602367,3.5573928558245678
566615,38.052256019419694,0.8661191545793374,0.16511991572780882,3.9628779774674117
5669410,21.430962480549496,0.7367427824106592,0.29318260030934845,7.036382407424362
5673844,47.85613058512471,0.8165673342413416,0.13129321636239039,3.1510371926973693
5680190,47.885442382660564,0.7662141449887677,0.13121284871860645,3.1491083692465547
5686075,45.126421785137104,0.8832693001446967,0.13923517661329451,3.341644238719068
569135,51.2605806624533,0.7950666792613493,0.12257343217693618,2.9417623722464685
5692103,10.774572583136203,0.7321937490374283,0.583149378659688,13.995585087832511
5694103,6.298267397381777,0.8386129853683468,0.9976053588629056,23.942528612709733
5695743,29.742560234229547,0.896960449791824,0.2112523352965598,5.0700560471174345
5698396,14.657295505287387,0.6975392184272758,0.4286728956861808,10.288149496468339
5699257,11.61517747507021,0.7615550483210489,0.5409461302390997,12.982707125738392
5702258,26.396590237949084,0.39567180572245786,0.23803018687415767,5.712724484979784
5707807,6.785723127931816,0.27276012328560684,0.9259418913389418,22.222605392134604
571184,13.193197074720269,0.17214156826330004,0.4762443304374582,11.429863930498996
5717214,6.3045652731453385,0.3142042013848211,0.9966088120212155,23.91861148850917
5719608,6.274757463313896,0.1838657178812469,1.0013431346016104,24.03223523043865
5722700,6.308982151816677,0.13441298808310492,0.9959110924684321,23.901866219242372
5723603,38.023511609532264,0.8065280371328197,0.16524474045696583,3.96587377096718
5723700,6.2748114203148,0.1726809350740285,1.0013345240683529,24.032028577640467
5725211,42.0456078136226,0.8478272846242169,0.14943737607579216,3.586497025819012
5727443,10.584392681357308,0.6801996136643829,0.593627381025498,14.24705714461195
5730150,6.29831848915391,0.5518620092632001,0.9975972663179252,23.942334391630204
573438,4.566332899012084,0.16583584328090464,1.3759805616754177,33.02353348021003
5736542,24.65889394288791,0.3243095591247439,0.2548040200721077,6.115296481730584
5744703,15.78050202960271,0.17455331173758462,0.3981613066170476,9.555871358809142
5749985,10.36337101829021,0.6812384177754858,0.6062877895706383,14.550906949695321
575145,42.25413274322894,0.8030092341674065,0.1486998998503038,3.568797596407291
5751507,44.69294844498115,0.8002959601965934,0.14058560747931959,3.37405457950367
5755090,18.869527503686115,0.1517279172736226,0.3329805320219164,7.991532768525994
5755799,56.900892001352034,0.6866142886603988,0.11042331826766952,2.6501596384240687
5755908,5.6013686894917125,0.08036769322650353,1.1217232172142098,26.921357213141036
5756850,55.841679579131615,0.8526983171304231,0.11251784248852809,2.700428219724674
575883,33.2213444039842,0.7374677363299905,0.1891309764822778,4.539143435574667
5759655,51.51716192429925,0.780528000073129,0.12196295511022663,2.927110922645439
5764052,26.9963714201448,0.8988577063332207,0.23274184553895447,5.585804292934907
5768501,10.43951891611947,0.7289397749374612,0.6018654075599054,14.444769781437728
577325,8.305144083391873,0.15422563839606965,0.7565413970052997,18.15699352812719
5773563,48.56730836721329,0.8343979293297416,0.1293706717216642,3.104896121319941
5781215,12.586970019423202,0.4623767883452326,0.49918171708392717,11.980361210014252
5783198,47.52178868750852,0.8388133138699317,0.13221693628782058,3.1732064709076937
5785619,13.276964149708075,0.7240542545307082,0.4732396078148435,11.357750587556243
5786770,6.298615993647382,0.21619369295564203,0.9975501464951414,23.941203515883394
5788033,23.170334295478835,0.7466820352930297,0.2711737011237515,6.508168826970036
5790128,11.480915713756785,0.754452556219206,0.547272139595179,13.134531350284295
5791005,10.77600111189609,0.8389068791936254,0.5830720730200472,13.993729752481132
5791973,47.82253611686722,0.8229282793454751,0.13138544747658162,3.1532507394379587
5793426,12.581756176760338,0.4496658439358548,0.4993885765156702,11.985325836376084
5795413,14.80164787088069,0.2512373846092415,0.42449228369636527,10.187814808712766
5797095,11.443249130393587,0.7183908975500147,0.5490735398298087,13.177764955915407
5799500,4.120647308315097,0.21044090353113268,1.5248054096987824,36.59532983277078
5802963,6.295910837268753,0.41415228098170814,0.9979787626575272,23.951490303780652
5806281,47.374005486778806,0.7739713693762121,0.13262938699437407,3.1831052878649775
5808634,17.2157587730418,0.5443807896618629,0.36496708568073355,8.759210056337604
5809276,11.3703587023658,0.6621110134954382,0.5525934116636321,13.26224187992717
5819081,11.915250621860563,0.1483086456496393,0.5273229667240074,12.655751201376177
5820976,24.33207963730104,0.4660234795077549,0.2582263990928039,6.197433578227294
5821232,5.840711955088943,0.17914846105949506,1.0757567494327676,25.81816198638642
5822541,45.865754719826135,0.7197442599882202,0.1369907754829463,3.2877786115907113
5823793,24.331947342848874,0.3192975187135162,0.25822780308729404,6.197467274095057
5824217,24.331974393959534,0.46798069609996196,0.2582275160021293,6.197460384051103
5825200,32.609343924801,0.5489113108619296,0.19268051886198534,4.624332452687648
5826726,11.458869021693621,0.13473093586184187,0.5483250829802164,13.159801991525194
5826774,23.694194939939113,0.22986852360015625,0.2651782566618713,6.364278159884911
5830262,37.89199806391022,0.25185871783997027,0.1658182631747765,3.979638316194636
5832464,4.0875624341861565,0.1707442495670838,1.5371472383223874,36.891533719737296
5833222,14.140015743415388,0.10791970298112079,0.44435490180451115,10.664517643308267
5835578,9.086518612165696,0.7692733155943584,0.6914843379913621,16.59562411179269
5835905,6.266667945725429,0.40555545367242246,1.0026357486302468,24.063257967125924
5836692,6.297488130968824,0.43366290871434837,0.9977288049629024,23.945491319109657
5837620,10.042080100069823,0.5255272528224593,0.6256856392866155,15.016455342878771
5838306,49.899470413232834,0.66287851827412,0.1259168735689297,3.022004965654313
5839006,10.252327352686352,0.6991261468227556,0.6128545344909654,14.70850882778317
5840211,44.18778316742535,0.5284948381851572,0.14219281567877945,3.412627576290707
5840666,18.880905596148953,0.4324916817872055,0.3327798698628702,7.986716876708885
5842276,11.687842426340485,0.2282229766934661,0.5375829924793809,12.901991819505142
5844704,5.546209850061363,0.723035570111848,1.132879115114995,27.189098762759883
5849322,27.327176187848828,0.7338917657037503,0.22992442629229423,5.518186231015061
5851959,23.549837160406177,0.7595232792629625,0.2668037687217374,6.403290449321697
5856462,47.60000016829115,0.8065848427438573,0.13199969086061358,3.167992580654726
5859332,10.26587170061146,0.6871535050107861,0.6120459606762224,14.689103056229339
5862171,45.18341432940334,0.8286411402309859,0.1390595509532083,3.337429222876999
5863483,2.313528862623096,0.34030124018517705,2.7158447896153173,65.18027495076761
5876590,8.888188057820308,0.6712931331058649,0.7069140826347953,16.965937983235087
5879190,11.665316277482223,0.9140134134693952,0.5386210847371653,12.926906033691967
5887670,12.873000048798861,0.6957900032128042,0.48809021077925424,11.714165058702102
5892467,31.510507860094766,0.2925261975972927,0.19939968391105106,4.785592413865226
5893635,44.269776685120156,0.5720015668486964,0.14192945566159756,3.4063069358783418
5895287,11.653476328221405,0.6683168910821135,0.5391683245593848,12.940039789425235
5896424,9.708466518045924,0.7400762015796998,0.6471861746137264,15.532468190729434
5898616,32.39274122310133,0.18418273326834736,0.19396892852953876,4.65525428470893
5898838,6.2880394827521116,0.24002883976934164,0.9992280303605218,23.981472728652523
5901279,23.81410045470019,0.7259324672105498,0.26384306722530326,6.332233613407278
5904405,16.686268108686566,0.6449999994694333,0.376548265091622,9.037158362198927
5905370,10.49596224088225,0.6371687569447958,0.5986288024842824,14.367091259622779
5907201,6.2845884986626235,0.5614207387935024,0.9997767250022279,23.99464140005347
5908320,19.338535935983273,0.7610167096904337,0.32490491151858314,7.797717876445995
5908537,52.20393898868673,0.8395082097404111,0.1203584524252324,2.8886028582055774
5908710,24.406942026698108,0.7502817412481589,0.257434352091572,6.178424450197728
5910099,9.393846316939518,0.2779004077336041,0.6688618373338074,16.05268409601138
5910599,9.317741895392674,0.1262011597462262,0.6743248930608843,16.183797433461223
5916303,13.767100523627263,0.07651865898038802,0.45639132919791703,10.95339190075001
5920197,48.202562849251905,0.5854595335110014,0.1303496108045031,3.1283906593080744
5921648,10.402877561350177,0.7746374478964583,0.6039853175359394,14.495647620862545
5922082,34.95733821170534,0.875884896654486,0.1797386651445814,4.313727963469954
5922266,35.693248740409594,0.9061538642089387,0.1760328781746944,4.224789076192666
5925875,38.45925171156404,0.8533317946074561,0.16337253138210017,3.920940753170404
5927155,90.2760060674264,0.7959802283748652,0.06959972622721843,1.670393429453242
5927389,7.202820706064562,0.09295042472516749,0.8723228806583134,20.935749135799522
5928884,1.3407945057139425,0.6839231211428262,4.686165762466287,112.46797829919089
5931160,9.452603465018269,0.8383133106603237,0.6647042087856632,15.952901010855916
5936039,12.58787587917578,0.485108094703545,0.4991457945318565,11.979499068764556
5944343,6.296572506662667,0.48371985895948544,0.9978738909988069,23.948973383971364
5947515,6.296578773193552,0.35088136449015755,0.9978728978868674,23.94894954928482
5949224,11.739134339570535,0.675199577179049,0.5352341259099562,12.84561902183895
5956450,6.298610841169858,0.6464809075767223,0.9975509625250308,23.94122310060074
5958664,15.250345772803053,0.04242184861850094,0.4120028096926697,9.888067432624073
5958957,55.31922770872095,0.6656890577581637,0.11358049574124941,2.725931897789986
5965880,48.99055889325185,0.6025284950254182,0.12825298280165276,3.0780715872396662
5966299,6.128958935093416,0.11725113686482017,1.02516355121962,24.603925229270878
5969557,20.843479459574276,0.4188558671813205,0.30144608626240943,7.234706070297826
5971241,513.9649628266321,0.046061230576813814,0.01222492924930954,0.293398301983429
5973048,12.587581977578372,0.37981210602659127,0.4991574488548721,11.97977877251693
5974119,17.164220136007195,0.7847549057492637,0.36606296455023235,8.785511149205576
5977769,11.301459689664615,0.7322711180905249,0.5559622809543506,13.343094742904416
5978478,19.479748198271597,0.5637219631675328,0.32254961631059903,7.741190791454377
5979243,43.68260209950126,0.8322233068186605,0.14383724881744908,3.452093971618778
5979964,6.561462115196431,0.09000788811991607,0.9575892075376993,22.98214098090478
5990278,49.28058178447439,0.8058070814300062,0.12749819664586576,3.059956719500778
5994418,44.55380416540949,0.8589040504030764,0.14102466500621963,3.384591960149271
6004454,12.585628369833199,0.6892722452293238,0.4992349307119148,11.981638337085956
6005191,48.53846863726906,0.6081182186639092,0.12944753890227179,3.106740933654523
600792,95.42384901151746,0.5789645584051684,0.06584502063442461,1.5802804952261909
6009761,54.178067371528385,0.422226303597661,0.11597285787424601,2.7833485889819043
6010686,17.94556591967086,0.30835983145836543,0.35012466785972646,8.402992028633435
6011733,25.725053411476644,0.6258610988145104,0.2442438196989899,5.8618516727757575
6018480,51.6606294803153,0.5970584596625772,0.1216242498472405,2.918981996333772
6018678,13.195424624704652,0.7303113347245911,0.47616393453653033,11.427934428876728
6019540,6.2962143523571426,0.3791636575244246,0.9979306541282733,23.950335699078558
6022777,12.674211315811569,0.6986017802975862,0.4957456642166814,11.897895941200353
6023067,9.428652055796578,0.28563840185038264,0.6663927430980751,15.9934258343538
6027467,9.697836324826369,0.6406748947230615,0.6478955817283378,15.549493961480108
602919,35.7888461731781,0.6697680596009568,0.1755626676751739,4.213504024204173
6034357,40.936404735774936,0.764396609008342,0.1534864956445141,3.6836758954683386
6038238,47.303203449394935,0.8151705140502226,0.13282790274238723,3.187869665817294
6046177,51.06074994825715,0.8516483743568879,0.12305313403243599,2.9532752167784637
6052784,16.47501020580854,0.38395411857680206,0.3813767171424479,9.15304121141875
6059165,19.96680588781039,0.8446003818174356,0.31468154408289367,7.552357057989449
6066224,49.41630578169641,0.6296604153835939,0.12714801739604847,3.0515524175051634
6067288,3.8254859969445296,0.05601132737364392,1.6424541384279163,39.41889932226999
6070196,6.309134380261189,0.19342682959222748,0.9958870628651075,23.90128950876258
6073983,17.940840431931814,0.13301402202379511,0.35021688816743085,8.40520531601834
60758,42.501505402156454,0.7818539661395584,0.1478344178100757,3.548026027441817
6077741,19.4051718843347,0.8977298511803298,0.32378921169215935,7.770941080611824
6080413,3.8476779180038583,0.10431323360864965,1.6329810969311194,39.19154632634687
6080435,6.282073640052489,0.12918336582923476,1.0001769586271656,24.004247007051973
608497,12.938143904406425,0.645239593772058,0.4856326652109413,11.65518396506259
6086140,40.58588475526122,0.6724441887173754,0.15481208171432276,3.715489961143746
6091366,6.281618870676852,0.14478961843337518,1.0002493682814866,24.00598483875568
6095048,59.82364416219192,0.689139363995553,0.1050284614916607,2.520683075799857
6095137,7.857031302044046,0.10913121855869112,0.7996894839333253,19.192547614399807
6095278,12.739166374738979,0.6876535643689884,0.49321793297548694,11.837230391411687
61011,9.486163678993096,0.6850109822799616,0.6623526137434845,15.896462729843629
6101322,40.64444336173222,0.3605475761445111,0.15458903573262772,3.7101368575830653
6102373,10.698627066431197,0.6400782108958182,0.5872889360630368,14.094934465512882
6102896,12.13981888308026,0.1643666805124483,0.5175682905728278,12.421638973747868
6103850,14.320503299962182,0.8018945477787988,0.4387545029367913,10.530108070482992
6107632,12.580871200422898,0.7738059140079915,0.49942370501085653,11.986168920260557
6110236,9.158213305461995,0.11134633432852571,0.6860710815102188,16.46570595624525
6110582,1.681750506675124,0.11381077040504865,3.7360983583716294,89.6663606009191
6111916,6.330028630425478,0.11897030288127886,0.9925998244272171,23.82239578625321
6127356,12.06855813873948,0.6951118377142985,0.5206243558632634,12.49498454071832
6139014,12.779760117794934,0.1496843241141614,0.49165127117141144,11.799630508113875
6145822,13.062510432139312,0.6586884905450844,0.48100901735705315,11.544216416569276
6153728,22.59702045872928,0.8146601980976742,0.27805370706527716,6.673288969566652
6158163,39.759213530814996,0.7638929196333953,0.1580309253931762,3.792742209436229
6159569,18.449533173924998,0.9023260685649023,0.34056066611266383,8.173455986703932
6160611,32.898766848380525,0.4219410549654679,0.19098543529417675,4.583650447060242
616222,36.30153194779964,0.8973926753245661,0.17308319980034428,4.153996795208263
616271,6.2970787807610895,0.4410321186189123,0.9977936636867318,23.947047928481563
6163108,2.2603878870872087,0.7979726405721915,2.779693407079903,66.71264176991767
6164749,12.582473064475733,0.16947441320309972,0.49936012379942923,11.984642971186302
6169696,10.772271108563093,0.1817982176680361,0.5832739673795396,13.99857521710895
6178367,46.83857208177476,0.46420109386392844,0.13414553492813291,3.21949283827519
6178586,12.581136819613015,0.09639542983078918,0.49941316093030547,11.985915862327332
6184078,65.00924644567493,0.6394590616786237,0.09665064049665825,2.319615371919798
6184914,6.314605613719169,0.18742804760138854,0.9950241854421884,23.88058045061252
6185424,35.32343234323432,0.7642936897831226,0.1778758430417093,4.269020233001023
6185920,31.830556376656222,0.8155954603734128,0.19739476849947638,4.737474443987433
6187529,37.4568982506648,0.711756969444334,0.16774441025874506,4.025865846209881
6196048,10.890809825423212,0.7389019165628197,0.5769254452053959,13.846210684929503
6196864,28.921278799360934,0.7979088565065106,0.21725129620888078,5.214031109013138
6202771,22.666033839336517,0.5110988397765542,0.2772070910913062,6.652970186191348
6203592,12.584273354664937,0.1970125659862637,0.4992886859733094,11.982928463359425
6203836,12.582442644309083,0.12458129527457429,0.4993613310863301,11.984671946071922
6204236,14.844162012247168,0.27106967837066204,0.42327652460244286,10.158636590458629
621395,34.20611662429568,0.8605912367422777,0.18368601663238232,4.408464399177175
6216702,18.889761681946673,0.15089350251710498,0.33262385269712286,7.982972464730949
6225979,10.50908140192877,0.7167865685504687,0.5978814957153544,14.349155897168506
6226117,52.65385106423988,0.747657300836477,0.11933002392386911,2.863920574172859
6231902,10.438379467704753,0.758141703333507,0.6019311068944274,14.446346565466257
6235138,19.122827665838237,0.7122129186571711,0.32856988605320714,7.885677265276971
6240115,12.58231658596941,0.4309885343180776,0.4993663340331136,11.984792016794726
6240176,6.28200721623818,0.3743271993088332,1.0001875341592033,24.004500819820876
6243686,51.83439433783777,0.8297707209475887,0.12121652789512817,2.909196669483076
6244025,38.79115454961478,0.7410207015274857,0.16197469191444785,3.8873926059467485
6246025,12.107676486139349,0.7357080430719078,0.5189422854477871,12.45461485074689
624656,41.50903147459714,0.7863872965349361,0.1513691137559978,3.632858730143947
6248770,12.927847670755549,0.7040876001814904,0.4860194416888867,11.66446660053328
6252703,16.9506464626996,0.8653625218333072,0.3706752613244529,8.89620627178687
626435,28.698748505063563,0.89618445357411,0.21893586426150224,5.254460742276054
6266717,10.622491636843648,0.7760304644274464,0.5914982587876683,14.195958210904038
6270279,13.302978502608237,0.6316212585413862,0.4723141742992127,11.335540183181104
6271556,39.10527845764825,0.86682081720592,0.1606735856384297,3.856166055322313
6271970,52.25904939141126,0.7859977844079886,0.12023152698625673,2.8855566476701617
62758,30.05507934805979,0.7550384196169667,0.20905568853822368,5.0173365249173685
6276308,12.018381146094766,0.7051787495978121,0.5227979734376484,12.547151362503563
6277201,9.613954943754479,0.7136853840209286,0.653548445352486,15.685162688459664
6279070,47.78290065653701,0.4910182685589458,0.1314944304520786,3.155866330849886
6281146,3.729352956454829,0.29545772385033053,1.6847923434826784,40.43501624358428
6282624,32.3928736542189,0.6352750161912835,0.193968135530367,4.655235252728808
6282701,41.54454505032603,0.781898374354268,0.15123971870598876,3.6297532489437305
6284132,9.538687329094234,0.7437547141234334,0.6587054476578822,15.808930743789173
6288130,42.49051476817697,0.5632162135802175,0.14787265679081257,3.5489437629795018
62892,11.837781265619165,0.7693697461441764,0.5307738980976136,12.738573554342725
6290048,21.38677418030349,0.793019300264513,0.293788359768917,7.050920634454007
6290507,11.269168605526577,0.6349326983742006,0.5575553554233108,13.38132853015946
6290827,6.296707934664963,0.19305099941725656,0.9978524289794464,23.94845829550671
6290968,3.942224475755212,0.7055453699214308,1.5938172333466414,38.251613600319395
629195,42.06311638837002,0.7071759638147886,0.14937517346947732,3.5850041632674556
6296545,9.862724296837552,0.7921747926319747,0.6370638697863903,15.289532874873366
6299726,10.272049180501218,0.7741036519372455,0.6116778840103841,14.680269216249219
6311319,10.258612847845763,0.6520724279554069,0.6124790359448072,14.699496862675375
6312334,43.29226169902963,0.8441198276687979,0.1451341431607492,3.483219435857981
6312625,20.639294486170513,0.5770003748992882,0.30442829871872185,7.306279169249324
6319490,3.491459680499222,0.10571729013629096,1.7995869585070483,43.19008700416916
6320957,516.2787401583358,0.37082038162910214,0.012170141472903991,0.2920833953496958
633216,6.287122783164074,0.47412287071588455,0.9993737237015584,23.9849693688374
6332356,60.2116714781481,0.8168800582622313,0.10435161743450135,2.5044388184280324
6341389,49.937184067687035,0.6838174958611812,0.12582177838988845,3.019722681357323
6341391,12.587736668270937,0.45114248715894734,0.49915131470911606,11.979631553018786
6342127,40.40400293781343,0.8646518606258615,0.15550898055448012,3.7322155333075226
6342422,34.8195601535073,0.577663615848408,0.18044987585940814,4.330797020625795
6344529,23.420552732377203,0.512252146863012,0.2682765594380504,6.43863742651321
6346477,20.88766149292605,0.9235718273087222,0.3008084609810194,7.2194030635444655
6348779,48.75999881363492,0.7855667587866918,0.12885942288871832,3.0926261493292397
6355447,49.70798607711123,0.7694274228402082,0.12640192860424035,3.033646286501768
6357779,46.24452445244525,0.814535543899373,0.135868740820133,3.260849779683192
6358688,57.95291726409998,0.5650818609252728,0.10841879242327328,2.6020510181585585
636251,42.76322453635855,0.8497030329242129,0.14692964282516716,3.5263114278040115
6362782,1504.6815619328213,0.6199058519182338,0.00417575749323903,0.10021817983773672
6367473,18.88042420453322,0.11003657149597541,0.3327883547060867,7.986920512946081
6370739,32.67985771377164,0.5855548158258974,0.19226476939438403,4.614354465465217
6375464,9.184489789816013,0.8040631285544418,0.6841082576134535,16.418598182722885
637718,55.31955401251468,0.5458623317208813,0.11357982578381183,2.725915818811484
6389240,42.92994692341133,0.8807807771023165,0.146359028078675,3.5126166738882003
6389320,46.44215020852884,0.6751158505531936,0.13529057717973003,3.2469738523135208
6398114,50.23041381491227,0.7875251890758715,0.12508726944459794,3.002094466670351
6399371,22.077000240369696,0.905204873755254,0.284603217772777,6.830477226546647
6405008,42.716659913239475,0.787966402194462,0.14708980805009508,3.530155393202282
6414499,6.298248396003423,0.81400556639245,0.9976083685690461,23.942600845657108
6429965,11.7947138904914,0.7384775933025896,0.5327119729665449,12.785087351197078
6441489,12.587010688798731,0.41577843245465,0.4991801041982936,11.980322500759048
6444746,6.281882203532801,0.06933153148682139,1.000207438408516,24.004978521804382
6445513,11.496090303929025,0.7048609680361099,0.5465497522259527,13.117194053422864
6448022,11.173665970865025,0.6877267128468139,0.5623208464941398,13.495700315859356
6449103,12.51037333002002,0.787348522907043,0.5022380341042574,12.053712818502177
6451825,6.281937759653824,0.11695746408076445,1.0001985927867312,24.00476622688155
6452148,5.429506836229194,0.08336497634447683,1.1572294679240653,27.773507230177568
6456166,50.357145399942,0.8499059986735426,0.12477246788470307,2.9945392292328736
6457808,9.618602723656311,0.6493597197330901,0.6532326459150363,15.677583501960871
6459772,12.587358701083746,0.2562633454851941,0.4991663029860758,11.979991271665819
6460125,5.753169596655154,0.680666817934602,1.0921258623824646,26.21102069717915
6461422,19.39738454666311,0.3550004290529674,0.3239192011719162,7.774060828125989
6461537,6.281978528994895,0.13453126674871238,1.0001921016092497,24.00461043862199
6461827,44.96848158621085,0.8176032919451747,0.13972420427703,3.35338090264872
6465551,12.587724231859715,0.26045985725337256,0.49915180786029234,11.979643388647016
6466601,19.970959685208264,0.6354186539758551,0.31461609287776515,7.550786229066364
6468124,53.47521898517996,0.7772187134472583,0.11749714029073727,2.8199313669776944
6470328,10.46457427698799,0.6535957890967099,0.6004243594502031,14.410184626804874
6483431,18.327880292500613,0.8648872113219266,0.34282116681821273,8.227708003637105
6499186,6.946491558183438,0.44796063343398423,0.9045120482119593,21.708289157087023
6499317,12.581149849638017,0.6328161358722916,0.49941264369888777,11.985903448773307
6500817,44.33980677692884,0.5715069912714649,0.14170529291636183,3.400927029992684
6501709,15.14929063843906,0.13914902780427377,0.41475112314743917,9.95402695553854
6503118,8.46479489269538,0.21001286129169766,0.7422725992571427,17.814542382171425
6509278,10.810387743292523,0.734494413261192,0.5812173861273466,13.94921726705632
6523187,33.18778648588588,0.676022577151334,0.18932221676946434,4.543733202467144
6523661,48.51676042776417,0.7024256081954785,0.12950545856280987,3.108131005507437
6525578,33.672741787751825,0.7743371974103591,0.1865955955349333,4.478294292838399
6527568,37.44921927753121,0.8320066423456427,0.16777880629808944,4.026691351154147
6532768,15.625674615382442,0.8972600104185289,0.4021064985568179,9.65055596536363
6532857,55.547659452952146,0.8494702239796658,0.11311341232120373,2.714721895708889
6537532,59.35624181550686,0.6783135205810288,0.10585551097910144,2.5405322634984344
6540259,43.04473995609881,0.784881611350802,0.1459687133337961,3.503249120011106
654062,9.419121254256098,0.1719254721001816,0.6670670371018405,16.00960889044417
6543801,26.743212096230497,0.6216897522010204,0.23494505015219216,5.638681203652612
6548619,16.740619110387303,0.6713744200335988,0.3753257430772655,9.007817833854372
6553432,11.437458164556352,0.7023136867855129,0.5493515444411075,13.184437066586579
6553731,10.613959445575963,0.7115688884569008,0.5919737435777088,14.207369845865012
655961,10.742690309233943,0.7277834332632819,0.5848800557695345,14.037121338468829
6561565,5.840430510208544,0.624875136326237,1.0758085891437534,25.81940613945008
656185,20.2924815213703,0.6609182211435767,0.3096311952070857,7.431148684970057
6566365,15.767205374160255,0.3881584862221205,0.39849708036889336,9.56392992885344
6570390,11.227141909011651,0.616691336082604,0.5596424591494905,13.431419019587771
6571949,54.2630457112682,0.7284305568899947,0.11579123922774626,2.77898974146591
6572042,3.025041616301085,0.5658963812636207,2.0770574769356216,49.84937944645492
6572432,9.057737334914853,0.655287106107384,0.6936815536657038,16.648357287976893
6573810,12.807653811565999,0.2706965108908675,0.49058050753257654,11.773932180781838
6577281,22.580155344052237,0.4376704786245222,0.2782613853378391,6.678273248108139
6582265,15.383342781742272,0.7150923512864032,0.4084408308600383,9.80257994064092
658512,17.81948604977974,0.5730494108782717,0.35260193754338104,8.462446501041144
6598558,6.282176923095847,0.14103406158047857,1.0001605150724158,24.003852361737977
6600059,6.29832845176301,0.13618981847805745,0.9975956883323249,23.942296519975798
6600478,22.676757492234817,0.7048166010018799,0.27707600212822014,6.6498240510772835
6604937,12.371465821647197,0.16244257715544425,0.5078771907679257,12.189052578430218
6605301,18.283015695340886,0.8307272149475075,0.3436624138971094,8.247897933530625
6607874,12.83129108021299,0.1967117273243108,0.4896767806061874,11.752242734548497
6608109,6.747168993544604,0.09981741523357662,0.9312328345697377,22.349588029673704
6611209,22.020319397505574,0.6993596705690597,0.28533579344409216,6.848059042658212
6617372,11.341079413233524,0.6696492865181923,0.5540200432639549,13.296481038334917
6617807,47.08520329832381,0.827223923798662,0.1334428836883298,3.202629208519915
6617944,12.888415245403372,0.7372689531837275,0.4875064301967204,11.70015432472129
6620225,1.3117756153219406,0.7554156413167027,4.789832372084112,114.95597693001868
6621105,9.849712036006059,0.6047274305622771,0.6379054823340138,15.30973157601633
6621482,50.54065184176809,0.8086382166043605,0.12431943550809135,2.9836664521941927
6622123,12.018720066225404,0.6957265915836223,0.5227832308730094,12.546797540952225
6626715,4.917717833816238,0.5772818707405707,1.2776628345721335,30.663908029731203
6627676,42.46788727078989,0.6955459794332857,0.14795144545608852,3.5508346909461244
662873,11.772693625600848,0.6231560284062087,0.5337083854383332,12.809001250519998
6629991,10.573567893522162,0.7417088250696766,0.594235112542186,14.261642701012462
6630128,12.5816764208397,0.4805064044930343,0.49939174216660126,11.98540181199843
6642292,46.25767417961692,0.8366536908596267,0.13583011724243202,3.2599228138183687
6643388,1.9341509478402483,0.7658443723647042,3.2485496099441704,77.96519063866009
6644198,41.217467269863974,0.8534195620269219,0.1524398689041604,3.6585568536998494
664583,10.42005913443984,0.6935509656418667,0.6029894097637821,14.471745834330772
6647540,19.60470177051699,0.28266728005295527,0.32049379688237384,7.691851125176973
6649325,10.417370126385741,0.7099809747812584,0.6031450578169587,14.475481387607008
6651516,20.367670621344974,0.9075556322890544,0.3084881636192071,7.40371592686097
665332,55.648221864829836,0.5556289622392054,0.11290900403684982,2.7098160968843956
6655187,10.358711268088872,0.7409206590785208,0.6065605213397169,14.557452512153207
6665721,9.766856030650782,0.6724935502190572,0.6433170804874583,15.439609931699
6667926,50.75747725305067,0.6382507279187057,0.1237883686743306,2.970920848183934
6668961,22.332379554613826,0.8692615316179774,0.28134867096513644,6.752368103163274
6676697,33.094337355004924,0.9275714554158548,0.18985680963421275,4.556563431221106
6676724,6.297065800291709,0.16511732524073297,0.9977957204907276,23.947097291777464
6677784,59.500902511611294,0.7631466195097587,0.10559815132137626,2.53435563171303
6678009,1.9378883819111947,0.3088088853811555,3.242284419385883,77.8148260652612
6679895,19.158118110718153,0.33658172171836387,0.32796463989145214,7.871151357394851
668072,44.90882799083788,0.7567909788240045,0.13990980366847822,3.357835288043477
6681275,10.909951249639418,0.8050188785320151,0.5759132340199274,13.82191761647826
6683631,19.337320052756926,0.1256600074039646,0.3249253407420224,7.7982081778085375
6684682,6.296871166220549,0.14903788222841896,0.9978265620052098,23.947837488125035
6685059,49.86753165186904,0.8338875529792454,0.12599751980994817,3.023940475438756
669350,29.735288023365385,0.186287011725224,0.21130400022499823,5.071296005399958
6695255,10.76717603964903,0.7971323081726096,0.5835499748534245,14.005199396482189
6698387,2.1733245897580433,0.6801129433410834,2.891047815310043,69.38514756744104
6701509,11.241607453823134,0.7353691455406971,0.5589223189823046,13.414135655575311
6701688,9.660427944591616,0.7533486836228129,0.6504044482519248,15.609706758046194
670864,23.04139676377057,0.5412448931126448,0.2726911641510827,6.544587939625984
6710932,36.56126770682093,0.7219809619112058,0.17185359538305575,4.124486289193338
6711303,15.090634030170504,0.4284958417795231,0.4163632419034016,9.99271780568164
6715240,16.91596514618754,0.16249714023532874,0.3714352242322791,8.914445381574698
6716231,50.600433413314846,0.7819518574661644,0.12417255907389615,2.980141417773508
6717083,50.521494126650374,0.8567198471740387,0.12436657735079079,2.9847978564189788
6722842,81.26683707329119,0.3357678310610189,0.07731548973061475,1.855571753534754
672294,44.31593576520211,0.4914451190034847,0.14178162321720142,3.402758957212834
6726468,12.123965658748697,0.6172646171757579,0.5182450597462405,12.437881433909771
6729261,22.442929115862196,0.4060467544634886,0.2799628014125287,6.719107233900689
6737498,45.360971632654135,0.7694346704001486,0.13851522754103643,3.3243654609848745
6739098,33.880289119020915,0.8160506059910617,0.18545252920088304,4.450860700821193
6742426,26.52038026284359,0.5353714966234914,0.23691912577824722,5.686059018677933
6747445,13.808590631733459,0.752730931192157,0.4550200288174397,10.920480691618552
6748413,19.579453645240633,0.8003421015723393,0.32090708050512434,7.701769932122984
6752616,42.01448126622571,0.8527526454792933,0.1495480871789429,3.58915409229463
675455,19.904649492870224,0.08184649513056977,0.31566420244828736,7.575940858758896
6756657,12.203251382373592,0.7084330190150545,0.5148779706574786,12.357071295779487
6762440,6.3025113589454635,0.7370532398789221,0.9969335950916698,23.926406282200077
6765858,44.04548414858508,0.8433557810639994,0.1426522021186916,3.4236528508485984
6777823,9.140185021416048,0.6791655494307705,0.6874243018557802,16.498183244538723
677788,16.663920271554503,0.2476257018406857,0.37705325066305395,9.049278015913295
6778827,32.14144137235764,0.8906247052638555,0.19548548661489917,4.69165167875758
678066,5.298061462074591,0.10861633253257345,1.1859404335258967,28.462570404621523
6791882,52.91302984018727,0.8351469131164544,0.11874552121011842,2.849892509042842
6793815,12.095932019370839,0.6449430830092769,0.5194461490952065,12.466707578284955
6801367,36.28011362406239,0.8450970074647202,0.1731853811784187,4.156449148282048
6803937,9.37309465672025,0.6674834992384914,0.6703426709421648,16.088224102611957
6805826,16.281643661689056,0.633468760527719,0.3859060815809409,9.261745957942582
6819457,14.401648885068266,0.7520369314077339,0.4362823560914638,10.470776546195133
6822237,20.534418047503376,0.6707240933455894,0.30598312027369634,7.343594886568712
6831710,11.3208507833539,0.7096005264107091,0.5550099923954778,13.320239817491466
6834724,16.330878627877894,0.8869628082346471,0.38474263696098826,9.233823287063718
6837232,11.357455517195403,0.7879862014491098,0.5532212120634524,13.27730908952286
6837981,18.73255530499273,0.7076694903433259,0.3354152813046786,8.049966751312287
6838331,27.37392965877517,0.23725534584588753,0.22953172545927858,5.508761411022686
6838366,16.412066750434732,0.623218150872661,0.38283937073392377,9.18814489761417
6838786,59.18583787731721,0.7260560965153583,0.10616028314414719,2.5478467954595327
6838919,12.80098916845497,0.14291601528261785,0.4908359209195349,11.780062102068836
6844511,10.631061489646456,0.708058667787872,0.5910214434653354,14.184514643168049
685989,42.627271033114376,0.8174941399118356,0.14739825362732192,3.537558087055726
6868167,36.25138418664884,0.5881149913782872,0.17332263162226075,4.159743158934258
6868821,37.130758248863664,0.4769477776148136,0.16921780226160274,4.0612272542784655
6870179,6.296424808101258,0.36809081893141177,0.9978972986535729,23.94953516768575
6878985,12.583161844358255,0.21014493014994096,0.4993327897150663,11.98398695316159
6879877,47.05011010620495,0.7690831930463771,0.13354241452350954,3.2050179485642287
6880106,39.32953951716591,0.8068934216745621,0.15975740840894423,3.8341778018146613
6880637,6.07048281803633,0.17008950734846467,1.035038809188502,24.84093142052405
6883239,11.146116068481648,0.735165312689998,0.5637107373165456,13.529057695597096
6885489,6.274379731041813,0.19570451765696772,1.001403417790321,24.033682026967703
6885807,7.797876607701636,0.30814359230213123,0.8057559286041981,19.338142286500755
6888272,17.713085434475996,0.8118726538379545,0.35471997978117703,8.513279514748248
6895456,9.755539313004663,0.6444391057960462,0.6440633475592435,15.457520341421844
6905120,46.71448681249854,0.7922594370761029,0.13450185875741033,3.228044610177848
6905999,12.945675699260704,0.1556474350548389,0.4853501240988451,11.648402978372282
6906818,21.61745012290945,0.921596234774115,0.290653396744553,6.975681521869271
6911545,10.808596946151109,0.8216749702224504,0.5813136837725269,13.951528410540647
691815,42.00163960999101,0.6602892955742551,0.14959381027794433,3.590251446670664
6918683,18.261466516020892,0.9064524737707631,0.3440679477558558,8.257630746140538
6919278,10.20544568401797,0.7353102346728058,0.6156698591830477,14.776076620393145
6920693,38.42236409146404,0.6639341354707285,0.16352937815649576,3.9247050757558983
6923201,6.281438114046641,0.15176893949343456,1.0002781517705377,24.006675642492905
6925923,22.440439613573457,0.8865389420439443,0.27999385998566184,6.719852639655884
6934885,13.007589551917903,0.696263065940225,0.48303994234298103,11.592958616231545
6946184,33.5434383819759,0.5142440135517888,0.1873148851238747,4.495557242972993
6946624,32.569124598292106,0.7055159788406706,0.1929184583459474,4.630043000302738
695343,34.683576277758625,0.4975732821042569,0.18115736557445994,4.3477767737870385
6957907,36.77167792781457,0.8125486286346173,0.17087023658572034,4.100885678057288
6958952,17.77932384002847,0.4707591919740738,0.3533984398795632,8.481562557109516
6960146,9.97699409088384,0.7707982585838613,0.6297673678007534,15.114416827218081
6963982,40.301355677484956,0.8117167013910813,0.15590506079897942,3.741721459175506
6967017,11.86192735882411,0.7656920374222167,0.5296934568146308,12.712642963551138
6967477,50.10433941943658,0.8396028811399852,0.1254020186671137,3.009648448010729
6973460,8.818146696550187,0.28308851836544396,0.7125290067625749,17.100696162301798
6973516,58.33796579330965,0.733279979705355,0.10770319502467393,2.584876680592174
6973857,12.633417820485107,0.762410163953669,0.4973464343901768,11.936314425364243
6981499,17.74715451336583,0.7213893147101472,0.3540390265069006,8.496936636165614
6983889,9.512611797161085,0.17301080542462832,0.660511060595863,15.85226545430071
6985287,6.297436816455108,0.6666434051668058,0.9977369349322754,23.94568643837461
6987875,11.459201899217632,0.6856233459903023,0.5483091547246903,13.159419713392568
6988765,12.671928460550863,0.7064429193788139,0.4958349730855764,11.900039354053833
6988827,58.26039267428331,0.6757978327675631,0.10784660073108371,2.588318417546009
6991031,47.30206371703801,0.5575742893860546,0.13283110320018465,3.1879464768044317
699755,6.296296587830936,0.6410335084294804,0.997917620228264,23.950022885478337
7003637,12.285156020868687,0.7800442307289207,0.5114453000439224,12.274687201054139
7004605,10.664147281888548,0.3574745339339773,0.5891877841794845,14.140506820307628
7008076,10.807033286292233,0.2671289293908263,0.5813977935229692,13.95354704455126
701058,26.100911109351422,0.6580741790735866,0.24072666585682712,5.777439980563851
7013198,9.414394021966883,0.15990444514484953,0.6674019902416284,16.017647765799083
7014553,8.389131016206498,0.1635479395890647,0.7489673596754477,17.975216632210746
7014806,5.200929356962301,0.14159231356783125,1.208088954095965,28.99413489830316
7018568,6.543595155910371,0.3260813895355507,0.9602038569737044,23.044892567368905
7020234,41.10491946264604,0.646073562107588,0.15285725867652922,3.668574208236701
7024251,10.083473109203588,0.7824632945744329,0.6231171778942587,14.95481226946221
702465,55.64715883489215,0.6818629277357359,0.1129111609421445,2.709867862611468
703406,48.626830615258164,0.6836839194337865,0.12921231401842675,3.101095536442242
7037282,47.70830879337653,0.6573583489812435,0.13170002178010337,3.160800522722481
7046937,37.065594145327054,0.8087475667891127,0.16951529989090225,4.068367197381654
7048826,19.77203310736439,0.9017821489352855,0.31778144781880424,7.626754747651302
7051144,51.56592429354705,0.8185620288245291,0.12184762308169977,2.9243429539607946
705430,49.672608216338226,0.6587380400086797,0.12649195467680177,3.0358069122432427
7055103,47.51628389800444,0.7448580256941727,0.13223225369784156,3.1735740887481976
7063702,37.687598275572185,0.903416140512589,0.16671758336089387,4.001222000661453
7064706,9.317150730491418,0.7478750678430031,0.6743676783737285,16.184824280969483
7065833,9.793481665738065,0.6434291351429505,0.6415680880029572,15.397634112070971
7066283,17.47072692215363,0.2814508004959773,0.3596407485032714,8.631377964078514
7078145,15.918240589879026,0.17615856536429317,0.3947160662450659,9.47318558988158
70866,6.304724705362774,0.27802153647502087,0.9965836100401234,23.91800664096296
7086820,10.952481646804545,0.6470197225633573,0.5736768624499585,13.768244698799005
7087932,50.240201948137354,0.8257150085002826,0.12506289910350438,3.001509578484105
7087963,42.949059525943554,0.6882457315422194,0.14629389738753656,3.5110535373008775
7093882,35.625113538801514,0.48543415570573895,0.1763695517864436,4.232869242874646
7101581,49.5530768856793,0.8135167958964848,0.12679707703469387,3.0431298488326526
71063,28.698286938545735,0.8227896305979843,0.2189393854983172,5.2545452519596125
7106588,22.416275660787118,0.8107414011139855,0.280295683469435,6.72709640326644
711716,27.745291893624213,0.6818810264509283,0.2264595136093502,5.435028326624405
7119099,21.022844103775842,0.7464710589022655,0.29887418068476684,7.172980336434405
7119535,10.892968601163977,0.6258616878593822,0.5768111097380921,13.843466633714211
7119760,48.043328290336625,0.8055898091033122,0.1307816408806835,3.138759381136404
7124974,11.004242833119736,0.6048682910342202,0.5709784309983538,13.703482343960491
7124989,10.23807211325235,0.729257570088614,0.6137078580494187,14.728988593186049
7129161,10.196706078234346,0.7303166548167203,0.6161975503630068,14.788741208712164
7131981,9.483483165460756,0.7150711731660685,0.6625398281997495,15.90095587679399
7136100,6.264742481143073,0.6394156041638868,1.002943908084335,24.07065379402404
7139511,16.538881338667604,0.9025986546058746,0.37990388699927446,9.117693287982586
7152380,9.707574840784252,0.7155401654388293,0.647245621098089,15.533894906354137
7155534,47.654027286796946,0.8471428914546364,0.13185003796983197,3.1644009112759672
7171221,45.21931777946062,0.6956453492143523,0.13894913978630424,3.334779354871302
717668,14.723631096815334,0.892507519243199,0.426741560275754,10.241797446618095
717917,36.756398029213095,0.5039420882733774,0.17094126857005582,4.10259044568134
7179711,10.631928623233769,0.739048913978141,0.5909732401183592,14.18335776284062
7181976,9.874641919480332,0.68062327724654,0.6362950027366915,15.271080065680597
7187041,9.572445404497707,0.605701735834075,0.6563824646341018,15.753179151218443
718728,40.821762410694376,0.8601515502729544,0.1539175414321047,3.694020994370513
7206315,10.748645233591311,0.5250062558537264,0.5845560227016874,14.029344544840498
7218554,11.969374435246113,0.6536425679283079,0.524938487067256,12.598523689614144
7221754,34.727575228041616,0.40740721562144333,0.18092784382210703,4.342268251730569
7228591,45.59385296329151,0.7026014547973155,0.13780772842861733,3.307385482286816
7231949,39.08968236443294,0.8650884310717922,0.16073769156273712,3.857704597505691
7238766,23.83172499369778,0.7608412219251303,0.26364794444553025,6.327550666692726
7242732,35.33822061893237,0.7162616041816693,0.17780140587535367,4.267233741008488
7243441,29.5826086685146,0.7003261946505843,0.21239456525235093,5.097469566056422
7246122,20.45960180806997,0.28883685380878,0.30710203288029203,7.370448789127009
7252716,6.297767438079498,0.6754516370960705,0.9976845555122056,23.944429332292934
7254453,16.720734120637967,0.6283257762422199,0.37577209600052275,9.018530304012547
7254801,11.197229546638214,0.694896906539844,0.5611374921813593,13.467299812352625
7257215,18.14832287607874,0.9562265777831288,0.34621299996053284,8.309111999052789
7260181,17.154443402638698,0.508951613730202,0.3662715927124226,8.790518225098143
727196,18.856963039833296,0.3070646803556096,0.3332023981755194,7.996857556212465
7273263,10.030356169734636,0.14269790635357882,0.6264169687352004,15.034007249644809
7275492,39.31920261340484,0.8735506186425197,0.15979940816596064,3.8351857959830555
7279621,15.123317070792224,0.65266110915971,0.4154634381973218,9.971122516735722
7283275,11.564016091161964,0.7039876682410553,0.543339377742793,13.04014506582703
729823,10.650781325551394,0.6511326409839383,0.5899271720194015,14.158252128465636
7300636,21.443628158941003,0.8841593909231565,0.2930094320144135,7.032226368345924
7303928,35.87092738143741,0.8328193529062434,0.17516093856081977,4.203862525459675
7309805,12.579945584229993,0.41274399440611764,0.49946045196380506,11.987050847131322
7316833,11.742996062590263,0.7465406288881622,0.5350581124008011,12.841394697619227
7322101,20.805776516787553,0.888717540541736,0.3019923482360715,7.247816357665716
7322343,23.421835428014784,0.556683823864022,0.26826186728578444,6.438284814858827
7323884,36.5708404194665,0.4113712831592776,0.171808611317422,4.123406671618128
7325401,15.556499563998683,0.23663464857321853,0.40389454461338603,9.693469070721264
7330156,36.158842023207534,0.8490834631951227,0.1737662202552532,4.170389286126077
7336579,23.720353948181373,0.8533512526846369,0.26488581582322107,6.357259579757306
7337289,15.547988385768058,0.7599280111731728,0.40411564192644606,9.698775406234706
7337313,37.763074014869886,0.709434964177291,0.16638437074019635,3.9932248977647125
7344401,19.028382208579746,0.8030490377748968,0.33020070956670966,7.924817029601032
734545,21.704928875575682,0.8524818615240223,0.2894819579091082,6.947566989818597
7346463,49.59605322044814,0.3654973490443821,0.12668720390414187,3.0404928936994047
734806,46.680781969420764,0.693432134293267,0.13459897289843004,3.230375349562321
7356971,49.18511476224413,0.8539034766668759,0.12774566731320783,3.065896015516988
7357550,46.2415495794666,0.8746288517297014,0.1358774817089956,3.2610595610158946
7372492,9.975436198670652,0.6336030255706113,0.6298657203598673,15.116777288636815
7373205,36.63372432621354,0.5152468204385257,0.1715136918984676,4.116328605563222
737951,30.18229359814589,0.5282386372364485,0.20817454733014606,4.9961891359235056
7380463,14.002199881287424,0.13686234698281216,0.4487284398486877,10.769482556368505
7382400,12.944991266735444,0.6607649767630724,0.48537578571608586,11.64901885718606
7384383,48.88863176802726,0.866539025287321,0.12852037539100725,3.084489009384174
7386353,27.462151284414077,0.30331058396861266,0.2287943592658583,5.491064622380599
7386855,36.67290142801448,0.8149566682306888,0.17133046643481153,4.111931194435477
7389657,19.543503540113885,0.2536786596948734,0.32149738629427815,7.715937271062676
7390345,14.440324769184372,0.31867225101717594,0.4351138501114527,10.442732402674865
7391221,18.09269398462005,0.9084986393088909,0.3472774873946742,8.33465969747218
7394173,40.91563476575921,0.8611488720993693,0.15356440986802808,3.6855458368326737
7400613,6.2929737357615245,0.07612909090292388,0.9984445464111327,23.962669113867186
7402949,44.36970145513851,0.8577231649478378,0.14160981708503073,3.3986356100407376
7402989,15.650736625216751,0.12766459176645106,0.40146259295271786,9.635102230865229
7405066,99.18381700990719,0.731519347968485,0.06334889598523898,1.5203735036457355
7411461,13.453392623110506,0.7286116431008731,0.4670335195886728,11.208804470128147
7420913,17.90221051808151,0.9246136271029644,0.350972596419502,8.423342314068048
7435552,44.765039325928896,0.5573070722739685,0.1403592044548976,3.368620906917543
7435571,43.14321519465502,0.6352624535346804,0.14563553687018685,3.4952528848844846
7439187,18.36521797812251,0.7338978776181454,0.34212418903300823,8.210980536792198
7440550,48.51839404577958,0.7206203957955439,0.12950109810417634,3.1080263545002325
7443719,11.397691480355027,0.7231623296393963,0.5512682386612443,13.230437727869862
7444130,44.22260994777394,0.8405820344616566,0.1420808340936889,3.409940018248534
7449961,53.89773542227799,0.8363564695353689,0.1165760538536932,2.797825292488637
7450622,50.2742275319903,0.8304935265493942,0.12497825656657767,2.999478157597864
74545,36.46930588099516,0.8617370382865254,0.17228694529264052,4.134886687023372
7455952,12.302813566990626,0.686559381935487,0.510711250964401,12.257070023145623
7466829,6.307857188109781,0.055732204571922954,0.9960887064823374,23.906128955576097
746911,32.869022662586374,0.9007253855001632,0.19115826386683257,4.587798332803982
747079,43.80392826088747,0.8240644048217937,0.14343885483873015,3.4425325161295235
7471929,11.002564362169243,0.7149296322674865,0.5710655353022454,13.705572847253888
7475626,19.787605898237686,0.9122123762462654,0.31753135470214594,7.620752512851503
7477110,10.70195282011968,0.7373197897442277,0.5871064293394374,14.090554304146497
7481696,17.231101708556945,0.19852109026357737,0.36464211130849306,8.751410671403834
7491132,26.71037523227648,0.7367690494632021,0.23523388393237787,5.645613214377069
7510192,9.710359603244202,0.7092482483311175,0.6470600022969688,15.529440055127251
7519479,17.900108893403193,0.7764969476126424,0.35101380358055567,8.424331285933336
7526955,102.2456552145646,0.604379852927451,0.06145185625730691,1.4748445501753658
7528221,10.159959871981094,0.5280431606144627,0.6184261932477914,14.842228637946992
7532224,49.706899755643256,0.836532441536279,0.12640469106034424,3.033712585448262
7535651,10.56343129653943,0.6972565453976579,0.5948053365233654,14.27532807656077
7539257,18.065044760989174,0.3227773145755869,0.34780900851947527,8.347416204467407
7545954,23.88570102475725,0.6677080662091877,0.26305216249115476,6.313251899787714
7546570,9.585572627314491,0.7317571473710949,0.6554835638379481,15.731605532110756
7553128,10.088178827646027,0.7553277835148718,0.6228265194864416,14.947836467674598
7555727,15.989107589858241,0.9108655247995283,0.39296660378750337,9.43119849090008
7559485,11.117574278861238,0.7091193895489615,0.5651579336983901,13.563790408761362
7562636,10.598550764138606,0.7955977138444246,0.5928343833988562,14.22802520157255
7567994,9.690418135347121,0.6516936437943922,0.6483915574562062,15.56139737894895
7568154,35.548276227979706,0.1899167713469681,0.17675077314252868,4.242018555420689
7568311,9.871724538251922,0.6227645434856351,0.6364830463849438,15.275593113238651
7576482,35.210511466730374,0.651781412963776,0.17844629474117205,4.282711073788129
7580734,19.949376954266,0.8556370970190087,0.3149564681435318,7.558955235444763
7581097,9.47500176919905,0.5753363176680931,0.6631328901282857,15.915189363078856
7585538,3.6665822835518345,0.6639181192000188,1.7136354297476823,41.12725031394437
7593064,8.423806924071421,0.7678341553895266,0.7458842971845772,17.901223132429852
7598693,16.386392926293478,0.6192242923387725,0.3834391946685006,9.202540672044016
7601233,12.03030808803419,0.7010462733745734,0.5222796674200793,12.534712018081901
7602264,49.87308975840967,0.3259278931646202,0.12598347801622028,3.023603472389287
7611453,77.38533546051148,0.6676916876572423,0.08119348801409275,1.9486437123382259
762911,6.466638358670302,0.21434596933413894,0.97163084723228,23.31914033357472
7630668,10.156871247989455,0.9024938476644383,0.6186142517483756,14.846742041961015
7633058,59.050832246447186,0.7175203112336034,0.10640299328817023,2.5536718389160855
7644672,21.986502505020532,0.6992959585920698,0.2857746613289151,6.858591871893962
7649575,9.772699788828866,0.7415261871755856,0.6429323976944293,15.430377544666303
7651171,10.105816469569442,0.7435582475979445,0.6217395028001416,14.921748067203398
7652271,4.236546156784792,0.8794118074294428,1.4830914321840019,35.59419437241604
7657340,12.680881195101446,0.6522634626520479,0.4954849123266565,11.891637895839756
7657552,12.453236852797453,0.7034105346917416,0.5045423436050807,12.109016246521936
7657773,9.968766179018855,0.6987261585797826,0.6302871583450048,15.126891800280116
7661142,11.436924655720082,0.6897774247078846,0.5493771705523218,13.185052093255724
7663665,45.4668686076924,0.8149003732459743,0.13819261144622907,3.316622674709498
7667538,118.20904846354016,0.7409733071785125,0.05315316711239362,1.275676010697447
767072,58.38707214497342,0.8463874526423412,0.10761261142841035,2.5827026742818484
767277,53.47861425848292,0.8092659275403781,0.11748968058167159,2.819752333960118
7673657,10.117286035586288,0.6846078700339754,0.6210346613784832,14.904831873083596
7673910,8.091391192085721,0.752123363760178,0.7765271951410826,18.636652683385982
7679659,28.49971005631491,0.42912346946468605,0.22046488524845081,5.29115724596282
7679709,10.243506453501238,0.691082541117775,0.6133822764403091,14.721174634567419
7685659,18.595197378107745,0.8587417890460154,0.33789290747603595,8.109429779424863
7687811,13.373737737889009,0.6858220064887673,0.4698152027745208,11.2755648665885
7691010,12.22564539044975,0.5972864200280945,0.5139348563215969,12.334436551718325
7699470,10.785481341690017,0.755046348674104,0.5825595639290263,13.98142953429663
7703790,6.277792987947932,0.7467749191750153,1.000858951424809,24.020614834195413
7704199,96.62579304407828,0.7495854592490924,0.06502596366079348,1.5606231278590434
7705899,9.546852051355726,0.7275072638425081,0.6581421052070588,15.795410524969412
770627,36.77546990151303,0.8036190522810506,0.1708526179000933,4.100462829602239
7707014,13.801895645162313,0.5952227678273462,0.45524074871424625,10.92577796914191
7708125,37.318397512904944,0.6905120384429178,0.16836696444446256,4.040807146667102
770876,2.141928130816544,0.14777939571875331,2.933424897307043,70.40219753536903
771232,11.61552186890464,0.7416649863339965,0.5409300914838792,12.9823221956131
7712495,11.170411574591204,0.7431335634937323,0.5624846734807556,13.499632163538134
771563,1.422462597905779,0.09725252496850312,4.417118113636175,106.01083472726819
7716220,11.15342301144808,0.6888445519847488,0.5633414334532465,13.520194402877916
7723123,22.00613746882041,0.7953624438029183,0.2855196790478099,6.852472297147438
7723614,11.201795530383349,0.6533250042402058,0.5609087659328631,13.461810382388714
7735376,11.117418499165526,0.7122682948040973,0.5651658528147702,13.563980467554483
7736895,21.89458573473299,0.8731681525207151,0.2869743864215758,6.887385274117819
7739143,51.77200085946929,0.8461676247294386,0.1213626130509184,2.9127027132220418
7742091,38.63754933631167,0.6610777370562324,0.16261862916017378,3.9028470998441707
7752987,6.259437113346398,0.7307517932571888,1.0037939823346977,24.091055576032744
7753267,8.793869631676904,0.7646417827918253,0.7144960717346278,17.14790572163107
7763356,46.06598289522056,0.540788895425778,0.13639533799747666,3.27348811193944
7768549,20.868022541727726,0.7822147167962131,0.3010915526191195,7.226197262858868
7769095,10.063516659577104,0.7716373049131022,0.6243528499751718,14.984468399404124
7772022,44.85700392739242,0.8783079936837749,0.14007144385634482,3.3617146525522754
7775137,19.25212904350926,0.747847953412978,0.3263631410832416,7.8327153859977985
7776100,48.169524356102535,0.8192331732281036,0.13043901494085602,3.1305363585805446
7776303,25.52406347073015,0.6649658401111592,0.24616712438381375,5.90801098521153
7778095,29.536245444558862,0.21904564756225228,0.21272796229207488,5.105471095009797
7779525,41.48147668843276,0.7871860648801632,0.1514696632999006,3.6352719191976144
7779915,17.931269143384405,0.6514807715507857,0.35040382568222816,8.409691816373476
7787834,13.48417405240994,0.7013573415005224,0.46596738389450204,11.18321721346805
7792311,15.714412906972528,0.7017269212100363,0.399835828699125,9.596059888779
7797681,33.443807743423804,0.18001591797908517,0.18787290476560867,4.508949714374608
7799731,0.9830815679855862,0.4354126852665953,6.391316358473023,153.39159260335254
7801378,5.734386387429021,0.7782519813222294,1.0957031638038288,26.296875931291893
7805413,12.009596977560346,0.6999856781724756,0.5231803630812568,12.556328713950164
7806051,36.52206511610349,0.8785531963788913,0.17203806211958078,4.128913490869939
7810484,13.161215648116265,0.7749843405114534,0.4774015923125524,11.457638215501259
7811366,12.835280539564328,0.7179814335160835,0.4895245793663703,11.748589904792887
7819052,11.58435908205745,0.7038509381120365,0.5423852336303491,13.017245607128377
7820016,10.406287159200698,0.7861875846219353,0.6037874230315008,14.490898152756019
782055,32.89448814165792,0.83539777458029,0.19101027747023963,4.584246659285752
7824100,8.536131363267105,0.3461125157526229,0.7360694253391586,17.665666208139807
7826974,46.343628077691086,0.87022138703695,0.13557819203637594,3.2538766088730227
7827663,16.07648391872757,0.6158494823703416,0.3908308146820758,9.37993955236982
7834923,129.94341914738573,0.5757786737930085,0.04835323980549572,1.1604777553318972
7836810,11.481060742917979,0.5964885247430898,0.5472652264343545,13.134365434424508
7837779,53.07808321745205,0.6677396197304771,0.11837626617823452,2.8410303882776287
7838350,41.676848134426876,0.31611714990782597,0.15075960847407277,3.6182306033777465
7844345,11.255563186846553,0.6979179092036826,0.5582293131739713,13.39750351617531
7846640,11.393019245878307,0.6060595121209084,0.5514943116990412,13.235863480776988
7852994,9.758685644135864,0.759024044268362,0.6438556928980742,15.45253662955378
7856049,11.606282219837832,0.7356766921579238,0.5413607207000501,12.992657296801204
7862277,14.78929611527283,0.8054618199426515,0.42484681205963365,10.196323489431208
7862869,21.27654525009205,0.9060815675817382,0.29531041028159416,7.087449846758259
7868255,9.428323869984691,0.7846736137602823,0.6664159392299056,15.993982541517735
7870525,49.411883200849516,0.7641217784632766,0.12715939770276885,3.0518255448664524
7874933,11.93861001851406,0.747885117717321,0.526291192813552,12.630988627525248
7891941,20.78848940560468,0.6632125197250472,0.30224347640601573,7.253843433744377
7892817,17.608358079251357,0.6237826359831693,0.3568297100104591,8.563913040251018
7904246,9.06838534796457,0.7192894124271118,0.6928670392893999,16.628808942945597
7907059,17.525990604821086,0.834972628978497,0.35850671433380743,8.604161144011378
7908101,29.98865078686959,0.569581461716351,0.20951877267951827,5.028450544308439
7908628,11.444410156613598,0.659020693111791,0.5490178367601237,13.17642808224297
7912225,47.58171384872616,0.7919193578432742,0.13205042019199562,3.1692100846078946
7914586,21.035022085295502,0.44551207096251366,0.29870115095205135,7.168827622849232
7917896,11.618652263448034,0.25007458155863377,0.5407843495709324,12.978824389702377
7918398,37.85689707202169,0.5204637222898064,0.1659720102053267,3.983328244927841
7925995,13.18306408696756,0.7043121570843236,0.47661038933968186,11.438649344152365
7929591,18.367808459190137,0.7472136705014751,0.3420759379726579,8.20982251134379
7930184,51.47184077262432,0.8179988215741232,0.12207034395632776,2.9296882549518664
7933373,19.11169528289651,0.7515171925619696,0.3287612749248128,7.890270598195507
7933961,59.567707469680144,0.7856385846018369,0.1054797233950579,2.5315133614813896
7946726,46.732381617584544,0.8521311728206119,0.13445035518616363,3.226808524467927
7946773,29.935665205371574,0.7098695739993393,0.2098896170863158,5.037350810071579
7949405,11.910675707529146,0.741892383463599,0.5275255125288795,12.660612300693106
7950636,41.80421713183676,0.33922959540168507,0.1503002744284024,3.6072065862816576
7953994,97.25631669849471,0.6948000604118453,0.06460439301498691,1.5505054323596859
7956170,11.357306614025784,0.645224338835687,0.5532284652260883,13.27748316542612
7956265,9.522569297546505,0.7049151280013135,0.6598203815432934,15.835689157039042
7957197,10.359900609757608,0.5247409616438085,0.6064908867235353,14.555781281364848
7977207,17.54600247929192,0.8682037073725011,0.35809782396845685,8.594347775242964
798477,22.225950777501666,0.5809333742619028,0.2826959066938893,6.784701760653343
798482,22.606460411935153,0.7978123318989719,0.2779375980444227,6.670502353066144
7984971,23.02858093093502,0.494606131218513,0.27284292184670333,6.54823012432088
7988204,31.126650758608985,0.5820389962890838,0.20185870159646996,4.844608838315279
7992141,18.247979295379285,0.3044339058066734,0.3443222509996272,8.263734023991052
799320,40.98387084173964,0.7472827399872127,0.15330873287792365,3.6794095890701675
799685,44.78816631827978,0.6529212641618067,0.14028672802831796,3.366881472679631
7997579,12.91000393049342,0.7057285716911001,0.4866912001737433,11.680588804169838
8003415,9.804007613006279,0.7022420102106175,0.640879276638273,15.381102639318552
8008705,48.643622456813404,0.4500557309101353,0.1291677097600595,3.100025034241428
8010233,8.577061836517698,0.7860506802551173,0.7325568390364514,17.581364136874832
801247,118.63913073163653,0.5151412753004128,0.05296047997344354,1.2710515193626448
8015684,17.189182177096946,0.9067141075517567,0.36553136981417134,8.772752875540112
8021895,47.2195266809853,0.7391964813301692,0.13306328438293613,3.193518825190467
8023183,35.68100647528363,0.22154218171097298,0.1760932756067846,4.22623861456283
8025716,41.53050242045424,0.8861379523997889,0.15129085710470594,3.6309805705129428
8027142,2.7247408458148117,0.1072742241726616,2.305975379945042,55.34340911868101
8027315,13.07634600243703,0.7482993874677965,0.4805000805277402,11.532001932665764
8029443,41.27477134023447,0.8255998945635082,0.15222822811994027,3.6534774748785663
8032669,48.933625776608494,0.6803461995856298,0.12840220211483097,3.081652850755943
8036191,17.268121690813395,0.8601554089029428,0.36386037923986997,8.732649101756879
8037245,20.97275019402623,0.9055150257401027,0.29958804873236206,7.190113169576689
803829,10.554969471496973,0.7849541364209476,0.595282186665431,14.286772479970343
8044046,17.7670894892517,0.5678502342942725,0.3536417887116871,8.48740292908049
8052673,11.176002784003634,0.7082667180360388,0.562203269685365,13.492878472448762
8053621,15.702455405994534,0.5714895571392448,0.4001403057499486,9.603367337998765
8057988,9.822809273480466,0.6649992264750736,0.6396525812776264,15.351661950663033
8071805,17.40564112682428,0.8567319972802353,0.3609855713672281,8.663653712813474
8071882,11.897720621380667,0.6834023853502176,0.5280999199030155,12.674398077672372
8075268,8.026118482463183,0.5993703249404692,0.7828423316835091,18.78821596040422
8076889,9.783187146268716,0.7518690686072139,0.6422431885682549,15.413836525638118
8078575,18.309425604859406,0.8476308019270351,0.34316670783555325,8.236000988053277
8078628,13.361117994695357,0.7363700344376675,0.4702589491144485,11.286214778746764
8085093,21.46979758353387,0.8911828098958704,0.29265228434190904,7.023654824205817
8085095,36.84950368098477,0.4701777540384703,0.17050936049436838,4.092224651864841
8085222,109.53933209898697,0.7247352310363534,0.05736008415225396,1.376642019654095
808583,44.095068762527035,0.7326136749397335,0.14249179065844153,3.4198029758025967
8088756,13.545029402011961,0.6676609663001153,0.46387387732405294,11.13297305577727
8095807,38.15084939723043,0.8943750180304104,0.16469319573355856,3.9526366976054055
8096970,17.51105867618086,0.650503305683989,0.3588124181050338,8.61149803452081
8097511,18.331118495800716,0.866094636899411,0.3427606072493032,8.226254573983276
8099074,13.05581429286819,0.756592741599117,0.48125571996009553,11.550137279042293
8100474,11.598230540250576,0.7153698362833887,0.5417365420849654,13.001677010039169
810169,13.506797292028798,0.738365867074272,0.46518691080732255,11.164485859375741
8107761,11.04142103129255,0.881375682473243,0.5690558569746029,13.65734056739047
8119639,15.049327050431685,0.6483736509200078,0.41750606429935716,10.020145543184572
812096,41.11565282085412,0.5331999601163395,0.15281735485403053,3.6676165164967327
8124486,33.98556219820131,0.23381821488496732,0.18487807471115264,4.437073793067663
8125320,24.340013413449224,0.9157751001227887,0.25814222861963476,6.195413486871234
8129190,11.803543130885988,0.6968976667893759,0.5323134958297867,12.77552389991488
8130793,9.807890305400521,0.5994990742183268,0.6406255689584818,15.375013655003563
8132908,10.207633762233632,0.7979022443653275,0.615537886010979,14.772909264263497
8133468,21.445199928038843,0.678886378718385,0.2929879566645841,7.0317109599500185
8133488,50.64827956561473,0.8668337757325132,0.12405525638910862,2.977326153338607
813450,10.660822843642219,0.6127250253203467,0.5893715146881633,14.144916352515919
8140987,16.65401559193028,0.6319012299613055,0.377277496378958,9.054659913094993
8145151,10.127134310855524,0.6406742681613059,0.6204307274215259,14.890337458116623
8149230,6.296465005772869,0.45585121382655774,0.9978909279125497,23.949382269901193
8153152,10.674909357326058,0.7147084926429117,0.588593785376502,14.126250849036047
8153673,17.461303900384454,0.8098955118367166,0.35983482923295584,8.63603590159094
8154564,9.234749019633915,0.7377843905120414,0.6803850644799294,16.329241547518308
8168422,34.4951322290999,0.5736871267122727,0.18214701324957167,4.3715283179897195
8173247,10.545846078272737,0.6879630188957054,0.5957971755461734,14.299132213108162
817360,97.14925234554782,0.746874717801024,0.0646755909642112,1.5522141831410687
8174779,44.51591150831651,0.8368425551615066,0.14114470746051677,3.3874729790524025
8175323,12.951302545157716,0.6017480406206533,0.4851392580222572,11.643342192534174
8175767,11.008402201531858,0.5293627313148772,0.570762694908191,13.698304677796584
8185242,9.699067874309454,0.7520756074376396,0.6478133144961552,15.547519547907726
8189653,30.944878561246227,0.8132497473798441,0.20304443253005117,4.873066380721228
8198268,30.078988451835087,0.3238908545708711,0.20888951492636568,5.0133483582327765
8204721,11.679377385064553,0.7545935453996104,0.5379726247406346,12.911342993775229
8207815,12.147679844203356,0.720992451367771,0.5172333637174183,12.41360072921804
8209250,55.742668145144904,0.8322635810076016,0.11271769931821682,2.7052247836372034
8214374,12.893940473231119,0.7067706744208502,0.487297527099958,11.695140650398992
8215687,4.978424490599847,0.16376506855730796,1.2620830785007104,30.28999388401705
8222011,17.904950700764783,0.650582498321292,0.3509188833963787,8.422053201513089
8223829,42.50051366105299,0.8535571464126667,0.14783786749705638,3.548108819929353
8224922,17.978210652332308,0.8612736996954872,0.34948891347896577,8.387733923495178
8229040,9.809291886649898,0.7138391027817143,0.6405340344424637,15.372816826619129
8230589,15.433400513005832,0.7981687457956916,0.407116066344854,9.770785592276496
8242999,37.444774332977005,0.7247623292449092,0.16779872276185911,4.0271693462846185
8244316,60.76733318214407,0.45659403369359325,0.10339741729896818,2.481538015175236
8245347,46.049905309383576,0.8052825937256932,0.13644295824207187,3.2746309978097248
8245702,9.825454878431273,0.5074589657272552,0.6394803482302243,15.347528357525382
8251303,41.307953386945506,0.8179329733255947,0.1521059455142421,3.6505426923418107
8255199,30.147790858964424,0.6394995915705276,0.20841279338088833,5.00190704114132
8264035,11.833012934330782,0.6075862092852113,0.5309877832509048,12.743706798021716
826588,20.415202746947262,0.579117376861349,0.3077699195575771,7.38647806938185
8267062,12.118399979608686,0.7527022551842794,0.5184830767883662,12.44359384292079
8268341,48.61775326744079,0.804921851367906,0.12923643905584223,3.1016745373402133
8268447,39.31100142862389,0.8195285965663986,0.15983274602118255,3.835985904508381
826908,33.87331551361938,0.7426255814714968,0.18549070889306118,4.451777013433468
8269323,62.77287329501556,0.7332594855523026,0.1000939574272841,2.402254978254818
8271702,25.18424326707558,0.5849225348683319,0.24948874741032456,5.9877299378477895
8280759,42.337855619090995,0.8171826196990623,0.14840584661889136,3.561740318853393
8295858,16.59748702968581,0.5711773397721859,0.3785624471910509,9.085498732585222
8298331,9.359415381887327,0.45588123649014306,0.6713224117971117,16.11173788313068
8298345,33.63431223217028,0.5178282216560482,0.18680879406149697,4.483411057475927
8306649,8.022366118349195,0.6414356225613579,0.7832084966564092,18.79700391975382
8311517,12.005664443046006,0.7002716314018999,0.5233517342573214,12.560441622175713
8313260,10.256956838582642,0.5711919917368125,0.6125779220932969,14.701870130239126
8315981,6.304501984128186,0.3534400667470138,0.9966188166801652,23.918851600323965
8318076,12.394311717880726,0.7007999503382384,0.5069410428103976,12.166585027449543
8318215,11.210941768493905,0.7306542184816925,0.5604511589594742,13.450827815027381
8321320,54.60115570172201,0.7706582282272874,0.11507421823639949,2.7617812376735875
8325365,10.557441374510148,0.7334219647306119,0.5951428082139001,14.283427397133602
8331094,17.184382475552297,0.7842438378053909,0.3656334649277322,8.775203158265573
8337518,11.701127143257798,0.6748698968098633,0.5369726548779503,12.887343717070808
8338209,9.556730810811583,0.6049527267559408,0.6574617859981348,15.779082863955235
8341633,51.372793506551304,0.5618782124887474,0.12230569681553961,2.935336723572951
8342007,13.380448316127284,0.7948843868226733,0.4695795804992979,11.269909931983149
8342822,51.37284301763792,0.50122468415246,0.12230557894221214,2.935333894613091
8343291,11.026898181073259,0.6280407329857425,0.5698053254871025,13.67532781169046
8346395,19.349599889148813,0.2511542398826383,0.32471913337614666,7.79325920102752
8351552,22.91880541664918,0.7332063417392465,0.2741497732083024,6.5795945569992575
835496,43.1276534492981,0.7963902994498101,0.1456880865212444,3.4965140765098655
8359936,9.830448497977047,0.50863515242075,0.6391555083649101,15.339732200757842
8366927,12.30454528139721,0.7039690216559416,0.5106393745958986,12.255344990301566
836895,13.272551088016092,0.7118258776956445,0.47339695779003116,11.361526986960747
8370218,9.666327999138778,0.7122862486314027,0.650007459682662,15.600179032383888
8373230,18.659060851874752,0.7991245259080691,0.33673641760744294,8.08167402257863
8378112,16.510927131032208,0.6372641705946879,0.38054709207518517,9.133130209804444
8380961,8.810456470062263,0.6814503408350602,0.7131509392878463,17.115622542908312
8384110,9.638040772078728,0.6876372223748846,0.6519152030754931,15.645964873811835
8386990,10.342138195739187,0.6335110662752539,0.6075325226042878,14.580780542502907
838906,26.4697916859391,0.3639152374856644,0.23737192123492415,5.69692610963818
8394074,13.67530966740881,0.6802435138649451,0.45945470047773485,11.026912811465635
8395250,12.403762295073951,0.6640169046991811,0.5065547982707553,12.157315158498129
8404938,33.4409955018464,0.8781749972943281,0.18788870405585467,4.509328897340512
8405435,9.423688796580626,0.8155505299007695,0.6667437181774756,16.001849236259414
8412417,45.435247841166984,0.759676465159379,0.1382887869159295,3.318930885982308
8418765,19.431487367435558,0.9250092447787727,0.3233507136313879,7.76041712715331
8421216,9.848054427376177,0.6868813367796979,0.6380128535554428,15.312308485330627
8428593,13.417813220368808,0.7075964452867237,0.46827193105069054,11.238526345216574
843294,16.79024050249005,0.8338405626962033,0.3742165162105789,8.981196389053894
843597,18.002549767385798,0.857261420382747,0.3490164109176622,8.376393862023892
8436084,17.720016473400445,0.6368384859003626,0.354581233974093,8.509949615378233
8440571,43.13277721075019,0.6499276907288117,0.14567078016978693,3.496098724074886
8440719,43.13283124104589,0.6468036211072815,0.1456705976954373,3.496094344690495
8446645,49.43333261787967,0.7471845681615829,0.12710422248381864,3.0505013396116474
8448689,6.355353586437034,0.6436669792296087,0.988644490306336,23.727467767352067
8448916,49.43330205997053,0.7159994686469339,0.12710430105512827,3.0505032253230784
8450352,30.549137731288027,0.317997758885989,0.20567471862698206,4.936193247047569
8451412,13.747432077939802,0.27547043579464947,0.4570442880937796,10.96906291425071
8452517,49.43299568910758,0.45251825293677045,0.12710508880941782,3.0505221314260274
8452539,43.132724086135255,0.43498418951192214,0.14567095958586296,3.496103030060711
8453011,10.65271165143615,0.7214020737409763,0.5898202741958679,14.15568658070083
8458526,45.07237240996884,0.591977102807797,0.13940214306957377,3.3456514336697705
8462944,39.35374641247354,0.3841537304316277,0.1596591399793152,3.8318193595035646
8468878,39.015651623899096,0.8420138278622089,0.16104268532403063,3.865024447776735
8480948,11.353459479246778,0.7803691791860082,0.5534159274241256,13.281982258179013
8482990,9.944295851244888,0.7828376410774867,0.6318381312431507,15.164115149835617
8483641,29.461772899521655,0.9008140675384337,0.21326568935984164,5.118376544636199
8489525,2.4658371280761013,0.39628764917672277,2.54809420932106,61.15426102370544
8491405,25.131673983099198,0.7629798507106099,0.2500106165393108,6.000254796943459
8495939,59.518949366618116,0.8626500723680259,0.10556613270300068,2.533587184872016
849776,6.346136077001636,0.7977003802745791,0.9900804569807158,23.76193096753718
8503727,13.101365170576067,0.8117218679958141,0.4795824881891537,11.50997971653969
851614,18.503184035748557,0.9474983369656679,0.3395731942697178,8.149756662473228
851716,16.178780654206946,0.6884441558496175,0.38835963237722604,9.320631177053425
8520012,19.808288140383688,0.9160853472497547,0.31719981366637573,7.6127955279930175
8530918,12.662662685702369,0.7157491006223556,0.4961977952926156,11.908747087022775
853184,22.829547093780207,0.3930198158921459,0.2752216363018173,6.605319271243615
8533369,52.650603688515695,0.7873779102459012,0.11933738394247687,2.864097214619445
8535481,22.21368870012192,0.6736052217165932,0.28285195637701993,6.788446953048478
8540533,11.933246415870489,0.6365953662328039,0.5265277434331141,12.63666584239474
855171,2.6721998981064052,0.211983293482686,2.351315600166,56.431574403984
8553513,52.81952169888353,0.8360038441325606,0.11895574032266175,2.854937767743882
8556012,9.798725534028037,0.6873739545448717,0.6412247475817102,15.389393941961046
8557052,29.719980006443297,0.6773947179956006,0.21141283762026053,5.073908102886253
8557235,42.3051763897755,0.760674275890802,0.14852048480521488,3.5644916353251572
856137,50.63641550470412,0.7742660453830301,0.12408432241014135,2.9780237378433925
8561625,10.890744200823072,0.6798086014233735,0.5769289215979136,13.846294118349928
8563493,113.54149527749777,0.43052824521300714,0.05533822935679463,1.328117504563071
8564618,10.583608134876805,0.6773117133761306,0.5936713857039194,14.248113256894065
856862,10.03935510407282,0.7067477432058213,0.6258554700023101,15.020531280055444
8570281,11.789782211149966,0.6749856498805707,0.532934806992226,12.790435367813423
8574195,10.907279843318392,0.739963675077065,0.5760542864432469,13.825302874637924
8578437,12.242203301226857,0.7435819951266067,0.5132397455407324,12.317753892977578
8581632,11.367226848777305,0.6355811230300987,0.5527456600248482,13.265895840596356
8590640,11.580239014121126,0.7255931320711958,0.5425782058140398,13.021876939536956
8595866,18.9286652862233,0.9199089437089044,0.3319402193535868,7.966565264486084
8604367,55.17084863430745,0.707586284483559,0.11388596446697485,2.7332631472073965
860549,12.587525970410692,0.49426122205174794,0.49915966981513094,11.979832075563142
8605645,37.2359305335373,0.864503806754048,0.16873984931088287,4.0497563834611885
8607779,12.22348058075107,0.7473401204797729,0.5140258755001447,12.336621012003473
860978,12.587648829105339,0.5069205415008845,0.49915479788818995,11.979715149316558
861051,6.296527995128969,0.473583337303809,0.9978809451876169,23.949142684502807
8610884,4.305463837443433,0.6545151086385297,1.459351545944122,35.02443710265893
8610949,10.761948849313445,0.7031904278776526,0.5838334111372793,14.012001867294703
8611053,52.42672203186712,0.797111214887228,0.11984699908112521,2.876327977947005
8611846,10.444495034098654,0.7339151150666983,0.601578658103294,14.437887794479057
8618638,8.942309655057837,0.7300072456720297,0.7026356220650187,16.863254929560448
8620327,9.438076462016095,0.6653500659563342,0.6657273155675851,15.977455573622043
8620650,44.84891792485677,0.6484906915343902,0.14009669793387,3.36232075041288
8622852,32.2482403294706,0.4699308963277483,0.19483808241895267,4.676113978054865
8624807,44.84904206492256,0.18699055312848775,0.14009631015271576,3.3623114436651784
8627194,10.082139385353237,0.6804459327554733,0.6231996074471499,14.956790578731596
8627731,38.548548791634666,0.4672073643429398,0.16299408159673928,3.9118579583217428
8629192,38.54840952993274,0.41789838231322307,0.1629946704364212,3.911872090474109
8630471,10.899923410827153,0.7303603086600752,0.5764430694016023,13.834633665638455
8631163,9.684133171732743,0.7888326043726553,0.6488123609782372,15.571496663477694
8636148,52.90292512066321,0.7709927946478062,0.11876820219011772,2.850436852562825
8637808,18.0946017346492,0.8819633330011118,0.347240873235025,8.3337809576406
8640362,18.254938449886144,0.8557005541175344,0.34419098834150136,8.260583720196033
8640880,48.112947072804296,0.6478709670299764,0.13059240161846453,3.1342176388431486
8641088,10.478174045136345,0.7616128339312611,0.599645060304763,14.39148144731431
8646040,10.071270899789663,0.7262793128824698,0.6238721378560882,14.972931308546116
8649255,12.722179109077224,0.6292797347376508,0.4938765012902985,11.853036030967164
865510,6.315478754240858,0.7580246106464197,0.9948866193177222,23.87727886362533
8669917,11.336992760760273,0.7230546822976391,0.5542197511960154,13.30127402870437
8670360,48.35936995884965,0.8337801480826648,0.12992694719815676,3.118246732755762
8670921,44.1898706587328,0.8581085201540846,0.14218609861302917,3.4124663667127
8675526,30.870040418339077,0.8030521405601356,0.2035366725158841,4.8848801403812185
8678641,9.929289209042862,0.6821604440376363,0.6327930604999727,15.187033451999346
8679000,15.238258088983072,0.9150693641416943,0.412329629180004,9.895911100320095
8679141,11.116957939316265,0.774956084948241,0.5651892668369695,13.564542404087266
8679369,16.063758198043594,0.7366392564952339,0.3911404311317893,9.387370347162943
8680084,9.383270398170293,0.7130213350846313,0.6696157139844107,16.070777135625857
8681167,9.708546943859714,0.686608964172055,0.6471808133093966,15.532339519425518
8681440,8.789316547484436,0.6369264263608977,0.714866198439272,17.15678876254253
868267,46.226582542746044,0.8463467895977783,0.13592147551399633,3.2621154123359117
8683059,10.013720078878862,0.7190748014782454,0.6274576538675378,15.058983692820908
8685793,6.662724371841432,0.7415246119398714,0.9430354546458674,22.632850911500817
8686093,8.48833061001272,0.7486895967995232,0.7402144892622379,17.76514774229371
8686111,9.826235561076333,0.7333105550477591,0.6394295422825531,15.346309014781275
869112,9.8840825858116,0.6985378845376724,0.6356872529777292,15.2564940714655
872160,35.294336778932056,0.530108436962862,0.1780224784087784,4.272539481810682
872620,11.439760127422787,0.6537314386925629,0.5492410013141681,13.181784031540033
8729307,11.054391185218014,0.5462838198060456,0.5683881818459159,13.641316364301982
8730052,9.04954032895334,0.7468247455170901,0.6943098852299708,16.6634372455193
873025,6.280443024280716,0.24854792094257933,1.0004366384486363,24.01047932276727
8733583,13.68508820258854,0.26445364405137767,0.45912640197606613,11.019033647425587
8735344,15.5784308219217,0.5964550461317629,0.4033259433509822,9.679822640423573
8738578,9.95421707854839,0.6461458288651347,0.6312083871186637,15.149001290847927
8742110,10.27963656971829,0.7489467026025891,0.6112264051910713,14.669433724585712
8745173,12.82500845050155,0.6828337110060462,0.489916660205699,11.757999844936776
8745394,12.034474157120886,0.7552638859959125,0.5220988657374597,12.530372777699032
8747835,11.217154351259834,0.6376979372898028,0.5601407549922768,13.443378119814643
8747909,13.717386267379037,0.7616482145385925,0.45804537283618435,10.993088948068424
8750069,32.247841080276395,0.5163447689340674,0.19484049464081932,4.676171871379664
8750363,11.193822072745554,0.7161382195421514,0.5613083061662855,13.47139934799085
8753182,51.85848142635637,0.6983747772182796,0.12116022556700325,2.907845413608078
8753791,32.24785135851981,0.5565308224076035,0.19484043253999875,4.67617038095997
8756859,21.636706025264733,0.754576270604232,0.2903947255114915,6.9694734122757955
8759044,22.363407454686868,0.36306465336673094,0.2809583163885328,6.742999593324788
8761079,24.411122101954362,0.3168439318185389,0.2573902699325957,6.1773664783822975
8761344,6.307140456604519,0.6949375502655951,0.99620190011785,23.9088456028284
8773985,48.276802686668816,0.674361273151766,0.13014915979335617,3.123579835040548
8774016,51.00055769619963,0.8245627417619483,0.12319836470430962,2.9567607529034308
8774537,18.802406541815312,0.42030885116497657,0.3341692082450295,8.020060997880709
8775452,10.591549153190243,0.6811973422877298,0.5932262803394582,14.237430728146997
8776933,10.233506736738402,0.30905130635816525,0.6139816456682323,14.735559496037576
8780321,21.984180617289674,0.7718217682018343,0.28580484379018034,6.859316250964328
8786633,9.275592832333196,0.6962022800824412,0.6773890812970393,16.257337951128946
8797911,11.651586101834292,0.7521300918463741,0.5392557933542141,12.94213904050114
8799313,19.1817902159038,0.729383127164585,0.3275599011592849,7.861437627822838
8802205,11.287425864308844,0.8005869540080096,0.5566535171714566,13.359684412114959
880568,10.000681656828368,0.6687222136399832,0.6282757038755942,15.07861689301426
880588,10.469434939839307,0.6057682397565343,0.6001455993838026,14.403494385211264
8807945,18.357555184644177,0.6320618492916489,0.3422669981913157,8.214407956591575
8819864,11.819305327074938,0.6738925384300167,0.53160360387564,12.75848649301536
8820406,12.457676849483752,0.6958160005685484,0.5043625214471639,12.104700514731933
8820713,9.68491993148279,0.843745384459861,0.6487596543524147,15.570231704457953
8823736,9.446827854101395,0.6559245342467005,0.6651105962994451,15.962654311186682
8827417,11.777680678954592,0.688354153329916,0.533482395936149,12.803577502467576
883073,8.66035018358256,0.6870052862255599,0.725511691096583,17.41228058631799
8854060,15.043380500296893,0.5908663833109202,0.4176711017218226,10.024106441323742
8854248,18.082140170218782,0.8237137388049053,0.34748017922833985,8.339524301480157
8854560,19.692511163136867,0.3280341053126789,0.31906470714315555,7.657552971435733
8855456,39.529129515710316,0.7945726162227199,0.1589507632512479,3.8148183180299498
8860301,31.13267556377826,0.6739393576604453,0.20181963783703333,4.843671308088799
8866444,10.192886541440833,0.7662432884043138,0.6164284554364731,14.794282930475354
8867064,35.93967127114218,0.6741176061925386,0.17482589809397284,4.195821554255348
8867725,12.430922769507808,0.6361597443221385,0.5054480205276317,12.130752492663161
8869325,13.951294653244828,0.7858534130215453,0.45036575194963907,10.808778046791337
8892213,38.324950912751035,0.5959333057198885,0.16394503208845904,3.934680770123017
8896747,17.35395852616892,0.8464897841749582,0.36206063865514315,8.689455327723437
8897879,6.260082672636361,0.6012960953264775,1.0036904679620622,24.088571231089492
8901601,13.592187761193776,0.713027381966748,0.46226445790561577,11.094346989734778
8902279,8.820319556288158,0.6483906426772258,0.7123534773408742,17.09648345618098
8907563,12.243927280692205,0.6889940092598958,0.5131674799382154,12.31601951851717
8907625,17.476511557657627,0.8031437838964858,0.3595217092639122,8.628521022333892
8912411,20.24362181226641,0.4038279148633891,0.31037851652476317,7.449084396594316
8914489,12.812411435406952,0.6699349676234887,0.49039834061338955,11.769560174721349
8922628,5.855529698594867,0.6299630681533104,1.073034487159606,25.752827691830547
8925255,6.3179902185860515,0.8002967971881234,0.9944911419292677,23.867787406302426
8927173,11.24790564065416,0.7193623643946281,0.5586093543023505,13.406624503256412
8929826,9.54965496549655,0.8091458802350928,0.6579489342684206,15.790774422442095
8930253,12.985462966218996,0.7377314086085169,0.4838630184788147,11.612712443491553
8933546,12.42249236167155,0.6790443080434562,0.5057910380823234,12.138984913975762
8936594,47.521668767017616,0.8132184294744451,0.13221726993603447,3.1732144784648275
8942404,28.965879016420427,0.7206936394196912,0.21691678348921226,5.206002803741094
8949190,10.203210075063405,0.5399772061791609,0.6158047576160036,14.779314182784088
8951269,15.696428349968043,0.7303103079541592,0.4002939501324439,9.607054803178654
8952153,5.751462920861764,0.5736456551933888,1.0924499372827656,26.218798494786377
8955278,11.475663424585466,0.7215163391990175,0.5475226202363592,13.140542885672621
895953,9.54656218744553,0.7076872539910736,0.6581620884890335,15.795890123736804
8970783,31.825332902327133,0.7033778685713882,0.19742716679391425,4.738252003053942
89711,10.216350994744149,0.2698967342661504,0.6150126704154939,14.760304089971854
8972895,17.775509883568258,0.8760701018729683,0.3534742659049001,8.483382381717602
8978704,42.382188460872634,0.7745938346800323,0.1482506103473218,3.558014648335723
8981452,46.955139494481784,0.8078310255700252,0.13381251498396662,3.211500359615199
8983648,95.6561508189679,0.7484664201017462,0.06568511542002876,1.5764427700806904
8983688,45.23079176097477,0.7131278530912213,0.13891389167767637,3.333933400264233
8984249,12.778203042047963,0.7533907812437188,0.49171118086824356,11.801068340837846
8988488,18.68011023429723,0.8601833976915741,0.3363569715795078,8.072567317908186
899832,10.659150181011368,0.7915396302337724,0.5894640004578133,14.14713601098752
8999679,18.545779133780883,0.9167899085902412,0.33879327807451615,8.131038673788387
9001883,20.279840601496954,0.9368659346467465,0.309824195892141,7.4357807014113835
9003162,11.315972894232605,0.2311421883748794,0.555249236270434,13.325981670490416
9003509,46.54629891029461,0.8200775305528091,0.13498786056628745,3.239708653590899
9005186,15.544011465994808,0.6972504522959866,0.4042190345088931,9.701256828213435
9011013,8.687077135166307,0.7660083275143769,0.7232795576022361,17.358709382453664
9014651,19.944492953821,0.6937923143980893,0.3150335945730745,7.5608062697537886
9014689,11.32202368256873,0.7093471735699106,0.5549524964210341,13.318859914104817
9015901,39.318993930833614,0.7982228388504577,0.1598002562891714,3.835206150940114
9017843,23.167510186489395,0.8195212302405774,0.27120675707499003,6.50896216979976
9017927,9.567590230249753,0.6899704672036387,0.6567155528164347,15.761173267594433
9018303,11.093010211517454,0.7312858823444718,0.5664094044244178,13.593825706186028
9020065,39.839406442486265,0.8213402068338166,0.15771282426735547,3.7851077824165316
9022659,12.135477948833747,0.7723317714785862,0.5177534278972027,12.426082269532865
9025455,15.992746719448984,0.8780517576364077,0.39287718472640626,9.42905243343375
9026628,10.591724693933626,0.7135907766587712,0.5932164485712378,14.237194765709706
9038263,18.598415186053057,0.8220844731560093,0.33783444687756753,8.10802672506162
9041967,10.702059006219729,0.75995086999282,0.5871006040546011,14.090414497310427
9043904,44.63502055499049,0.8199745014672023,0.14076806124551194,3.3784334698922867
9049257,18.45831957971223,0.5627059472691972,0.34039855470297053,8.169565312871292
9054729,13.113268882123483,0.7312277681490114,0.4791471420024848,11.499531408059635
9056753,6.313260567205382,0.471088350027604,0.9952361763457026,23.88566823229686
9062695,10.289814220848083,0.7493061714265566,0.6106218413981946,14.65492419355667
9063194,10.912662594934236,0.6911581725198971,0.5757701434016939,13.818483441640652
9064251,37.01568228224411,0.7688510229999708,0.1697438739416007,4.073852974598417
9066234,6.361738971784199,0.6816125061862724,0.9876521710568421,23.70365210536421
9066685,13.45827236866241,0.7004044870459274,0.46686418100810506,11.204740344194521
9068132,13.386464614058166,0.1850216208341113,0.46936853667704953,11.26484488024919
9070238,10.234901433863211,0.6889524390157744,0.6138979791628505,14.733551499908412
9072660,10.99978141097621,0.8322504069294314,0.5712100152199265,13.709040365278238
9072857,44.65126476548333,0.7765654089816373,0.14071684957145184,3.3772043897148443
9073923,8.927640510097822,0.6565853448394825,0.7037901335826457,16.890963205983496
9075982,12.526781069108658,0.7133318692728469,0.5015801962623959,12.037924710297503
9087253,8.353804380696081,0.7312405718356243,0.7521345989018765,18.051230373645037
9093796,18.85655181848039,0.5698693377943161,0.3332096646122618,7.997031950694284
9097272,10.492369550605453,0.748546705528934,0.5988337788595162,14.372010692628388
9099158,9.977718216439584,0.7210321050507863,0.6297216628975575,15.11331990954138
9100435,30.93692999612675,0.697891221079141,0.2030966003403127,4.874318408167505
9101955,10.333910689976282,0.6501751400661568,0.608016219191266,14.592389260590384
9111980,50.51183940987901,0.8002842905229375,0.12439034849225333,2.98536836381408
9117859,42.38572532143323,0.6476811285972176,0.14823823963211413,3.557717751170739
9122839,13.00589607414744,0.7520842074616796,0.483102838232656,11.594468117583745
9122974,53.17428832338729,0.4095891129732028,0.11816209497656963,2.8358902794376712
9129158,6.061319181763095,0.7482155636968105,1.0366036037310207,24.878486489544496
9132182,11.817003288788017,0.48322106390492825,0.5317071641285805,12.760971939085934
913320,2.7192921527413,0.1993069632214674,2.3105959029983407,55.45430167196018
9141213,11.179442523339697,0.7013623083023243,0.5620302885463179,13.488726925111628
9142645,17.66405008774953,0.5769644044401084,0.3557046813141192,8.536912351538861
91437,3.028640347983469,0.5678538442428226,2.074589447823694,49.79014674776866
9153907,12.026887069447588,0.7809360108741692,0.5224282285930022,12.538277486232053
9162236,11.97712560567036,0.7209257970297067,0.5245987655172392,12.59037037241374
9163315,10.653838959009025,0.6957697959666335,0.5897578639356513,14.154188734455632
9171529,11.59231305166185,0.6775975476760893,0.5420130804937882,13.008313931850916
917534,19.232124802713,0.5559918374061563,0.32670260679117696,7.840862562988248
9176715,11.683150593405156,0.6847822448909315,0.5377988802717553,12.907173126522126
918281,20.60977437445577,0.27936354244354766,0.30486434218159664,7.316744212358319
9184719,21.499474888742604,0.745071483818891,0.2922483148864971,7.01395955727593
9185928,58.89815756150345,0.6777057798855772,0.10667880910567484,2.5602914185361962
9192820,10.480775274528265,0.7224130937564901,0.5994962340667485,14.387909617601963
9208280,10.291701745368856,0.7384656818402772,0.6105098517849048,14.652236442837715
9217136,56.22256768759593,0.7204160876850015,0.11175557370649598,2.6821337689559037
921843,42.787154215761795,0.6911056607306975,0.14684746911410637,3.5243392587385527
9223072,12.374380111238652,0.716659234022482,0.5077575806381667,12.186181935316
9225305,54.10039783847698,0.7037475326585335,0.11613935494409423,2.7873445186582617
9227092,14.92243149695693,0.19896420655480382,0.4210564014625157,10.105353635100377
9227464,17.806112146205297,0.4914809495484737,0.35286677156633606,8.468802517592065
9236215,17.821065704805594,0.5469445903517433,0.3525706829914933,8.46169639179584
9238018,20.867393371969694,0.42531711477923295,0.3011006307869544,7.226415138886907
924301,12.380559153882558,0.5843179036197421,0.5075041627024715,12.180099904859315
924405,20.16054987980755,0.17982942645750186,0.3116574371551598,7.4797784917238355
9245099,59.83573960080976,0.6248598962928955,0.1050072306132998,2.5201735347191954
9246950,11.462437769458308,0.7342943987130383,0.5481543658994728,13.155704781587346
9250025,19.29183433640085,0.9318742468878303,0.3256914400993036,7.816594562383287
9250453,10.573621807793714,0.6897026437879671,0.5942320825725308,14.261569981740738
9251983,12.338150398184254,0.628743324794276,0.5092485586903084,12.221965408567401
9255057,20.43193224620206,0.9354524461074665,0.3075179200610124,7.380430081464298
9255284,21.011496236835765,0.9031904378248065,0.2990355963400827,7.176854312161985
9258096,10.676543319850285,0.7148867005656036,0.588503705642033,14.124088935408793
9265911,9.300483585708253,0.6945963348609632,0.6755761944287231,16.213828666289352
9267798,10.047886979988892,0.7518303827930292,0.6253240427258998,15.007777025421596
9272851,78.43785164320205,0.7491231139866297,0.08010399539957477,1.9224958895897946
9273467,11.145252056255933,0.7556749940629667,0.5637544378058975,13.53010650734154
9274750,37.49883745939887,0.8844156935981101,0.1675568026337505,4.021363263210012
9286563,10.644070061322626,0.7779037629718424,0.5902991309697224,14.167179143273337
9287260,39.8143534024185,0.7811776562474119,0.15781206450028443,3.7874895480068265
9288982,11.763396784557356,0.7229253822078392,0.5341301855453833,12.819124453089199
9289212,36.824420970716375,0.46597596837290545,0.17062550181511665,4.0950120435628
9289929,17.595345524171716,0.7886549740317501,0.3570936017453037,8.570246441887289
9290338,2.419940407718251,0.6088638270100523,2.596421501595557,62.31411603829336
9297056,17.272689571339292,0.9022387224593538,0.3637641538817049,8.730339693160918
9298504,28.62360510126644,0.29102518696262436,0.21951062016648593,5.268254883995662
92986,5.60826985141068,0.15908555993266346,1.1203428996197715,26.888229590874516
9299908,16.79306765392052,0.21188320110248682,0.37415351600234337,8.979684384056242
9304586,12.989963527102715,0.7581092006081273,0.4836953771325168,11.608689051180404
9306104,9.349480333806003,0.6758011365483112,0.6720357798348152,16.128858716035566
9306729,16.185333380815194,0.19670776560713932,0.38820240271523687,9.316857665165685
931943,11.790608281141257,0.7254246613150213,0.5328974686767741,12.78953924824258
9321631,10.71344344038897,0.7075524317697535,0.586476732914125,14.075441589939
932204,43.81831421090553,0.7522375719135583,0.1433917625615963,3.4414023014783113
9325665,10.95490358784064,0.7545776311793363,0.5735500323483985,13.765200776361564
9327430,56.1610979455653,0.6458504644067274,0.11187789300824613,2.685069432197907
9328902,121.41962109237248,0.7103957127362487,0.05174769325296711,1.2419446380712107
9329336,19.531983967456505,0.8953021921703037,0.321686999008826,7.720487976211825
9337637,15.749662937215586,0.7229325685764745,0.3989409381157463,9.574582514777912
9339352,45.540387637123544,0.8532561767299203,0.13796951745877695,3.3112684190106467
9340123,13.033423980259645,0.7076642099468218,0.4820824763083028,11.569979431399268
9340554,42.712997215589574,0.7952388826100042,0.14710242120134623,3.5304581088323097
9342307,48.18519176843298,0.6915072498603284,0.13039660270265477,3.1295184648637147
9343463,8.843103999735963,0.162499566656073,0.710518083623939,17.052434006974536
9354080,10.013260181379541,0.7369819382657352,0.6274864722744019,15.059675334585645
9356158,20.383414222963584,0.8741061303943893,0.3082498956480541,7.397997495553298
9357126,18.37560247556567,0.8756589230014944,0.34193084637820376,8.20634031307689
9357148,11.637990049586207,0.6977356602430893,0.539885777561993,12.957258661487831
9362275,9.395960440641193,0.7382117839638141,0.6687113410995601,16.04907218638944
9362756,10.762167077305502,0.7622630801158063,0.5838215725556912,14.01171774133659
9365776,21.663801515464733,0.8546667639417537,0.29003152113881425,6.960756507331542
9375181,42.30190743929465,0.8210541552438405,0.14853196197349425,3.5647670873638617
9376120,39.933430661588126,0.8203374888959082,0.15734148564459222,3.776195655470213
9385020,8.6159715639289,0.8039302866356376,0.7292486123659444,17.501966696782667
9395078,17.824319492541196,0.9137866515826794,0.35250632203988835,8.460151728957321
9397110,10.718529999745307,0.7646077653315755,0.5861984159515239,14.068761982836573
9399448,11.908610497899492,0.7012885480899974,0.5276169968182141,12.662807923637137
9402947,13.332087024905697,0.6509161666637884,0.47128295033192896,11.310790807966296
9405692,12.516409087536866,0.7516454817741423,0.501995841078415,12.04790018588196
9406163,53.29983734430756,0.8718825456855562,0.11788376138169646,2.829210273160715
9407191,32.047580160707504,0.6553901201350845,0.1960580260871988,4.705392626092771
9408031,24.269624779737015,0.6569467541080901,0.25889091257914665,6.2133819018995196
9411366,47.394979831360516,0.7768343081109124,0.1325706927091485,3.181696625019564
9416156,54.90317904191872,0.8757030995530564,0.1144411929659366,2.7465886311824788
9418506,44.76444630853958,0.5874207129475327,0.14036106386467156,3.3686655327521176
9422587,23.080981284596792,0.7739543701901708,0.2722234912677955,6.533363790427092
9431728,51.89983679776808,0.7862508493058613,0.1210636814073718,2.905528353776923
9436763,12.849071795458004,0.7271603154387206,0.48899915941014654,11.735979825843517
943836,18.387305305398794,0.7915993651405492,0.34171322022562745,8.201117285415059
9446597,16.281391134026386,0.8909880602446774,0.3859120670621562,9.26188960949175
9449335,13.207462641511384,0.6885805310676563,0.4757299322150932,11.417518373162237
9452752,11.40111414674559,0.797631026505308,0.5511027454253759,13.22646589020902
9456193,6.326443549921092,0.7071088157834126,0.9931623126958834,23.835895504701202
9462122,56.59765624201812,0.7314550911572909,0.11101493815065344,2.6643585156156826
9471824,35.389565259660806,0.6187869361055703,0.17754344426325988,4.261042662318237
9488722,9.972298997319013,0.8203649347663308,0.6300638708154237,15.12153289957017
9503242,33.79179456277671,0.7754724661431074,0.18593819560269279,4.462516694464627
950554,19.967207277244476,0.8473050444462892,0.31467521821843286,7.552205237242388
9505848,30.38961789745446,0.7786098509082908,0.2067543372338975,4.96210409361354
9507066,10.281317144818148,0.7355906337573381,0.6111264946579683,14.667035871791239
9515908,11.472237229489101,0.731292817951781,0.5476861384132481,13.144467321917954
9517563,12.51614030858468,0.7778150957552171,0.5020066212321078,12.048158909570589
9518436,9.896734196042585,0.7077965749984324,0.6348746144654515,15.236990747170836
9518664,40.07980632935063,0.837504318529932,0.15676685799198536,3.7624045918076487
9520295,12.72556636894288,0.6966544252358231,0.49374504246144085,11.84988101907458
9522694,48.34278555372719,0.6626284586239868,0.12997151974613838,3.119316473907321
95250,20.018518069898978,0.7580618890813072,0.3138686532759562,7.532847678622948
9527336,42.4042273777153,0.8109792507175738,0.1481735594711387,3.5561654273073287
9527360,51.7692674236465,0.6680857139004452,0.12136902104026363,2.912856504966327
9532981,29.515555773234837,0.5212782643003936,0.2128770793087107,5.109049903409057
9535366,56.791136089988456,0.8290381965019061,0.11063672502031933,2.655281400487664
9538011,5.776357959194282,0.7378010560487859,1.0877416793705768,26.10580030489384
9541058,9.468701788296965,0.7600006831179942,0.6635741042077613,15.925778500986272
9542116,25.003917941857146,0.7758268488465991,0.25128803101138747,6.0309127442733
9543313,10.181661353596322,0.7541088453363989,0.6171080621297885,14.810593491114926
9549458,9.561153178357475,0.6826376585626164,0.657157686941167,15.77178448658801
9553573,6.264451211777811,0.8004409601568356,1.0029905405547024,24.071772973312857
9556484,12.041427361690625,0.6726240576862609,0.5217973848490186,12.523137236376446
9558311,33.825018655995244,0.4032098971905462,0.1857555607309602,4.4581334575430445
9563412,15.597177867442806,0.22015073955922218,0.40284116527868574,9.668187966688457
9563770,19.057267468752542,0.9212426593901655,0.3297002215811831,7.912805317948395
9566859,12.668058465482455,0.4117892742161939,0.4959864468813292,11.903674725151902
956738,40.42362140767186,0.7249211361548537,0.1554335086362926,3.7304042072710226
9569331,21.201126654351906,0.6907663283455898,0.2963609156068058,7.112661974563339
9570220,8.687539987757908,0.71252194576118,0.7232410228941184,17.35778454945884
9572253,41.3193122578557,0.6657769156309258,0.1520641308831324,3.649539141195177
9576316,43.76450826159814,0.5943306869033259,0.14356805449800672,3.4456333079521615
9577512,11.799301157238437,0.702261171790959,0.5325048681654407,12.780116835970578
9582553,10.677360441989395,0.8343134797513136,0.588458668349395,14.123008040385479
9587551,10.128252639352032,0.6914397566790333,0.620362221491896,14.888693315805504
9588878,18.99887151378298,0.8936842570399325,0.33071360594345656,7.937126542642957
95910,6.72554844695771,0.181862951508815,0.9342264585160746,22.42143500438579
9592766,9.80608901127346,0.7637239338657322,0.6407432463601128,15.377837912642708
9609092,33.04998538329533,0.6787824743568166,0.19011159110392037,4.562678186494089
961006,6.298300319318924,0.734343178064954,0.9976001442654338,23.94240346237041
9611469,21.922398123984713,0.44183150750465544,0.2866103093121605,6.878647423491852
9614153,15.957619593342473,0.14617183048668222,0.39374201587064617,9.449808380895508
9614952,11.868743015826787,0.6641005013528506,0.5293892789490053,12.705342694776128
9616228,9.314618957995206,0.6799385641511121,0.6745509757848347,16.189223418836033
9616386,21.216132243273478,0.7968967904318432,0.2961513076527723,7.1076313836665355
9617178,8.597064996450687,0.6808072012681684,0.7308523676130877,17.540456822714106
961941,15.94690926336074,0.8428645819072633,0.3940064625322533,9.45615510077408
9619992,18.10609196665327,0.6698820779334427,0.3470205121431828,8.328492291436387
9622119,9.831837686507896,0.7262344064931079,0.6390651989507435,15.337564774817846
9622423,13.530117695426448,0.7065751694444289,0.4643851183425755,11.145242840221812
9630269,9.546362524040878,0.5994361375779867,0.6581758540340847,15.796220496818034
9631937,35.48097949053851,0.8736062564443458,0.17708601615282588,4.2500643876678215
9634233,5.697554590710033,0.7293674102179291,1.1027863282651884,26.466871878364522
9634528,9.864960373608131,0.769937159140731,0.6369194674100346,15.28606721784083
9634901,11.518411934514587,0.7163468868843489,0.5454905887114702,13.091774129075283
9636272,11.858888365125011,0.7988893295388282,0.5298291976217074,12.71590074292098
9636803,12.033620281787211,0.7316108332310063,0.5221359125556868,12.531261901336483
9637880,24.675599794785843,0.7367723576013814,0.2546315128885854,6.111156309326049
9638542,13.77654388560529,0.6476623079013958,0.45607848814278473,10.945883715426834
9638545,12.20523363103878,0.7600823961390136,0.5147943494666909,12.355064387200581
9640488,7.009420177191192,0.670265150302964,0.896391591365176,21.513398192764225
9644871,12.534414966253847,0.682459026393045,0.5012747163785211,12.030593193084506
9651045,17.52550382284409,0.7039727099540148,0.35851667208503296,8.60440013004079
9653449,50.5491687856136,0.7734313599512844,0.12429848913693302,2.9831637392863923
9660440,20.476170117694217,0.8282758712564485,0.306853541021817,7.3644849845236084
966279,12.146577190557228,0.7736783468687661,0.5172803176243055,12.414727622983332
9664926,11.933626303417462,0.7759041852494954,0.5265109822804033,12.636263574729679
9668793,36.306459472738915,0.8159088046798052,0.17305970889002223,4.153433013360534
9669369,11.638200616855057,0.7514567389761192,0.539876009533634,12.957024228807217
9671771,7.365928490116023,0.8227039006158474,0.8530065579119704,20.47215738988729
967924,9.7668185969328,0.7334367475588035,0.6433195461573101,15.439669107775444
9679668,39.71179326451642,0.5140930899609768,0.15821963176852516,3.797271162444604
9681652,9.954184528935496,0.6678938878240185,0.6312104511339125,15.1490508272139
9686014,37.04213872004528,0.8690120629977031,0.1696226385486606,4.070943325167855
9686488,20.341097557816052,0.2727351721915832,0.3088911642707931,7.4133879424990345
968962,10.84559259417315,0.6666900748667685,0.5793307514201907,13.903938034084579
969277,9.083917340226511,0.7300121208388116,0.6916823515506485,16.600376437215566
9695153,39.85629080128448,0.7822682828259042,0.15764601223195343,3.7835042935668826
9697469,48.7085743362689,0.6082473204677616,0.12899546728266817,3.095891214784036
9702790,11.994671550912539,0.1559359692302154,0.5238313763332327,12.571953031997586
970326,10.609409483766283,0.7635070740996228,0.5922276180209315,14.213462832502355
9705621,10.2892701772322,0.7302322838111704,0.6106541279363853,14.655699070473247
971621,3.2560298065914264,0.7610243356451025,1.9297075519579276,46.31298124699026
9720957,10.71720729850232,0.7349964463693468,0.5862707636585169,14.070498327804406
9727347,43.430790833155484,0.6594603791715083,0.14467121566625818,3.4721091759901963
9733104,50.87117233171946,0.7133295175360593,0.12351170651638123,2.9642809563931496
9742111,10.618541577832001,0.6069046433093276,0.591718293997812,14.201239055947486
9742353,40.90696596212276,0.848931866871177,0.1535969524847532,3.6863268596340766
9747095,11.458258505405844,0.7640505420166427,0.5483542987108615,13.160503169060675
975044,12.586440249884935,0.7338859903390004,0.4992027278909958,11.980865469383899
9756199,19.105747443564546,0.7672339822315825,0.32886362209796577,7.892726930351179
9760759,19.714474190375114,0.6624038446212358,0.3187092512082887,7.649022028998928
9761394,11.061646031420514,0.7191070344805875,0.5680154010833696,13.63236962600087
9763096,10.459993746229067,0.7810490874214358,0.600687290988557,14.416494983725368
9764991,39.621729396746254,0.8935361413193335,0.15857927967413665,3.8059027121792797
9766669,56.86256392727309,0.7160185368878821,0.1104977488390384,2.6519459721369216
976746,10.12311090506375,0.7369285851736197,0.6206773161041466,14.896255586499517
9767520,14.841460772664714,0.6389470010949189,0.42335356360285487,10.160485526468516
977101,31.327501582534843,0.14426223267350707,0.20056451966416872,4.813548471940049
9785761,18.426794974001087,0.7645598433180848,0.34098090937923387,8.183541825101614
9786395,22.854247840699934,0.46758979978982895,0.27492417825233306,6.5981802780559935
9786643,45.43533816498487,0.8744525247128675,0.13828851200279557,3.3189242880670937
9788296,10.991420640543806,0.6152778232651058,0.5716445137221791,13.719468329332297
9790684,108.16084743716345,0.7156281190854179,0.058091124987069205,1.394186999689661
9798466,63.76608340538696,0.6079562405769882,0.09853491027878909,2.3648378466909383
9801733,37.61966685125435,0.7850156966309416,0.16701863235586006,4.008447176540642
9804047,51.62964774904475,0.7663894002189213,0.12169723368480347,2.9207336084352833
9805921,99.44169806411293,0.7706503301216786,0.06318461399491224,1.5164307358778937
9809715,12.254137804352798,0.7354663220389125,0.5127398930463907,12.305757433113376
9814275,9.823121422314275,0.7026989177620666,0.639632255069825,15.3511741216758
9818617,10.036165368293947,0.6877010665662953,0.626054381988294,15.025305167719056
9818678,32.948518446867254,0.8832673488907821,0.19069705113787874,4.57672922730909
9820050,11.334097838933141,0.7670914867865983,0.5543613083695607,13.304671400869456
9822987,8.556424793633903,0.7829141184562309,0.7343236759182833,17.623768222038798
9824595,11.70677251720336,0.7168973925221832,0.5367137097732365,12.881129034557677
9824609,10.663326279001694,0.7331293515193608,0.5892331475922746,14.141595542214592
9826414,6.697221565298612,0.32116413223351375,0.9381779064523804,22.51626975485713
9827581,10.670706602624852,0.5959148218268683,0.5888256083841726,14.131814601220142
9828200,10.075111439335904,0.7453515451818259,0.6236343235518335,14.967223765244004
9831726,8.939807516877432,0.6966755688008002,0.702832280820094,16.867974739682253
9837069,51.383428046467685,0.7923862893421368,0.12228038389142702,2.9347292133942484
9837314,27.10326820086944,0.7081968417786537,0.231823898897109,5.563773573530616
9838775,17.094895342482292,0.7636768280009464,0.3675474567876018,8.821138962902443
9838906,9.645634936853828,0.6170991492867949,0.6514019396662973,15.633646551991136
9840932,10.66093487500575,0.6983341284919277,0.589365321226221,14.144767709429303
9843137,14.053707235793764,0.8020406586935983,0.4470838335935142,10.73001200624434
9843537,55.29284619146373,0.7693313944652911,0.11363468766687583,2.72723250400502
9848891,21.736482328161852,0.9362311246969677,0.2890617355798676,6.937481653916822
9852554,9.646444624140345,0.6799270228861136,0.651347263369536,15.632334320868864
9854277,12.003434926596164,0.5476256103558494,0.5234489415407129,12.562774596977109
9854852,15.69610128408396,0.7732479038839793,0.40030229121615146,9.607254989187634
9855123,11.91085864949317,0.7808780824636328,0.527517410127854,12.660417843068497
985609,55.51114565275873,0.700110099763744,0.11318781540707279,2.716507569769747
9856232,10.034708919962652,0.6459450682035701,0.626145248187525,15.027485956500602
9869345,10.145649703571506,0.7568614664437688,0.6192984669052548,14.863163205726115
9869829,37.64666173957736,0.7003323800554233,0.16689887009487933,4.005572882277104
9869879,9.94969810599295,0.6385179905725807,0.6314950705283278,15.155881692679866
9873464,15.809716950251174,0.774205198116691,0.39742554069443753,9.5382129766665
9887899,9.648048038156459,0.6715561629241381,0.6512390156361796,15.62973637526831
9890993,12.196888656340077,0.7528479852923037,0.5151465659984948,12.363517583963876
9894898,7.804406193966099,0.6002241782625566,0.8050817898275682,19.321962955861636
989567,19.869251362210107,0.7007692228410947,0.31622657505504986,7.589437801321196
9902637,40.17351111115552,0.812470825980744,0.1564011990337297,3.7536287768095127
9902993,9.681364850465538,0.7420858575137578,0.6489978845159887,15.57594922838373
9905603,11.921092109210921,0.7261314186068137,0.5270645717370841,12.649549721690018
991055,18.092776273066143,0.7365995119724387,0.34727590792868346,8.334621790288402
9911195,11.315630523107345,0.7205899469819497,0.5552660361567004,13.326384867760812
9912772,3.0240729029935034,0.735344865734211,2.0777228290230423,49.86534789655302
9917580,36.42984097867635,0.759553778573608,0.172473585895073,4.139366061481752
9918809,13.10419463457103,0.6820866240213015,0.4794789365081243,11.507494476194983
9919375,31.874642179225575,0.7110737560725595,0.19712175188823539,4.73092204531765
9920704,16.255989585007747,0.5990400566120216,0.3865150918264809,9.276362203835543
9923943,12.75820957426014,0.7105936467323274,0.4924817444491582,11.819561866779797
9928795,32.573205405609755,0.7974508289485249,0.19289428930741634,4.629462943377992
993105,7.906474241140546,0.6605366429537557,0.7946886457285425,19.07252749748502
9943088,71.43806394002277,0.6602155702686975,0.08795290578499941,2.1108697388399857
9960793,35.07242656461567,0.7818250837489512,0.17914886201568525,4.299572688376446
9961135,10.633309704075154,0.6665157615276498,0.5908964830368472,14.181515592884331
9964640,19.74032543063427,0.8397826300626531,0.31829188071180153,7.639005137083236
9968431,20.786926316979574,0.6741748080446764,0.30226620383251346,7.254388891980323
9971811,9.985847657607136,0.7145713334349114,0.6292090088509519,15.101016212422845
9972307,4.19640688375552,0.6225076371735527,1.4972774283404404,35.93465828017057
9979905,18.548743158538063,0.8517681047145773,0.3387391400849394,8.129739362038546
9980782,20.116562815732063,0.8881318218760981,0.31233891021709986,7.496133845210396
9983476,14.151905563296546,0.7780323052272825,0.44398157400620614,10.655557776148948
9983939,14.022473349250347,0.7440853952675697,0.44807967543867644,10.753912210528235
9984569,18.01676699849303,0.4803843205214469,0.34874099818825033,8.369783956518008
9987252,11.330310297429772,0.7077941770767797,0.5545466224879029,13.30911893970967
999528,9.542873132417812,0.6430430860820333,0.6584165187982185,15.801996451157244
